<?xml version="1.0" encoding="UTF-8"?>
<COLLADA xmlns="http://www.collada.org/2005/11/COLLADASchema" version="1.4.1">
    <asset>
        <contributor>
            <author>VCGLab</author>
            <authoring_tool>VCGLib | MeshLab</authoring_tool>
        </contributor>
        <created>Thu Jul 3 02:00:40 2025 GMT</created>
        <modified>Thu Jul 3 02:00:40 2025 GMT</modified>
        <up_axis>Y_UP</up_axis>
    </asset>
    <library_images>
        <image id="texture0" name="texture0">
            <init_from>./image/shelf_items.png</init_from>
        </image>
    </library_images>
    <library_materials>
        <material id="material0" name="material0">
            <instance_effect url="#material0-fx"/>
        </material>
    </library_materials>
    <library_effects>
        <effect id="material0-fx">
            <profile_COMMON>
                <newparam sid="texture0-surface">
                    <surface type="2D">
                        <init_from>texture0</init_from>
                        <format>R8G8B8</format>
                    </surface>
                </newparam>
                <newparam sid="texture0-sampler">
                    <sampler2D>
                        <source>texture0-surface</source>
                        <minfilter>LINEAR</minfilter>
                        <magfilter>LINEAR</magfilter>
                    </sampler2D>
                </newparam>
                <technique sid="common">
                    <blinn>
                        <diffuse>
                            <texture texture="texture0-sampler" texcoord="UVSET0"/>
                        </diffuse>
                    </blinn>
                </technique>
            </profile_COMMON>
        </effect>
    </library_effects>
    <library_geometries>
        <geometry id="shape0-lib" name="shape0">
            <mesh>
                <source id="shape0-lib-positions" name="position">
                    <float_array id="shape0-lib-positions-array" count="1104">-0.0526404 -0.001818 0.0405993 0.0709768 -0.000730408 0.0240089 0.00618496 -0.000491251 -0.0732417 -0.0177861 0.0169542 -0.131787 -0.0680314 0.0153404 -0.110863 -0.0914412 0.017 -0.0934412 -0.122161 0.0169865 -0.0485851 -0.129064 0.0153078 0.00849591 -0.126009 0.017 0.0355679 -0.112666 0.017 0.06778 -0.0914412 0.017 0.0954412 -0.0465852 0.0169865 0.126161 0.00300002 0.017 0.13456 0.0375679 0.017 0.130009 0.0740304 0.0153404 0.112864 0.0974412 0.017 0.0954412 0.128161 0.0169865 0.0505851 0.135064 0.0153078 -0.00649589 0.132009 0.017 -0.0335679 0.118666 0.017 -0.06578 0.0974412 0.017 -0.0934412 0.0525189 0.0171003 -0.124183 0.00300002 0.00999999 -0.13256 -0.0424672 0.00992319 -0.125344 -0.0993356 0.00991978 -0.085916 -0.129032 0.00991527 -0.0232963 -0.12344 0.00991447 0.0461053 -0.0914412 0.00999999 0.0954412 -0.0541135 0.00992056 0.122512 0.00300002 0.00999999 0.13456 0.0484674 0.00992319 0.127344 0.105336 0.00991978 0.0879161 0.135032 0.00991527 0.0252963 0.12944 0.00991447 -0.0441052 0.0974412 0.00999999 -0.0934412 0.0601131 0.00992057 -0.120512 0.04833 0.012482 -0.101378 -0.0314096 0.00816319 0.0743701 -0.0526405 0.011182 0.0405993 0.0709772 0.0122696 0.0240087 0.00618453 0.0125087 -0.0732417 -0.0177862 0.0299542 -0.131787 -0.0680308 0.0283404 -0.110864 -0.0914412 0.03 -0.0934412 -0.122161 0.0299865 -0.0485851 -0.129064 0.0283078 0.00849577 -0.126009 0.03 0.0355679 -0.112666 0.03 0.06778 -0.0914412 0.03 0.0954412 -0.06378 0.03 0.116666 -0.0315678 0.03 0.130009 0.00300002 0.03 0.13456 0.0375679 0.03 0.130009 0.0740305 0.0283404 0.112864 0.0974412 0.03 0.0954412 0.128161 0.0299865 0.0505851 0.135064 0.0283078 -0.00649597 0.132009 0.03 -0.0335679 0.118666 0.03 -0.06578 0.0974412 0.03 -0.0934412 0.052519 0.0301003 -0.124183 0.00300002 0.023 -0.13256 -0.0424674 0.0229232 -0.125344 -0.0993355 0.0229198 -0.0859161 -0.129032 0.0229153 -0.0232963 -0.12344 0.0229145 0.0461052 -0.0914412 0.023 0.0954412 -0.0541135 0.0229206 0.122512 0.00300002 0.023 0.13456 0.0484672 0.0229232 0.127344 0.105335 0.0229198 0.0879162 0.135032 0.0229153 0.0252964 0.12944 0.0229145 -0.0441053 0.0974412 0.023 -0.0934412 0.060113 0.0229206 -0.120512 0.04833 0.025482 -0.101378 -0.0314095 0.0211632 0.07437 -0.0546403 0.024182 0.0405993 0.0689771 0.0252696 0.0240088 0.00418451 0.0255087 -0.0732417 -0.0197863 0.0429542 -0.131787 -0.0700303 0.0413404 -0.110864 -0.0934412 0.043 -0.0934412 -0.124161 0.0429865 -0.048585 -0.131064 0.0413078 0.00849584 -0.128009 0.043 0.0355679 -0.114666 0.043 0.06778 -0.0934412 0.043 0.0954412 -0.0485851 0.0429865 0.126161 0.00100001 0.043 0.13456 0.0355679 0.043 0.130009 0.0720305 0.0413404 0.112864 0.0954412 0.043 0.0954412 0.126161 0.0429865 0.0505851 0.133064 0.0413078 -0.00649574 0.130009 0.043 -0.0335679 0.116666 0.043 -0.06578 0.0954412 0.043 -0.0934412 0.0505189 0.0431003 -0.124183 0.00100001 0.036 -0.13256 -0.0444672 0.0359232 -0.125344 -0.101336 0.0359198 -0.085916 -0.131032 0.0359153 -0.0232963 -0.12544 0.0359145 0.0461053 -0.0934412 0.036 0.0954412 -0.056113 0.0359206 0.122512 0.00100001 0.036 0.13456 0.0464673 0.0359232 0.127344 0.103336 0.0359198 0.087916 0.133032 0.0359153 0.0252963 0.12744 0.0359145 -0.0441053 0.0954412 0.036 -0.0934412 0.0581134 0.0359206 -0.120512 0.04633 0.038482 -0.101378 -0.0334103 0.0341632 0.0743697 0.0223591 0.0384816 -0.0710443 -0.0669896 0.0386785 -0.0221386 -0.0203597 0.0384799 0.0707762 0.0689896 0.0386785 0.0221386 -0.0197863 0.0559542 -0.132787 -0.0700314 0.0543404 -0.111863 -0.0934412 0.056 -0.0944412 -0.124161 0.0559865 -0.0495851 -0.131064 0.0543078 0.00749618 -0.128009 0.056 0.0345679 -0.114666 0.056 0.06678 -0.0934412 0.056 0.0944412 -0.06578 0.056 0.115666 -0.0335679 0.056 0.129009 0.00100001 0.056 0.13356 0.0355679 0.056 0.129009 0.0720304 0.0543404 0.111864 0.0954412 0.056 0.0944412 0.126161 0.0559865 0.0495852 0.133064 0.0543078 -0.00749581 0.130009 0.056 -0.0345679 0.116666 0.056 -0.06678 0.0954412 0.056 -0.0944412 0.050519 0.0561003 -0.125183 0.00100001 0.049 -0.13356 -0.0444673 0.0489232 -0.126344 -0.101336 0.0489198 -0.086916 -0.131032 0.0489153 -0.0242963 -0.12544 0.0489145 0.0451053 -0.0934412 0.049 0.0944412 -0.0561135 0.0489206 0.121512 0.00100001 0.049 0.13356 0.0464674 0.0489232 0.126344 0.103336 0.0489198 0.0869161 0.133032 0.0489153 0.0242963 0.12744 0.0489145 -0.0451052 0.0954412 0.049 -0.0944412 0.0581131 0.0489206 -0.121512 0.04633 0.051482 -0.102378 -0.0334097 0.0471632 0.0733699 0.0243584 0.0514816 -0.0710444 -0.0649896 0.0516786 -0.0221387 -0.0183599 0.0514799 0.0707763 0.0709893 0.0516785 0.0221387 -0.0177861 0.0689542 -0.132787 -0.0680308 0.0673404 -0.111864 -0.0914412 0.069 -0.0944412 -0.122161 0.0689865 -0.0495851 -0.129064 0.0673079 0.00749573 -0.126009 0.069 0.0345679 -0.112666 0.069 0.06678 -0.0914412 0.069 0.0944412 -0.0465852 0.0689865 0.125161 0.00300002 0.069 0.13356 0.0375679 0.069 0.129009 0.0740304 0.0673404 0.111864 0.0974412 0.069 0.0944412 0.128161 0.0689865 0.0495851 0.135064 0.0673079 -0.00749586 0.132009 0.069 -0.0345679 0.118666 0.069 -0.06678 0.0974412 0.069 -0.0944412 0.052519 0.0691003 -0.125183 0.00300002 0.062 -0.13356 -0.0424673 0.0619232 -0.126344 -0.0993355 0.0619198 -0.0869162 -0.129032 0.0619153 -0.0242964 -0.12344 0.0619145 0.0451053 -0.0914412 0.062 0.0944412 -0.0541133 0.0619206 0.121512 0.00300002 0.062 0.13356 0.048467 0.0619232 0.126344 0.105335 0.0619198 0.0869163 0.135032 0.0619153 0.0242964 0.12944 0.0619145 -0.0451054 0.0974412 0.062 -0.0944412 0.0601132 0.0619206 -0.121512 0.0483298 0.0644821 -0.102378 -0.0314092 0.0601633 0.0733691 -0.0238997 0.0648778 -0.0655538 -0.065099 0.0640439 0.0257012 0.0272689 0.0648702 0.0681536 0.0690987 0.0640438 -0.0237009 -0.0187861 0.0819542 -0.131787 -0.0690305 0.0803404 -0.110864 -0.0924411 0.082 -0.0934412 -0.123161 0.0819865 -0.0485852 -0.130064 0.0803079 0.00849605 -0.127009 0.082 0.0355679 -0.113666 0.082 0.06778 -0.0924411 0.082 0.0954412 -0.0475853 0.0819865 0.126161 0.00200003 0.082 0.13456 0.0365679 0.082 0.130009 0.0730309 0.0803404 0.112864 0.0964412 0.082 0.0954412 0.117666 0.082 0.06778 0.131009 0.082 0.0355679 0.134064 0.0803079 -0.00649523 0.125574 0.0819866 -0.0524194 0.0964412 0.082 -0.0934412 0.0515189 0.0821003 -0.124183 0.00200003 0.075 -0.13256 -0.0434674 0.0749232 -0.125344 -0.100336 0.0749198 -0.085916 -0.130032 0.0749153 -0.0232964 -0.12444 0.0749145 0.0461054 -0.0924411 0.075 0.0954412 -0.0551137 0.0749206 0.122512 0.00200003 0.075 0.13456 0.0474673 0.0749232 0.127344 0.104336 0.0749198 0.0879161 0.134032 0.0749153 0.0252961 0.12844 0.0749145 -0.0441052 0.0964412 0.075 -0.0934412 0.059113 0.0749206 -0.120512 0.0473308 0.0774821 -0.101378 -0.03241 0.0731633 0.0743689 -0.05264 0.0761819 0.0405995 0.0709772 0.0772695 0.0240086 0.0061841 0.0775086 -0.0732417 -0.0177862 0.0949541 -0.131787 -0.0680304 0.0933403 -0.110864 -0.0914412 0.0949999 -0.0934412 -0.122161 0.0949864 -0.0485851 -0.129064 0.0933078 0.00849573 -0.126009 0.0949999 0.0355679 -0.112666 0.0949999 0.06778 -0.0914412 0.0949999 0.0954412 -0.0465852 0.0949864 0.126161 0.00300002 0.0949999 0.13456 0.0375679 0.0949999 0.130009 0.0740305 0.0933403 0.112864 0.0974412 0.0949999 0.0954412 0.128161 0.0949864 0.0505851 0.135064 0.0933078 -0.00649582 0.132009 0.0949999 -0.0335679 0.118666 0.0949999 -0.06578 0.0974412 0.0949999 -0.0934412 0.052519 0.0951002 -0.124183 0.00300002 0.0879999 -0.13256 -0.0424672 0.0879231 -0.125344 -0.0993354 0.0879197 -0.0859162 -0.129032 0.0879152 -0.0232964 -0.12344 0.0879144 0.0461053 -0.0914412 0.0879999 0.0954412 -0.0541132 0.0879205 0.122512 0.00300002 0.0879999 0.13456 0.048467 0.0879231 0.127344 0.105335 0.0879197 0.0879163 0.135032 0.0879152 0.0252964 0.12944 0.0879144 -0.0441054 0.0974412 0.0879999 -0.0934412 0.0601132 0.0879205 -0.120512 0.0483299 0.090482 -0.101378 -0.0314096 0.0861632 0.0743691 0.0223585 0.0904816 -0.0720444 -0.0669897 0.0906786 -0.0231387 -0.0203596 0.0904799 0.0697762 0.0689898 0.0906786 0.0211385 -0.0197863 0.107954 -0.133787 -0.0700303 0.10634 -0.112864 -0.0934412 0.108 -0.0954412 -0.124161 0.107987 -0.0505851 -0.131064 0.106308 0.00649583 -0.122574 0.107987 0.0524193 -0.0934412 0.108 0.0934412 -0.0485851 0.107987 0.124161 0.00100001 0.108 0.13256 0.0355679 0.108 0.128009 0.0720311 0.10634 0.110864 0.0954412 0.108 0.0934412 0.116666 0.108 0.06578 0.130009 0.108 0.0335679 0.133064 0.106308 -0.00849579 0.124574 0.107987 -0.0544194 0.0954412 0.108 -0.0954412 0.050519 0.1081 -0.126183 0.00100001 0.101 -0.13456 -0.044467 0.100923 -0.127344 -0.101335 0.10092 -0.0879163 -0.131032 0.100915 -0.0252963 -0.12544 0.100914 0.0441053 -0.0934412 0.101 0.0934412 -0.0561135 0.100921 0.120512 0.00100001 0.101 0.13256 0.0464672 0.100923 0.125344 0.103335 0.10092 0.0859162 0.133032 0.100915 0.0232964 0.12744 0.100914 -0.0461053 0.0954412 0.101 -0.0954412 0.0581131 0.100921 -0.122512 0.0463309 0.103482 -0.103378 -0.0334103 0.0991632 0.0723697 -0.0385667 0.103636 -0.0560043 -0.065216 0.103572 0.00747483 -0.0238521 0.103636 0.0624998 0.0445662 0.103636 0.0540041 0.071216 0.103572 -0.00947476 0.0296567 0.103606 -0.0647129 -0.00571739 0.11987 -0.132695 -0.0315678 0.121 -0.130009 -0.0962863 0.11987 -0.0879583 -0.112666 0.121 -0.06778 -0.13056 0.121 -0.001 -0.126009 0.121 0.0335679 -0.112666 0.121 0.06578 -0.0914412 0.121 0.0934412 -0.0315678 0.121 0.128009 0.00300002 0.121 0.13256 0.0375679 0.121 0.128009 0.06978 0.121 0.114666 0.102286 0.11987 0.0859582 0.118666 0.121 0.06578 0.132009 0.121 0.0335679 0.13656 0.121 -0.001 0.132009 0.121 -0.0355679 0.118666 0.121 -0.06778 0.0974412 0.121 -0.0954412 0.06978 0.121 -0.116666 0.0375679 0.121 -0.130009 0.00300002 0.114 -0.13456 -0.0315678 0.114 -0.130009 -0.06378 0.114 -0.116666 -0.0914412 0.114 -0.0954412 -0.112666 0.114 -0.06778 -0.126009 0.114 -0.0355679 -0.13056 0.114 -0.001 -0.126009 0.114 0.0335679 -0.112666 0.114 0.06578 -0.0914412 0.114 0.0934412 -0.06378 0.114 0.114666 -0.0315678 0.114 0.128009 0.00300002 0.114 0.13256 0.0375679 0.114 0.128009 0.06978 0.114 0.114666 0.0974412 0.114 0.0934412 0.118666 0.114 0.06578 0.132009 0.114 0.0335679 0.13656 0.114 -0.001 0.132009 0.114 -0.0355679 0.118666 0.114 -0.06778 0.0974412 0.114 -0.0954412 0.06978 0.114 -0.116666 0.0375679 0.114 -0.130009 -0.0639305 0.120242 -0.115695 -0.125429 0.120242 -0.0347748 -0.0974969 0.115987 0.0395951 -0.062864 0.120242 0.114311 0.016202 0.115987 0.10658 0.110579 0.115987 -0.0142016 0.0584426 0.116461 -0.0958214 0.00300002 0.112 -0.000999999</float_array>
                    <technique_common>
                        <accessor count="368" source="#shape0-lib-positions-array" stride="3">
                            <param name="X" type="float"/>
                            <param name="Y" type="float"/>
                            <param name="Z" type="float"/>
                        </accessor>
                    </technique_common>
                </source>
                <source id="shape0-lib-normals" name="normal">
                    <float_array id="shape0-lib-normals-array" count="2100">-0.025757 -0.984627 -0.172762 -0.147077 -0.336186 -0.93024 -0.348313 0.49087 -0.798576 -0.083184 -0.989275 -0.120066 -0.51123 -0.441441 -0.737411 -0.5961 -0.169491 -0.784817 -0.0910412 -0.99412 -0.0586298 -0.785962 0.304338 -0.538184 -0.109124 -0.992676 -0.0518216 -0.755939 -0.547734 -0.358529 -0.853219 0.514065 -0.0880594 -0.162481 -0.986625 0.0130804 -0.898813 -0.43231 0.0724169 -0.977236 -0.174153 0.121165 -0.89955 0.227963 0.372615 -0.154891 -0.982635 0.102164 -0.781145 -0.36399 0.507271 -0.793359 0 0.608755 -0.103106 -0.98487 0.139283 -0.587083 0 0.809527 -0.556475 0.173186 0.812614 -0.0284308 -0.989559 0.141298 -0.198091 -0.274884 0.94085 -0.167 0 0.985957 0.0165905 -0.993216 0.115098 0.156755 0 0.987637 0.128631 -0.169884 0.977033 0.0231748 -0.993933 0.107521 0.415189 0.318498 0.85216 0.0832211 -0.989265 0.120119 0.511235 -0.441423 0.737417 0.596096 -0.169494 0.784819 0.785963 0.304335 0.538184 0.161958 -0.983799 0.0768766 0.755939 -0.547735 0.35853 0.853217 0.514068 0.0880577 0.164192 -0.98634 -0.0132182 0.898818 -0.432299 -0.0724168 0.977236 -0.174155 -0.121162 0.89955 0.227964 -0.372615 0.0994782 -0.992832 -0.0662412 0.100146 -0.992566 -0.0691619 0.781145 -0.36399 -0.507271 0.793359 0 -0.608754 0.0876173 -0.989151 -0.117914 0.587081 0 -0.809528 0.556487 0.173131 -0.812618 0.0357398 -0.983757 -0.17591 0.198276 -0.271762 -0.941718 0.097997 0.394492 -0.913659 -0.0230591 0.980658 0.194365 0.0151856 0.993468 0.113095 0.142854 0.984867 0.0981312 0.0743682 0.996495 0.0382989 0.202369 0.975715 -0.083826 0.11475 0.989485 -0.0880489 0.11269 0.991848 -0.0594811 0.0960143 0.985519 -0.139762 0.0268703 0.986715 -0.160226 -0.0175394 0.990931 -0.133223 -0.0181154 0.990668 -0.135089 -0.142847 0.984869 -0.0981266 -0.0743674 0.996495 -0.038299 -0.202368 0.975715 0.0838256 -0.104111 0.991352 0.0798859 -0.0909781 0.994412 0.0535489 -0.11837 0.977218 0.176161 0.0217391 0.999171 0.0344166 0.0541609 0.998141 0.0279667 -0.0571582 0.997929 -0.0294996 -0.0397066 0.99919 0.00653824 -0.0257572 -0.984627 -0.172762 -0.147078 -0.336188 -0.93024 -0.348313 0.490867 -0.798579 -0.0831843 -0.989275 -0.120066 -0.511233 -0.441431 -0.737415 -0.596098 -0.169492 -0.784818 -0.0910417 -0.99412 -0.0586297 -0.785963 0.304336 -0.538184 -0.109124 -0.992676 -0.0518217 -0.755938 -0.547736 -0.358529 -0.85322 0.514063 -0.0880601 -0.162481 -0.986625 0.0130803 -0.898812 -0.432311 0.0724163 -0.977236 -0.174151 0.121165 -0.89955 0.227964 0.372615 -0.154892 -0.982635 0.102164 -0.781145 -0.363991 0.50727 -0.793359 0 0.608755 -0.103107 -0.98487 0.139284 -0.587083 0 0.809527 -0.59953 -0.173425 0.781337 -0.372093 0.233703 0.898293 -0.0284308 -0.989559 0.141298 -0.192436 -0.355692 0.914577 -0.130528 0 0.991445 0.0165903 -0.993216 0.115098 0.156755 0 0.987638 0.128631 -0.169881 0.977034 0.023175 -0.993933 0.10752 0.415189 0.318495 0.852161 0.0832209 -0.989265 0.120119 0.511232 -0.44143 0.737415 0.596097 -0.169493 0.784819 0.785963 0.304335 0.538184 0.161959 -0.983798 0.0768769 0.755938 -0.547736 0.358529 0.853218 0.514067 0.0880578 0.164192 -0.98634 -0.0132182 0.898816 -0.432303 -0.0724164 0.977235 -0.174156 -0.121163 0.89955 0.227964 -0.372615 0.0994779 -0.992832 -0.0662411 0.100146 -0.992566 -0.0691624 0.781145 -0.36399 -0.507271 0.793359 0 -0.608755 0.0876171 -0.989151 -0.117913 0.587081 0 -0.809528 0.556488 0.173129 -0.812618 0.0357397 -0.983757 -0.17591 0.198276 -0.271761 -0.941718 0.0979969 0.394495 -0.913658 -0.0230591 0.980658 0.194365 0.0151853 0.993468 0.113096 0.142849 0.984868 0.0981283 0.0743676 0.996495 0.0382989 0.202368 0.975715 -0.0838255 0.11475 0.989485 -0.0880488 0.11269 0.991848 -0.0594809 0.0996386 0.986514 -0.129854 0.0647633 0.985576 -0.156349 0.0206392 0.98742 -0.156768 -0.0175393 0.990931 -0.133223 -0.0181156 0.990668 -0.135089 -0.142848 0.984868 -0.0981271 -0.0743673 0.996495 -0.0382989 -0.202369 0.975715 0.0838258 -0.104111 0.991352 0.0798857 -0.090978 0.994412 0.0535489 -0.11837 0.977218 0.176161 0.0217391 0.999171 0.0344167 0.0541609 0.998141 0.0279669 -0.0571583 0.997929 -0.0294996 -0.0397066 0.99919 0.0065384 -0.0257569 -0.984627 -0.172762 -0.147077 -0.336187 -0.93024 -0.348314 0.490861 -0.798582 -0.0831843 -0.989275 -0.120066 -0.511233 -0.441429 -0.737415 -0.596096 -0.169497 -0.784819 -0.0910417 -0.99412 -0.0586297 -0.785963 0.304338 -0.538183 -0.109124 -0.992676 -0.0518217 -0.755939 -0.547734 -0.35853 -0.853218 0.514066 -0.0880579 -0.162481 -0.986625 0.0130803 -0.898817 -0.432301 0.0724169 -0.977235 -0.174156 0.121163 -0.89955 0.227964 0.372615 -0.154891 -0.982635 0.102164 -0.781145 -0.36399 0.507271 -0.793359 0 0.608754 -0.103106 -0.98487 0.139284 -0.587081 0 0.809528 -0.556476 0.173178 0.812615 -0.0284304 -0.989559 0.141298 -0.198089 -0.27487 0.940855 -0.167 0 0.985957 0.0165904 -0.993216 0.115098 0.156755 0 0.987638 0.128631 -0.16988 0.977034 0.023175 -0.993933 0.107521 0.415189 0.318496 0.852161 0.0832212 -0.989265 0.120119 0.511233 -0.441431 0.737414 0.596097 -0.169496 0.784818 0.785962 0.304339 0.538183 0.161959 -0.983799 0.0768767 0.75594 -0.547733 0.358529 0.85322 0.514063 0.0880603 0.164192 -0.98634 -0.0132183 0.898811 -0.432313 -0.0724169 0.977236 -0.174154 -0.121166 0.89955 0.227963 -0.372615 0.0994778 -0.992832 -0.066241 0.100146 -0.992566 -0.0691623 0.781145 -0.36399 -0.507271 0.793359 0 -0.608754 0.0876171 -0.989151 -0.117913 0.587083 0 -0.809527 0.556486 0.173139 -0.812617 0.03574 -0.983757 -0.17591 0.198277 -0.271775 -0.941714 0.0979965 0.394495 -0.913658 -0.023059 0.980658 0.194366 0.015185 0.993468 0.113096 0.142846 0.984869 0.0981261 0.0743674 0.996495 0.038299 0.202368 0.975715 -0.0838255 0.11475 0.989485 -0.0880493 0.11269 0.991848 -0.0594813 0.0960145 0.985519 -0.139763 0.0268701 0.986715 -0.160226 -0.0175394 0.990931 -0.133223 -0.0181152 0.990668 -0.135088 -0.142847 0.984868 -0.0981268 -0.0743675 0.996495 -0.038299 -0.202368 0.975715 0.0838255 -0.104111 0.991352 0.0798857 -0.0909779 0.994412 0.0535486 -0.118371 0.977218 0.176161 0.021739 0.999171 0.0344168 0.0541611 0.998141 0.0279671 -0.0571579 0.997929 -0.0294994 -0.0397066 0.99919 0.00653822 -0.0234235 -0.987147 -0.158086 -0.147077 -0.336187 -0.93024 -0.348314 0.49087 -0.798576 -0.0793242 -0.990251 -0.114499 -0.0630115 -0.991807 -0.111126 -0.51123 -0.44144 -0.737411 -0.5961 -0.169491 -0.784817 -0.785962 0.304338 -0.538183 -0.154994 -0.985172 -0.0735741 -0.755939 -0.547734 -0.358529 -0.853218 0.514066 -0.0880587 -0.158245 -0.987318 0.0127391 -0.898812 -0.432312 0.0724165 -0.977236 -0.174151 0.121166 -0.111712 -0.992276 0.0539418 -0.89955 0.227964 0.372615 -0.117321 -0.990041 0.0778091 -0.781145 -0.36399 0.507271 -0.793359 0 0.608754 -0.098784 -0.986138 0.13332 -0.587083 0 0.809527 -0.59953 -0.173426 0.781337 -0.372093 0.233702 0.898293 -0.0359798 -0.983545 0.177045 -0.192436 -0.355692 0.914577 -0.130528 0 0.991445 0.0233284 -0.987245 0.157487 0.156755 0 0.987638 0.128631 -0.169884 0.977033 0.415189 0.318499 0.85216 0.0793243 -0.990251 0.114499 0.0626571 -0.991837 0.111052 0.511234 -0.441425 0.737417 0.596096 -0.169495 0.784819 0.785963 0.304336 0.538184 0.154995 -0.985172 0.0735743 0.755938 -0.547736 0.358529 0.853217 0.514069 0.0880581 0.158246 -0.987318 -0.0127391 0.898818 -0.432299 -0.0724171 0.977236 -0.174155 -0.121163 0.111811 -0.992269 -0.0538554 0.89955 0.227964 -0.372615 0.117533 -0.990005 -0.0779462 0.781145 -0.363991 -0.50727 0.793359 0 -0.608754 0.0990971 -0.986048 -0.133752 0.587082 0 -0.809528 0.556488 0.17313 -0.812618 0.0361404 -0.983402 -0.177807 0.198276 -0.27176 -0.941718 0.0979971 0.394497 -0.913657 -0.0230592 0.980658 0.194365 0.0151856 0.993468 0.113095 0.142854 0.984867 0.0981313 0.0743679 0.996495 0.0382987 0.202371 0.975715 -0.0838268 0.11475 0.989485 -0.0880489 0.11269 0.991848 -0.0594813 0.0996386 0.986514 -0.129854 0.0647633 0.985576 -0.156349 0.020639 0.98742 -0.156767 -0.0175394 0.990931 -0.133223 -0.0181154 0.990668 -0.135089 -0.142847 0.984868 -0.0981268 -0.0743675 0.996495 -0.038299 -0.202368 0.975715 0.0838255 -0.104111 0.991352 0.0798859 -0.0909781 0.994412 0.0535488 -0.11837 0.977218 0.176161 0.0217391 0.999171 0.0344168 0.0541612 0.998141 0.0279668 -0.0571583 0.997929 -0.0294997 -0.0397067 0.99919 0.00653831 -0.0234237 -0.987147 -0.158087 -0.147078 -0.336186 -0.93024 -0.348312 0.490861 -0.798582 -0.079324 -0.990251 -0.114499 -0.0630122 -0.991807 -0.111126 -0.51123 -0.441436 -0.737413 -0.596099 -0.169489 -0.784818 -0.785963 0.304334 -0.538184 -0.154994 -0.985172 -0.0735743 -0.755938 -0.547735 -0.35853 -0.853224 0.514057 -0.0880619 -0.158245 -0.987318 0.0127391 -0.898809 -0.432317 0.0724159 -0.977236 -0.174151 0.121166 -0.111712 -0.992276 0.0539416 -0.89955 0.227964 0.372615 -0.117321 -0.990041 0.0778092 -0.781145 -0.363991 0.507271 -0.793359 0 0.608755 -0.0987841 -0.986138 0.13332 -0.587082 0 0.809527 -0.556476 0.17318 0.812615 -0.0359797 -0.983545 0.177045 -0.19809 -0.274876 0.940853 -0.167 0 0.985957 0.0233281 -0.987246 0.157487 0.156754 0 0.987638 0.128631 -0.169875 0.977035 0.415189 0.318487 0.852164 0.0793239 -0.990251 0.114499 0.0626568 -0.991837 0.111053 0.51123 -0.441435 0.737414 0.596098 -0.169488 0.784819 0.785964 0.304331 0.538185 0.154994 -0.985172 0.0735744 0.755937 -0.547737 0.35853 0.853221 0.514062 0.0880593 0.158245 -0.987318 -0.0127391 0.898814 -0.432306 -0.0724166 0.977235 -0.174158 -0.121164 0.11181 -0.992269 -0.0538555 0.89955 0.227965 -0.372615 0.117532 -0.990005 -0.0779459 0.781145 -0.363989 -0.507271 0.793359 0 -0.608755 0.0990967 -0.986048 -0.133751 0.587082 0 -0.809528 0.556488 0.173132 -0.812617 0.0361406 -0.983402 -0.177807 0.198276 -0.271764 -0.941717 0.0979974 0.394496 -0.913657 -0.0230586 0.980659 0.194361 0.015185 0.993468 0.113093 0.142845 0.984869 0.0981251 0.0743655 0.996495 0.0382979 0.202363 0.975717 -0.0838233 0.114747 0.989485 -0.0880468 0.112687 0.991849 -0.0594794 0.0960116 0.98552 -0.139758 0.0268696 0.986715 -0.160222 -0.0175389 0.990931 -0.13322 -0.0181151 0.990668 -0.135086 -0.142843 0.984869 -0.0981242 -0.0743651 0.996495 -0.0382978 -0.202363 0.975717 0.0838235 -0.104108 0.991353 0.0798837 -0.0909756 0.994412 0.0535473 -0.118367 0.97722 0.176156 0.0217387 0.999171 0.0344167 0.0541606 0.998141 0.0279668 -0.0571579 0.997929 -0.0294995 -0.0397063 0.99919 0.00653872 -0.0234384 -0.987132 -0.158179 -0.147077 -0.336188 -0.93024 -0.348312 0.490865 -0.79858 -0.0936032 -0.986402 -0.135093 -0.511234 -0.441427 -0.737415 -0.596098 -0.169494 -0.784818 -0.114135 -0.991616 -0.0605912 -0.785961 0.304339 -0.538185 -0.12213 -0.990819 -0.0579896 -0.755938 -0.547735 -0.35853 -0.853218 0.514067 -0.0880587 -0.175471 -0.984383 0.0141272 -0.898814 -0.432306 0.0724169 -0.977235 -0.174158 0.121164 -0.89955 0.227966 0.372615 -0.146965 -0.984372 0.0970261 -0.781144 -0.363991 0.507272 -0.793357 0 0.608756 -0.089346 -0.988709 0.120297 -0.587084 0 0.809526 -0.556477 0.173186 0.812613 -0.0282073 -0.989716 0.14024 -0.0444666 -0.992246 0.116066 -0.198091 -0.274887 0.940849 -0.167 0 0.985957 0.0236557 -0.986907 0.159546 0.156755 0 0.987638 0.128631 -0.169883 0.977033 0.415189 0.318497 0.852161 0.0938743 -0.986322 0.135485 0.511232 -0.441435 0.737413 0.596099 -0.169493 0.784818 0.113742 -0.991653 0.0607191 0.771874 0.231144 0.592269 0.122131 -0.990819 0.0579895 0.813778 -0.434522 0.38595 0.91218 -0.158617 0.377846 0.944938 0.322481 0.0556609 0.175471 -0.984383 -0.0141272 0.898811 -0.432312 -0.0724173 0.966681 0.189791 -0.171778 0.146964 -0.984372 -0.0970254 0.803317 -0.287575 -0.521519 0.815315 0 -0.579017 0.0893449 -0.988709 -0.120297 0.587081 0 -0.809528 0.556487 0.173132 -0.812618 0.0278947 -0.989933 -0.138761 0.0432837 -0.992311 -0.115951 0.198276 -0.271763 -0.941718 0.097997 0.394493 -0.913658 -0.0230582 0.98066 0.194358 0.0151844 0.993468 0.113092 0.142845 0.984869 0.0981258 0.0743653 0.996495 0.0382978 0.202364 0.975716 -0.0838241 0.114748 0.989485 -0.0880479 0.112688 0.991849 -0.0594801 0.0960123 0.98552 -0.139759 0.0268696 0.986715 -0.160222 -0.0175386 0.990932 -0.133217 -0.0181153 0.990668 -0.135085 -0.161795 0.978984 -0.124147 -0.116822 0.991973 -0.0483904 -0.0771739 0.996226 -0.039734 -0.103145 0.991942 0.0735752 -0.0904648 0.994484 0.053077 -0.118368 0.977219 0.176158 0.0217384 0.999171 0.0344168 0.0541609 0.998141 0.0279669 -0.0571573 0.997929 -0.0294991 -0.0397065 0.99919 0.00653808 -0.0257571 -0.984627 -0.172762 -0.147077 -0.336186 -0.93024 -0.348312 0.490859 -0.798584 -0.0831846 -0.989275 -0.120067 -0.511232 -0.441431 -0.737415 -0.596097 -0.169491 -0.784819 -0.0910422 -0.99412 -0.0586293 -0.785964 0.304334 -0.538184 -0.109124 -0.992676 -0.0518216 -0.755938 -0.547735 -0.35853 -0.853224 0.514056 -0.0880617 -0.16248 -0.986625 0.0130803 -0.898809 -0.432317 0.0724159 -0.977236 -0.174152 0.121166 -0.89955 0.227964 0.372615 -0.154891 -0.982635 0.102164 -0.781145 -0.36399 0.507271 -0.793359 0 0.608755 -0.103106 -0.98487 0.139284 -0.587082 0 0.809528 -0.556476 0.173181 0.812615 -0.0284306 -0.989559 0.141299 -0.19809 -0.274873 0.940853 -0.167 0 0.985957 0.0165902 -0.993216 0.115099 0.156754 0 0.987638 0.128631 -0.169873 0.977035 0.0231755 -0.993933 0.10752 0.415189 0.318488 0.852164 0.0832206 -0.989265 0.120119 0.511229 -0.441435 0.737414 0.596098 -0.169488 0.784819 0.785964 0.30433 0.538185 0.161959 -0.983798 0.076877 0.755937 -0.547737 0.35853 0.85322 0.514063 0.0880595 0.164192 -0.98634 -0.0132183 0.898814 -0.432306 -0.0724166 0.977235 -0.174158 -0.121163 0.89955 0.227964 -0.372615 0.0994776 -0.992832 -0.0662409 0.100146 -0.992566 -0.0691628 0.781145 -0.363989 -0.507271 0.793359 0 -0.608755 0.0876169 -0.989151 -0.117913 0.587082 0 -0.809528 0.556487 0.173132 -0.812617 0.0357398 -0.983757 -0.17591 0.198276 -0.271765 -0.941717 0.0979969 0.394495 -0.913658 -0.0230585 0.980659 0.194361 0.0151848 0.993468 0.113094 0.142843 0.984869 0.0981241 0.074365 0.996495 0.0382978 0.202363 0.975717 -0.0838233 0.114747 0.989485 -0.0880472 0.112688 0.991849 -0.0594796 0.096012 0.98552 -0.139759 0.0268697 0.986715 -0.160222 -0.0175389 0.990931 -0.133219 -0.0181152 0.990668 -0.135086 -0.142843 0.984869 -0.0981242 -0.0743655 0.996495 -0.038298 -0.202363 0.975717 0.0838233 -0.104108 0.991353 0.0798838 -0.0909757 0.994412 0.0535473 -0.118367 0.97722 0.176156 0.0217387 0.999171 0.0344167 0.0541607 0.998141 0.0279669 -0.0571577 0.997929 -0.0294994 -0.0397063 0.99919 0.00653859 -0.0234234 -0.987147 -0.158087 -0.147076 -0.336186 -0.930241 -0.348314 0.490858 -0.798583 -0.0793239 -0.990251 -0.114499 -0.0630122 -0.991807 -0.111126 -0.511231 -0.441429 -0.737416 -0.596096 -0.169491 -0.78482 -0.785964 0.304331 -0.538185 -0.154995 -0.985172 -0.0735746 -0.755937 -0.547738 -0.35853 -0.853217 0.514068 -0.0880579 -0.158246 -0.987318 0.0127392 -0.898817 -0.432301 0.0724173 -0.966681 0.189791 0.171776 -0.111712 -0.992276 0.0539418 -0.117321 -0.990041 0.0778091 -0.803318 -0.28757 0.52152 -0.815315 0 0.579017 -0.098784 -0.986138 0.13332 -0.587083 0 0.809527 -0.556475 0.173188 0.812614 -0.0359797 -0.983545 0.177045 -0.19809 -0.274886 0.94085 -0.166999 0 0.985957 0.0233283 -0.987245 0.157488 0.156754 0 0.987638 0.12863 -0.16988 0.977034 0.415191 0.318497 0.85216 0.0793239 -0.990251 0.114499 0.0626573 -0.991837 0.111052 0.511231 -0.441435 0.737413 0.596099 -0.169488 0.784818 0.771875 0.231142 0.592269 0.154995 -0.985172 0.0735744 0.813776 -0.434523 0.38595 0.912181 -0.158613 0.377847 0.94494 0.322476 0.0556586 0.158246 -0.987318 -0.0127392 0.898807 -0.432323 -0.0724162 0.966681 0.189788 -0.171779 0.11181 -0.992269 -0.0538559 0.117532 -0.990005 -0.0779459 0.803318 -0.287573 -0.521519 0.815315 0 -0.579017 0.0990967 -0.986048 -0.133752 0.587081 0 -0.809528 0.556488 0.17313 -0.812618 0.0361404 -0.983402 -0.177807 0.198276 -0.271759 -0.941718 0.0979972 0.394497 -0.913657 -0.023059 0.980658 0.194364 0.0151846 0.993468 0.113095 0.142846 0.984869 0.0981262 0.0743672 0.996495 0.038299 0.116528 0.989707 -0.0830788 0.110889 0.99221 -0.0567717 0.0960146 0.985519 -0.139763 0.02687 0.986715 -0.160225 -0.0175388 0.990931 -0.133219 -0.0181157 0.990668 -0.135088 -0.161801 0.978983 -0.124152 -0.116823 0.991973 -0.0483909 -0.0771761 0.996225 -0.0397348 -0.103147 0.991941 0.0735767 -0.090467 0.994484 0.0530791 -0.118372 0.977218 0.176163 0.0217385 0.999171 0.0344169 0.0541611 0.998141 0.0279672 -0.0571577 0.997929 -0.0294991 -0.0397066 0.99919 0.00653819 -0.0184817 -0.989925 -0.14038 -0.0183489 -0.989937 -0.140312 -0.12958 0.120309 -0.984243 -0.103341 0 -0.994646 -0.0596365 -0.987783 -0.143972 -0.38269 0 -0.923877 -0.403571 0.131105 -0.905507 -0.098095 -0.986932 -0.127842 -0.605189 0.108079 -0.788711 -0.60153 0.391309 -0.696448 -0.123152 -0.987879 -0.0944962 -0.787596 0.120306 -0.604333 -0.776399 0 -0.630242 -0.131284 -0.989852 -0.054381 -0.129659 -0.990008 -0.0554278 -0.923876 0 -0.382691 -0.925652 0.13111 -0.354935 -0.154974 -0.987708 -0.0204029 -0.985637 0.108076 -0.129763 -0.988656 0 -0.150197 -0.16022 -0.986856 0.0210935 -0.991445 0 0.130527 -0.991445 0 0.130527 -0.143859 -0.987802 0.0595898 -0.923876 0 0.382691 -0.923876 0 0.382691 -0.112333 -0.989925 0.0861944 -0.11236 -0.989973 0.0856127 -0.793359 0 0.608755 -0.793359 0 0.608755 -0.0948654 -0.987783 0.123633 -0.608754 0 0.793359 -0.582404 0.131108 0.802257 -0.0616669 -0.986932 0.148874 -0.380448 0.108085 0.918464 -0.400969 0 0.916092 -0.0202616 -0.987879 0.153901 -0.130528 0 0.991445 -0.130528 0 0.991445 0.0184816 -0.989925 0.14038 0.0173587 -0.990028 0.1398 0.130527 0 0.991445 0.130527 0 0.991445 0.0596366 -0.987783 0.143972 0.382691 0 0.923876 0.382691 0 0.923876 0.0980947 -0.986932 0.127842 0.608754 0 0.793359 0.622986 0.366642 0.690986 0.123152 -0.987879 0.0944958 0.787596 0.120306 0.604333 0.776399 0 0.630242 0.131285 -0.989852 0.0543811 0.129658 -0.990008 0.0554283 0.923876 0 0.382691 0.923876 0 0.382691 0.154974 -0.987708 0.0204029 0.991445 0 0.130527 0.991445 0 0.130527 0.16022 -0.986856 -0.0210936 0.991445 0 -0.130527 0.991445 0 -0.130527 0.143859 -0.987802 -0.0595898 0.923876 0 -0.382691 0.923876 0 -0.382691 0.112615 -0.989874 -0.0864112 0.112661 -0.98996 -0.0853652 0.793359 0 -0.608755 0.793359 0 -0.608755 0.0952061 -0.987695 -0.124077 0.608754 0 -0.793359 0.608754 0 -0.793359 0.0619582 -0.986807 -0.149577 0.382691 0 -0.923876 0.382691 0 -0.923876 0.0203753 -0.987741 -0.154764 0.130528 0 -0.991445 0.04808 0.366632 -0.929123 -0.0722911 0.981996 0.174522 -0.0352551 0.98765 0.152659 0.0629657 0.978944 0.194174 0.181835 0.978942 0.0927841 0.149299 0.988792 0.000503069 0.177913 0.983767 -0.0234229 0.188629 0.978935 -0.0781346 0.139936 0.984321 -0.107374 0.101862 0.989393 -0.103565 0.0391272 0.988792 -0.14408 0.0234229 0.983767 -0.177913 -0.02665 0.978935 -0.202425 -0.0675001 0.984322 -0.162956 -0.0740585 0.989663 -0.122812 -0.120582 0.991446 -0.0499477 -0.128765 0.990461 -0.0490585 -0.177912 0.983768 -0.0234228 -0.202423 0.978936 0.0266498 -0.162955 0.984322 0.0674996 -0.11601 0.989251 0.0890157 -0.110127 0.991 0.076098 -0.11574 0.98176 0.150838 0.0194975 0.998105 0.0583557 0.02335 0.998038 0.0580967 0.0333271 0.998076 0.0522773 0.0575917 0.998038 0.0245693 0.0543987 0.997846 0.0366639 0.0140098 0.997895 -0.0633271 0.0494927 0.997846 -0.0430563 -0.0523453 0.998161 -0.0305706 -0.0421733 0.998219 -0.04219 -0.0336757 0.99906 0.02731 0.00777254 -0.999941 -0.00763739 0.00777269 -0.999941 -0.00763722 0.00777266 -0.999941 -0.00763733 0.00265145 -0.999996 0.000786289 -0.00264705 -0.999996 -0.000809707 0.00265118 -0.999996 0.000786331 -0.00264727 -0.999996 -0.000809636 -0.0040347 -0.999932 -0.0109595 0.00397865 -0.999934 0.0108082 0.00777282 -0.999941 -0.0076373 0.00265175 -0.999996 0.000786394 -0.00264743 -0.999996 -0.000809786 -0.00137693 -0.999999 0.000427101 3.05406e-05 -1 0.000250339 -0.000435816 -1 5.41776e-05 0.00184876 -0.999998 -0.000229496</float_array>
                    <technique_common>
                        <accessor count="700" source="#shape0-lib-normals-array" stride="3">
                            <param name="X" type="float"/>
                            <param name="Y" type="float"/>
                            <param name="Z" type="float"/>
                        </accessor>
                    </technique_common>
                </source>
                <source id="shape0-lib-vcolor" name="vcolor">
                    <float_array id="shape0-lib-vcolor-array" count="1472">1 1 1 1 1 1 1 1 1 1 1 1 1 1 1 1 1 1 1 1 1 1 1 1 1 1 1 1 1 1 1 1 1 1 1 1 1 1 1 1 1 1 1 1 1 1 1 1 1 1 1 1 1 1 1 1 1 1 1 1 1 1 1 1 1 1 1 1 1 1 1 1 1 1 1 1 1 1 1 1 1 1 1 1 1 1 1 1 1 1 1 1 1 1 1 1 1 1 1 1 1 1 1 1 1 1 1 1 1 1 1 1 1 1 1 1 1 1 1 1 1 1 1 1 1 1 1 1 1 1 1 1 1 1 1 1 1 1 1 1 1 1 1 1 1 1 1 1 1 1 1 1 1 1 1 1 1 1 1 1 1 1 1 1 1 1 1 1 1 1 1 1 1 1 1 1 1 1 1 1 1 1 1 1 1 1 1 1 1 1 1 1 1 1 1 1 1 1 1 1 1 1 1 1 1 1 1 1 1 1 1 1 1 1 1 1 1 1 1 1 1 1 1 1 1 1 1 1 1 1 1 1 1 1 1 1 1 1 1 1 1 1 1 1 1 1 1 1 1 1 1 1 1 1 1 1 1 1 1 1 1 1 1 1 1 1 1 1 1 1 1 1 1 1 1 1 1 1 1 1 1 1 1 1 1 1 1 1 1 1 1 1 1 1 1 1 1 1 1 1 1 1 1 1 1 1 1 1 1 1 1 1 1 1 1 1 1 1 1 1 1 1 1 1 1 1 1 1 1 1 1 1 1 1 1 1 1 1 1 1 1 1 1 1 1 1 1 1 1 1 1 1 1 1 1 1 1 1 1 1 1 1 1 1 1 1 1 1 1 1 1 1 1 1 1 1 1 1 1 1 1 1 1 1 1 1 1 1 1 1 1 1 1 1 1 1 1 1 1 1 1 1 1 1 1 1 1 1 1 1 1 1 1 1 1 1 1 1 1 1 1 1 1 1 1 1 1 1 1 1 1 1 1 1 1 1 1 1 1 1 1 1 1 1 1 1 1 1 1 1 1 1 1 1 1 1 1 1 1 1 1 1 1 1 1 1 1 1 1 1 1 1 1 1 1 1 1 1 1 1 1 1 1 1 1 1 1 1 1 1 1 1 1 1 1 1 1 1 1 1 1 1 1 1 1 1 1 1 1 1 1 1 1 1 1 1 1 1 1 1 1 1 1 1 1 1 1 1 1 1 1 1 1 1 1 1 1 1 1 1 1 1 1 1 1 1 1 1 1 1 1 1 1 1 1 1 1 1 1 1 1 1 1 1 1 1 1 1 1 1 1 1 1 1 1 1 1 1 1 1 1 1 1 1 1 1 1 1 1 1 1 1 1 1 1 1 1 1 1 1 1 1 1 1 1 1 1 1 1 1 1 1 1 1 1 1 1 1 1 1 1 1 1 1 1 1 1 1 1 1 1 1 1 1 1 1 1 1 1 1 1 1 1 1 1 1 1 1 1 1 1 1 1 1 1 1 1 1 1 1 1 1 1 1 1 1 1 1 1 1 1 1 1 1 1 1 1 1 1 1 1 1 1 1 1 1 1 1 1 1 1 1 1 1 1 1 1 1 1 1 1 1 1 1 1 1 1 1 1 1 1 1 1 1 1 1 1 1 1 1 1 1 1 1 1 1 1 1 1 1 1 1 1 1 1 1 1 1 1 1 1 1 1 1 1 1 1 1 1 1 1 1 1 1 1 1 1 1 1 1 1 1 1 1 1 1 1 1 1 1 1 1 1 1 1 1 1 1 1 1 1 1 1 1 1 1 1 1 1 1 1 1 1 1 1 1 1 1 1 1 1 1 1 1 1 1 1 1 1 1 1 1 1 1 1 1 1 1 1 1 1 1 1 1 1 1 1 1 1 1 1 1 1 1 1 1 1 1 1 1 1 1 1 1 1 1 1 1 1 1 1 1 1 1 1 1 1 1 1 1 1 1 1 1 1 1 1 1 1 1 1 1 1 1 1 1 1 1 1 1 1 1 1 1 1 1 1 1 1 1 1 1 1 1 1 1 1 1 1 1 1 1 1 1 1 1 1 1 1 1 1 1 1 1 1 1 1 1 1 1 1 1 1 1 1 1 1 1 1 1 1 1 1 1 1 1 1 1 1 1 1 1 1 1 1 1 1 1 1 1 1 1 1 1 1 1 1 1 1 1 1 1 1 1 1 1 1 1 1 1 1 1 1 1 1 1 1 1 1 1 1 1 1 1 1 1 1 1 1 1 1 1 1 1 1 1 1 1 1 1 1 1 1 1 1 1 1 1 1 1 1 1 1 1 1 1 1 1 1 1 1 1 1 1 1 1 1 1 1 1 1 1 1 1 1 1 1 1 1 1 1 1 1 1 1 1 1 1 1 1 1 1 1 1 1 1 1 1 1 1 1 1 1 1 1 1 1 1 1 1 1 1 1 1 1 1 1 1 1 1 1 1 1 1 1 1 1 1 1 1 1 1 1 1 1 1 1 1 1 1 1 1 1 1 1 1 1 1 1 1 1 1 1 1 1 1 1 1 1 1 1 1 1 1 1 1 1 1 1 1 1 1 1 1 1 1 1 1 1 1 1 1 1 1 1 1 1 1 1 1 1 1 1 1 1 1 1 1 1 1 1 1 1 1 1 1 1 1 1 1 1 1 1 1 1 1 1 1 1 1 1 1 1 1 1 1 1 1 1 1 1 1 1 1 1 1 1 1 1 1 1 1 1 1 1 1 1 1 1 1 1 1 1 1 1 1 1 1 1 1 1 1 1 1 1 1 1 1 1 1 1 1 1 1 1 1 1 1 1 1 1 1 1 1 1 1 1 1 1 1 1 1 1 1 1 1 1 1 1 1 1 1 1 1 1 1 1 1 1 1 1 1 1 1 1 1 1 1 1 1 1 1 1 1 1 1 1 1 1 1 1 1 1 1 1 1 1 1 1 1 1 1 1 1 1 1 1 1 1 1 1 1 1 1 1 1 1 1 1 1 1 1 1 1 1 1 1 1 1 1 1 1 1 1 1 1 1 1 1 1 1 1 1 1 1 1 1 1 1 1 1 1 1 1 1 1 1 1 1 1 1 1 1 1 1 1 1 1 1 1 1 1 1 1 1 1 1 1 1 1 1 1 1 1 1 1 1 1 1 1 1 1 1 1 1 1 1 1 1 1 1 1 1 1 1 1 1 1 1 1 1 1 1 1 1 1 1 1 1 1 1 1 1 1 1 1 1 1 1 1 1 1 1 1 1 1 1 1 1 1 1 1 1 1 1 1 1 1 1 1 1 1 1 1 1 1 1 1 1 1 1 1 1 1 1 1 1 1 1 1 1 1</float_array>
                    <technique_common>
                        <accessor count="368" source="#shape0-lib-vcolor-array" stride="4">
                            <param name="R" type="float"/>
                            <param name="G" type="float"/>
                            <param name="B" type="float"/>
                            <param name="A" type="float"/>
                        </accessor>
                    </technique_common>
                </source>
                <source id="shape0-lib-map" name="map">
                    <float_array id="shape0-lib-map-array" count="4200">0.859234 0.0618249 0.852347 0.0573268 0.858867 0.0564996 0.951697 0.293631 0.950464 0.279519 0.953624 0.279493 0.951697 0.293631 0.953624 0.279493 0.954845 0.293643 0.859234 0.0618249 0.844889 0.0608708 0.852347 0.0573268 0.954845 0.293643 0.953624 0.279493 0.956661 0.279519 0.954845 0.293643 0.956661 0.279519 0.956661 0.293643 0.851674 0.0714562 0.844889 0.0608708 0.859234 0.0618249 0.891385 0.293643 0.892324 0.279492 0.894289 0.293639 0.851674 0.0714562 0.841162 0.0663525 0.844889 0.0608708 0.894289 0.293639 0.892324 0.279492 0.896221 0.279491 0.894289 0.293639 0.896221 0.279491 0.897582 0.293643 0.851674 0.0714562 0.842174 0.0723168 0.841162 0.0663525 0.897582 0.293643 0.896221 0.279491 0.900731 0.279491 0.897582 0.293643 0.900731 0.279491 0.89985 0.293643 0.89985 0.293643 0.900731 0.279491 0.901964 0.293643 0.851674 0.0714562 0.846162 0.0763296 0.842174 0.0723168 0.901964 0.293643 0.900731 0.279491 0.903779 0.279519 0.901964 0.293643 0.903779 0.279519 0.903779 0.293643 0.851674 0.0714562 0.851683 0.0787257 0.846162 0.0763296 0.864945 0.310592 0.864945 0.296468 0.867605 0.296442 0.864945 0.310592 0.867605 0.296442 0.867848 0.310588 0.851674 0.0714562 0.858867 0.079732 0.851683 0.0787257 0.867848 0.310588 0.867605 0.296442 0.871141 0.296468 0.867848 0.310588 0.871141 0.296468 0.871141 0.310592 0.851674 0.0714562 0.865388 0.0789047 0.858867 0.079732 0.871141 0.310592 0.871141 0.296468 0.874303 0.296442 0.871141 0.310592 0.874303 0.296442 0.87341 0.310592 0.867825 0.0700204 0.865388 0.0789047 0.851674 0.0714562 0.87341 0.310592 0.874303 0.296442 0.875524 0.310592 0.867825 0.0700204 0.872847 0.0753607 0.865388 0.0789047 0.875524 0.310592 0.874303 0.296442 0.877339 0.296468 0.875524 0.310592 0.877339 0.296468 0.877339 0.310592 0.772402 0.310592 0.773341 0.296441 0.775306 0.310588 0.867825 0.0700204 0.876573 0.069879 0.872847 0.0753607 0.775306 0.310588 0.773341 0.296441 0.777238 0.29644 0.775306 0.310588 0.777238 0.29644 0.778599 0.310592 0.867825 0.0700204 0.875561 0.0639148 0.876573 0.069879 0.778599 0.310592 0.777238 0.29644 0.781749 0.29644 0.778599 0.310592 0.781749 0.29644 0.780868 0.310592 0.780868 0.310592 0.781749 0.29644 0.782981 0.310592 0.859234 0.0618249 0.871574 0.0599018 0.875561 0.0639148 0.859234 0.0618249 0.875561 0.0639148 0.867825 0.0700204 0.782981 0.310592 0.781749 0.29644 0.784796 0.296468 0.782981 0.310592 0.784796 0.296468 0.784796 0.310592 0.859234 0.0618249 0.866052 0.0575059 0.871574 0.0599018 0.944267 0.293643 0.944267 0.279519 0.946927 0.279493 0.944267 0.293643 0.946927 0.279493 0.947172 0.293669 0.859234 0.0618249 0.858867 0.0564996 0.866052 0.0575059 0.947172 0.293669 0.946927 0.279493 0.950464 0.279519 0.947172 0.293669 0.950464 0.279519 0.951697 0.293631 0.737166 0.0572894 0.746545 0.0565999 0.737871 0.059267 0.746545 0.0565999 0.753282 0.0587191 0.737871 0.059267 0.756573 0.0599018 0.76061 0.0637795 0.753282 0.0587191 0.76061 0.0637795 0.761123 0.068825 0.753282 0.0587191 0.761224 0.0711223 0.759429 0.0739238 0.761123 0.068825 0.759429 0.0739238 0.756573 0.0763296 0.748472 0.0745446 0.759429 0.0739238 0.748472 0.0745446 0.761123 0.068825 0.756573 0.0763296 0.750575 0.0789396 0.748472 0.0745446 0.750575 0.0789396 0.743868 0.079732 0.748472 0.0745446 0.743868 0.079732 0.739217 0.0793361 0.734453 0.0775125 0.743868 0.079732 0.734453 0.0775125 0.748472 0.0745446 0.731162 0.0763296 0.727125 0.072452 0.734453 0.0775125 0.727125 0.072452 0.726612 0.0674065 0.734453 0.0775125 0.726511 0.0651093 0.728306 0.0623077 0.726612 0.0674065 0.728306 0.0623077 0.731162 0.0599018 0.737871 0.059267 0.728306 0.0623077 0.737871 0.059267 0.726612 0.0674065 0.731162 0.0599018 0.737166 0.0572894 0.737871 0.059267 0.737871 0.059267 0.753282 0.0587191 0.748472 0.0745446 0.753282 0.0587191 0.761123 0.068825 0.748472 0.0745446 0.734453 0.0775125 0.726612 0.0674065 0.748472 0.0745446 0.726612 0.0674065 0.737871 0.059267 0.748472 0.0745446 0.820901 0.0362694 0.814014 0.0317713 0.820534 0.030944 0.806273 0.31058 0.80504 0.296468 0.8082 0.296442 0.806273 0.31058 0.8082 0.296442 0.809422 0.310592 0.820901 0.0362694 0.806555 0.0353153 0.814014 0.0317713 0.809422 0.310592 0.8082 0.296442 0.811237 0.296468 0.809422 0.310592 0.811237 0.296468 0.811237 0.310592 0.813341 0.0459006 0.806555 0.0353153 0.820901 0.0362694 0.878165 0.293643 0.879104 0.279492 0.881069 0.293639 0.813341 0.0459006 0.802829 0.040797 0.806555 0.0353153 0.881069 0.293639 0.879104 0.279492 0.883001 0.279491 0.881069 0.293639 0.883001 0.279491 0.884362 0.293643 0.813341 0.0459006 0.803841 0.0467612 0.802829 0.040797 0.884362 0.293643 0.883001 0.279491 0.887511 0.279491 0.884362 0.293643 0.887511 0.279491 0.88663 0.293643 0.88663 0.293643 0.887511 0.279491 0.888744 0.293643 0.813341 0.0459006 0.807828 0.0507741 0.803841 0.0467612 0.888744 0.293643 0.887511 0.279491 0.890559 0.279519 0.888744 0.293643 0.890559 0.279519 0.890559 0.293643 0.813341 0.0459006 0.81335 0.0531701 0.807828 0.0507741 0.825284 0.310592 0.825284 0.296468 0.827944 0.296442 0.825284 0.310592 0.827944 0.296442 0.827099 0.310592 0.827099 0.310592 0.827944 0.296442 0.829212 0.310592 0.813341 0.0459006 0.820534 0.0541763 0.81335 0.0531701 0.829212 0.310592 0.827944 0.296442 0.831481 0.296468 0.829212 0.310592 0.831481 0.296468 0.831481 0.310592 0.813341 0.0459006 0.827055 0.0533492 0.820534 0.0541763 0.831481 0.310592 0.831481 0.296468 0.834641 0.296442 0.831481 0.310592 0.834641 0.296442 0.833749 0.310592 0.829491 0.0444649 0.827055 0.0533492 0.813341 0.0459006 0.833749 0.310592 0.834641 0.296442 0.835863 0.310592 0.829491 0.0444649 0.834514 0.0498052 0.827055 0.0533492 0.835863 0.310592 0.834641 0.296442 0.837678 0.296468 0.835863 0.310592 0.837678 0.296468 0.837678 0.310592 0.851724 0.310592 0.852663 0.296441 0.854628 0.310588 0.829491 0.0444649 0.83824 0.0443234 0.834514 0.0498052 0.854628 0.310588 0.852663 0.296441 0.85656 0.29644 0.854628 0.310588 0.85656 0.29644 0.857921 0.310592 0.829491 0.0444649 0.837228 0.0383592 0.83824 0.0443234 0.857921 0.310592 0.85656 0.29644 0.86107 0.29644 0.857921 0.310592 0.86107 0.29644 0.860189 0.310592 0.860189 0.310592 0.86107 0.29644 0.862303 0.310592 0.820901 0.0362694 0.83324 0.0343464 0.837228 0.0383592 0.820901 0.0362694 0.837228 0.0383592 0.829491 0.0444649 0.862303 0.310592 0.86107 0.29644 0.864118 0.296468 0.862303 0.310592 0.864118 0.296468 0.864118 0.310592 0.820901 0.0362694 0.827719 0.0319503 0.83324 0.0343464 0.798843 0.310592 0.798843 0.296468 0.801503 0.296442 0.798843 0.310592 0.801503 0.296442 0.801749 0.310618 0.820901 0.0362694 0.820534 0.030944 0.827719 0.0319503 0.801749 0.310618 0.801503 0.296442 0.80504 0.296468 0.801749 0.310618 0.80504 0.296468 0.806273 0.31058 0.890499 0.0572894 0.899878 0.0565999 0.891204 0.059267 0.899878 0.0565999 0.906615 0.0587191 0.891204 0.059267 0.909907 0.0599018 0.913943 0.0637795 0.906615 0.0587191 0.913943 0.0637795 0.914456 0.0688249 0.906615 0.0587191 0.914557 0.0711223 0.912762 0.0739238 0.914456 0.0688249 0.912762 0.0739238 0.909907 0.0763296 0.901805 0.0745446 0.912762 0.0739238 0.901805 0.0745446 0.914456 0.0688249 0.909907 0.0763296 0.906185 0.0781757 0.901805 0.0745446 0.906185 0.0781757 0.901851 0.0793361 0.901805 0.0745446 0.901851 0.0793361 0.897201 0.079732 0.901805 0.0745446 0.897201 0.079732 0.89255 0.0793361 0.887787 0.0775125 0.897201 0.079732 0.887787 0.0775125 0.901805 0.0745446 0.884495 0.0763296 0.880459 0.072452 0.887787 0.0775125 0.880459 0.072452 0.879945 0.0674065 0.887787 0.0775125 0.879844 0.0651093 0.88164 0.0623077 0.879945 0.0674065 0.88164 0.0623077 0.884495 0.0599018 0.891204 0.059267 0.88164 0.0623077 0.891204 0.059267 0.879945 0.0674065 0.884495 0.0599018 0.890499 0.0572894 0.891204 0.059267 0.891204 0.059267 0.906615 0.0587191 0.901805 0.0745446 0.906615 0.0587191 0.914456 0.0688249 0.901805 0.0745446 0.887787 0.0775125 0.879945 0.0674065 0.901805 0.0745446 0.879945 0.0674065 0.891204 0.059267 0.901805 0.0745446 0.744234 0.0362694 0.737347 0.0317713 0.743868 0.030944 0.951697 0.327529 0.950464 0.313417 0.953624 0.313391 0.951697 0.327529 0.953624 0.313391 0.954845 0.327541 0.744234 0.0362694 0.729889 0.0353153 0.737347 0.0317713 0.954845 0.327541 0.953624 0.313391 0.956661 0.313417 0.954845 0.327541 0.956661 0.313417 0.956661 0.327541 0.736674 0.0459006 0.729889 0.0353153 0.744234 0.0362694 0.745961 0.344491 0.746901 0.330339 0.748865 0.344487 0.736674 0.0459006 0.726162 0.040797 0.729889 0.0353153 0.748865 0.344487 0.746901 0.330339 0.750797 0.330338 0.748865 0.344487 0.750797 0.330338 0.752159 0.344491 0.736674 0.0459006 0.727174 0.0467612 0.726162 0.040797 0.752159 0.344491 0.750797 0.330338 0.755308 0.330338 0.752159 0.344491 0.755308 0.330338 0.754427 0.344491 0.754427 0.344491 0.755308 0.330338 0.756541 0.344491 0.736674 0.0459006 0.731162 0.0507741 0.727174 0.0467612 0.756541 0.344491 0.755308 0.330338 0.758356 0.330366 0.756541 0.344491 0.758356 0.330366 0.758356 0.344491 0.736674 0.0459006 0.736683 0.0531701 0.731162 0.0507741 0.759182 0.344491 0.759182 0.330366 0.761842 0.33034 0.759182 0.344491 0.761842 0.33034 0.762086 0.344487 0.736674 0.0459006 0.743868 0.0541763 0.736683 0.0531701 0.762086 0.344487 0.761842 0.33034 0.765379 0.330366 0.762086 0.344487 0.765379 0.330366 0.765379 0.344491 0.736674 0.0459006 0.750388 0.0533492 0.743868 0.0541763 0.765379 0.344491 0.765379 0.330366 0.768539 0.33034 0.765379 0.344491 0.768539 0.33034 0.767647 0.344491 0.752825 0.0444649 0.750388 0.0533492 0.736674 0.0459006 0.767647 0.344491 0.768539 0.33034 0.769761 0.344491 0.752825 0.0444649 0.757846 0.0498052 0.750388 0.0533492 0.769761 0.344491 0.768539 0.33034 0.771576 0.330366 0.769761 0.344491 0.771576 0.330366 0.771576 0.344491 0.785623 0.344491 0.786562 0.330339 0.788526 0.344487 0.752825 0.0444649 0.761573 0.0443234 0.757846 0.0498052 0.788526 0.344487 0.786562 0.330339 0.790458 0.330338 0.788526 0.344487 0.790458 0.330338 0.79182 0.344491 0.752825 0.0444649 0.760561 0.0383592 0.761573 0.0443234 0.79182 0.344491 0.790458 0.330338 0.794969 0.330338 0.79182 0.344491 0.794969 0.330338 0.794088 0.344491 0.794088 0.344491 0.794969 0.330338 0.796202 0.344491 0.744234 0.0362694 0.756573 0.0343464 0.760561 0.0383592 0.744234 0.0362694 0.760561 0.0383592 0.752825 0.0444649 0.796202 0.344491 0.794969 0.330338 0.798017 0.330366 0.796202 0.344491 0.798017 0.330366 0.798017 0.344491 0.744234 0.0362694 0.751052 0.0319504 0.756573 0.0343464 0.944267 0.327541 0.944267 0.313417 0.946927 0.313391 0.944267 0.327541 0.946927 0.313391 0.947172 0.327567 0.744234 0.0362694 0.743868 0.030944 0.751052 0.0319504 0.947172 0.327567 0.946927 0.313391 0.950464 0.313417 0.947172 0.327567 0.950464 0.313417 0.951697 0.327529 0.928832 0.0317338 0.938211 0.0310443 0.929537 0.0337115 0.938211 0.0310443 0.944949 0.0331635 0.929537 0.0337115 0.94824 0.0343464 0.952277 0.038224 0.944949 0.0331635 0.952277 0.038224 0.95279 0.0432695 0.944949 0.0331635 0.952891 0.0455667 0.951096 0.0483683 0.95279 0.0432695 0.951096 0.0483683 0.94824 0.0507741 0.940138 0.0489891 0.951096 0.0483683 0.940138 0.0489891 0.95279 0.0432695 0.94824 0.0507741 0.942242 0.053384 0.940138 0.0489891 0.942242 0.053384 0.935534 0.0541763 0.940138 0.0489891 0.935534 0.0541763 0.930883 0.0537806 0.92612 0.0519569 0.935534 0.0541763 0.92612 0.0519569 0.940138 0.0489891 0.922828 0.0507741 0.918792 0.0468965 0.92612 0.0519569 0.918792 0.0468965 0.918279 0.041851 0.92612 0.0519569 0.918178 0.0395538 0.919973 0.0367521 0.918279 0.041851 0.919973 0.0367521 0.922828 0.0343464 0.929537 0.0337115 0.919973 0.0367521 0.929537 0.0337115 0.918279 0.041851 0.922828 0.0343464 0.928832 0.0317338 0.929537 0.0337115 0.929537 0.0337115 0.944949 0.0331635 0.940138 0.0489891 0.944949 0.0331635 0.95279 0.0432695 0.940138 0.0489891 0.92612 0.0519569 0.918279 0.041851 0.940138 0.0489891 0.918279 0.041851 0.929537 0.0337115 0.940138 0.0489891 0.861632 0.0365336 0.852347 0.0317713 0.858867 0.030944 0.806273 0.344479 0.80504 0.330366 0.8082 0.33034 0.806273 0.344479 0.8082 0.33034 0.809422 0.344491 0.849822 0.0407059 0.844889 0.0353153 0.852347 0.0317713 0.849822 0.0407059 0.852347 0.0317713 0.861632 0.0365336 0.809422 0.344491 0.8082 0.33034 0.811237 0.330366 0.809422 0.344491 0.811237 0.330366 0.811237 0.344491 0.931046 0.327541 0.931985 0.31339 0.93395 0.327537 0.849822 0.0407059 0.841162 0.040797 0.844889 0.0353153 0.93395 0.327537 0.931985 0.31339 0.935882 0.313389 0.93395 0.327537 0.935882 0.313389 0.937243 0.327541 0.849822 0.0407059 0.842174 0.0467612 0.841162 0.040797 0.937243 0.327541 0.935882 0.313389 0.940393 0.313389 0.937243 0.327541 0.940393 0.313389 0.939512 0.327541 0.856102 0.048567 0.842174 0.0467612 0.849822 0.0407059 0.939512 0.327541 0.940393 0.313389 0.941625 0.327541 0.856102 0.048567 0.846162 0.0507741 0.842174 0.0467612 0.941625 0.327541 0.940393 0.313389 0.94344 0.313417 0.941625 0.327541 0.94344 0.313417 0.94344 0.327541 0.856102 0.048567 0.851683 0.0531701 0.846162 0.0507741 0.904605 0.344491 0.904605 0.330366 0.907266 0.33034 0.904605 0.344491 0.907266 0.33034 0.906421 0.344491 0.906421 0.344491 0.907266 0.33034 0.908534 0.344491 0.856102 0.048567 0.858867 0.0541763 0.851683 0.0531701 0.908534 0.344491 0.907266 0.33034 0.910803 0.330366 0.908534 0.344491 0.910803 0.330366 0.910803 0.344491 0.856102 0.048567 0.865388 0.0533492 0.858867 0.0541763 0.910803 0.344491 0.910803 0.330366 0.913963 0.33034 0.910803 0.344491 0.913963 0.33034 0.913071 0.344491 0.913071 0.344491 0.913963 0.33034 0.915185 0.344491 0.867913 0.0444146 0.872847 0.0498052 0.865388 0.0533492 0.867913 0.0444146 0.865388 0.0533492 0.856102 0.048567 0.915185 0.344491 0.913963 0.33034 0.917 0.330366 0.915185 0.344491 0.917 0.330366 0.917 0.344491 0.891385 0.344491 0.892324 0.330339 0.894289 0.344487 0.867913 0.0444146 0.876573 0.0443234 0.872847 0.0498052 0.894289 0.344487 0.892324 0.330339 0.896221 0.330338 0.894289 0.344487 0.896221 0.330338 0.897582 0.344491 0.867913 0.0444146 0.875561 0.0383592 0.876573 0.0443234 0.897582 0.344491 0.896221 0.330338 0.900731 0.330338 0.897582 0.344491 0.900731 0.330338 0.89985 0.344491 0.861632 0.0365336 0.875561 0.0383592 0.867913 0.0444146 0.89985 0.344491 0.900731 0.330338 0.901964 0.344491 0.861632 0.0365336 0.871574 0.0343464 0.875561 0.0383592 0.901964 0.344491 0.900731 0.330338 0.903779 0.330366 0.901964 0.344491 0.903779 0.330366 0.903779 0.344491 0.861632 0.0365336 0.866052 0.0319503 0.871574 0.0343464 0.798843 0.344491 0.798843 0.330366 0.801503 0.33034 0.798843 0.344491 0.801503 0.33034 0.801749 0.344517 0.861632 0.0365336 0.858867 0.030944 0.866052 0.0319503 0.801749 0.344517 0.801503 0.33034 0.80504 0.330366 0.801749 0.344517 0.80504 0.330366 0.806273 0.344479 0.737166 0.0828449 0.746545 0.0821554 0.737871 0.0848226 0.746545 0.0821554 0.753282 0.0842747 0.737871 0.0848226 0.756573 0.0854575 0.76061 0.0893351 0.753282 0.0842747 0.76061 0.0893351 0.761123 0.0943805 0.753282 0.0842747 0.761224 0.0966778 0.759429 0.0994795 0.761123 0.0943805 0.759429 0.0994795 0.756573 0.101885 0.748472 0.1001 0.759429 0.0994795 0.748472 0.1001 0.761123 0.0943805 0.756573 0.101885 0.752852 0.103731 0.748472 0.1001 0.752852 0.103731 0.748518 0.104892 0.748472 0.1001 0.748518 0.104892 0.743868 0.105287 0.748472 0.1001 0.743868 0.105287 0.739217 0.104892 0.734453 0.103068 0.743868 0.105287 0.734453 0.103068 0.748472 0.1001 0.731162 0.101885 0.727125 0.0980076 0.734453 0.103068 0.727125 0.0980076 0.726612 0.0929621 0.734453 0.103068 0.726511 0.0906649 0.728306 0.0878632 0.726612 0.0929621 0.728306 0.0878632 0.731162 0.0854575 0.737871 0.0848226 0.728306 0.0878632 0.737871 0.0848226 0.726612 0.0929621 0.731162 0.0854575 0.737166 0.0828449 0.737871 0.0848226 0.737871 0.0848226 0.753282 0.0842747 0.748472 0.1001 0.753282 0.0842747 0.761123 0.0943805 0.748472 0.1001 0.734453 0.103068 0.726612 0.0929621 0.748472 0.1001 0.726612 0.0929621 0.737871 0.0848226 0.748472 0.1001 0.784966 0.0876447 0.77568 0.0828824 0.782201 0.0820551 0.740171 0.344479 0.738938 0.330366 0.742098 0.33034 0.740171 0.344479 0.742098 0.33034 0.74332 0.344491 0.773155 0.091817 0.768222 0.0864264 0.77568 0.0828824 0.773155 0.091817 0.77568 0.0828824 0.784966 0.0876447 0.74332 0.344491 0.742098 0.33034 0.745135 0.330366 0.74332 0.344491 0.745135 0.330366 0.745135 0.344491 0.812063 0.344491 0.813002 0.330339 0.814967 0.344487 0.773155 0.091817 0.764495 0.0919081 0.768222 0.0864264 0.814967 0.344487 0.813002 0.330339 0.816899 0.330338 0.814967 0.344487 0.816899 0.330338 0.81826 0.344491 0.773155 0.091817 0.765508 0.0978724 0.764495 0.0919081 0.81826 0.344491 0.816899 0.330338 0.82141 0.330338 0.81826 0.344491 0.82141 0.330338 0.820529 0.344491 0.779436 0.0996781 0.765508 0.0978724 0.773155 0.091817 0.820529 0.344491 0.82141 0.330338 0.822642 0.344491 0.779436 0.0996781 0.769495 0.101885 0.765508 0.0978724 0.822642 0.344491 0.82141 0.330338 0.824457 0.330366 0.822642 0.344491 0.824457 0.330366 0.824457 0.344491 0.779436 0.0996781 0.775016 0.104281 0.769495 0.101885 0.772402 0.344491 0.772402 0.330366 0.775062 0.33034 0.772402 0.344491 0.775062 0.33034 0.775306 0.344487 0.779436 0.0996781 0.782201 0.105287 0.775016 0.104281 0.775306 0.344487 0.775062 0.33034 0.778599 0.330366 0.775306 0.344487 0.778599 0.330366 0.778599 0.344491 0.779436 0.0996781 0.788722 0.10446 0.782201 0.105287 0.778599 0.344491 0.778599 0.330366 0.78176 0.33034 0.778599 0.344491 0.78176 0.33034 0.780868 0.344491 0.780868 0.344491 0.78176 0.33034 0.782981 0.344491 0.791247 0.0955257 0.79618 0.100916 0.788722 0.10446 0.791247 0.0955257 0.788722 0.10446 0.779436 0.0996781 0.782981 0.344491 0.78176 0.33034 0.784796 0.330366 0.782981 0.344491 0.784796 0.330366 0.784796 0.344491 0.785623 0.293643 0.786562 0.279492 0.788526 0.293639 0.791247 0.0955257 0.799907 0.0954345 0.79618 0.100916 0.788526 0.293639 0.786562 0.279492 0.790458 0.279491 0.788526 0.293639 0.790458 0.279491 0.79182 0.293643 0.791247 0.0955257 0.798894 0.0894703 0.799907 0.0954345 0.79182 0.293643 0.790458 0.279491 0.794969 0.279491 0.79182 0.293643 0.794969 0.279491 0.794088 0.293643 0.784966 0.0876447 0.798894 0.0894703 0.791247 0.0955257 0.794088 0.293643 0.794969 0.279491 0.796202 0.293643 0.784966 0.0876447 0.794907 0.0854575 0.798894 0.0894703 0.796202 0.293643 0.794969 0.279491 0.798017 0.279519 0.796202 0.293643 0.798017 0.279519 0.798017 0.293643 0.784966 0.0876447 0.789386 0.0830614 0.794907 0.0854575 0.732741 0.344491 0.732741 0.330366 0.735401 0.33034 0.732741 0.344491 0.735401 0.33034 0.735647 0.344517 0.784966 0.0876447 0.782201 0.0820551 0.789386 0.0830614 0.735647 0.344517 0.735401 0.33034 0.738938 0.330366 0.735647 0.344517 0.738938 0.330366 0.740171 0.344479 0.890499 0.0317338 0.899878 0.0310443 0.891204 0.0337115 0.899878 0.0310443 0.906615 0.0331635 0.891204 0.0337115 0.909907 0.0343464 0.913943 0.038224 0.906615 0.0331635 0.913943 0.038224 0.914456 0.0432695 0.906615 0.0331635 0.914557 0.0455667 0.912762 0.0483683 0.914456 0.0432695 0.912762 0.0483683 0.909907 0.0507741 0.901805 0.048989 0.912762 0.0483683 0.901805 0.048989 0.914456 0.0432695 0.909907 0.0507741 0.903908 0.053384 0.901805 0.048989 0.903908 0.053384 0.897201 0.0541763 0.901805 0.048989 0.897201 0.0541763 0.89255 0.0537806 0.887787 0.0519569 0.897201 0.0541763 0.887787 0.0519569 0.901805 0.048989 0.884495 0.0507741 0.880459 0.0468965 0.887787 0.0519569 0.880459 0.0468965 0.879945 0.041851 0.887787 0.0519569 0.879844 0.0395538 0.88164 0.0367521 0.879945 0.041851 0.88164 0.0367521 0.884495 0.0343464 0.891204 0.0337115 0.88164 0.0367521 0.891204 0.0337115 0.879945 0.041851 0.884495 0.0343464 0.890499 0.0317338 0.891204 0.0337115 0.891204 0.0337115 0.906615 0.0331635 0.901805 0.048989 0.906615 0.0331635 0.914456 0.0432695 0.901805 0.048989 0.887787 0.0519569 0.879945 0.041851 0.901805 0.048989 0.879945 0.041851 0.891204 0.0337115 0.901805 0.048989 0.855387 0.113501 0.852347 0.108438 0.858867 0.107611 0.951697 0.378377 0.950464 0.364265 0.953624 0.364239 0.951697 0.378377 0.953624 0.364239 0.954845 0.378389 0.855387 0.113501 0.844889 0.111982 0.852347 0.108438 0.954845 0.378389 0.953624 0.364239 0.956661 0.364265 0.954845 0.378389 0.956661 0.364265 0.956661 0.378389 0.850098 0.121345 0.844889 0.111982 0.855387 0.113501 0.93986 0.276694 0.940799 0.262543 0.942764 0.27669 0.850098 0.121345 0.841162 0.117464 0.844889 0.111982 0.942764 0.27669 0.940799 0.262543 0.944696 0.262542 0.942764 0.27669 0.944696 0.262542 0.946057 0.276694 0.850098 0.121345 0.842174 0.123428 0.841162 0.117464 0.946057 0.276694 0.944696 0.262542 0.949206 0.262542 0.946057 0.276694 0.949206 0.262542 0.948325 0.276694 0.948325 0.276694 0.949206 0.262542 0.950439 0.276694 0.850098 0.121345 0.846162 0.127441 0.842174 0.123428 0.950439 0.276694 0.949206 0.262542 0.952254 0.26257 0.950439 0.276694 0.952254 0.26257 0.952254 0.276694 0.850098 0.121345 0.851683 0.129837 0.846162 0.127441 0.931046 0.378389 0.931046 0.364265 0.933706 0.364239 0.931046 0.378389 0.933706 0.364239 0.93395 0.378385 0.862276 0.124996 0.858867 0.130843 0.851683 0.129837 0.862276 0.124996 0.851683 0.129837 0.850098 0.121345 0.93395 0.378385 0.933706 0.364239 0.937243 0.364265 0.93395 0.378385 0.937243 0.364265 0.937243 0.378389 0.862276 0.124996 0.865388 0.130016 0.858867 0.130843 0.937243 0.378389 0.937243 0.364265 0.940404 0.364239 0.937243 0.378389 0.940404 0.364239 0.939512 0.378389 0.939512 0.378389 0.940404 0.364239 0.941625 0.378389 0.862276 0.124996 0.872847 0.126472 0.865388 0.130016 0.941625 0.378389 0.940404 0.364239 0.94344 0.364265 0.941625 0.378389 0.94344 0.364265 0.94344 0.378389 0.867637 0.117109 0.872847 0.126472 0.862276 0.124996 0.957487 0.293643 0.958426 0.279492 0.959302 0.293643 0.867637 0.117109 0.876573 0.12099 0.872847 0.126472 0.959302 0.293643 0.958426 0.279492 0.962323 0.279491 0.959302 0.293643 0.962323 0.279491 0.961416 0.293643 0.961416 0.293643 0.962323 0.279491 0.963684 0.293643 0.867637 0.117109 0.875561 0.115026 0.876573 0.12099 0.963684 0.293643 0.962323 0.279491 0.966833 0.279491 0.963684 0.293643 0.966833 0.279491 0.967087 0.29364 0.867637 0.117109 0.871574 0.111013 0.875561 0.115026 0.967087 0.29364 0.966833 0.279491 0.969881 0.279519 0.967087 0.29364 0.969881 0.279519 0.969881 0.293643 0.867637 0.117109 0.866052 0.108617 0.871574 0.111013 0.944267 0.378389 0.944267 0.364265 0.946927 0.364239 0.944267 0.378389 0.946927 0.364239 0.947172 0.378415 0.855387 0.113501 0.858867 0.107611 0.866052 0.108617 0.855387 0.113501 0.866052 0.108617 0.867637 0.117109 0.947172 0.378415 0.946927 0.364239 0.950464 0.364265 0.947172 0.378415 0.950464 0.364265 0.951697 0.378377 0.813833 0.1084 0.823211 0.107711 0.814538 0.110378 0.823211 0.107711 0.829949 0.10983 0.814538 0.110378 0.83324 0.111013 0.837277 0.11489 0.829949 0.10983 0.837277 0.11489 0.83779 0.119936 0.829949 0.10983 0.837891 0.122233 0.836096 0.125035 0.83779 0.119936 0.836096 0.125035 0.83324 0.127441 0.825138 0.125655 0.836096 0.125035 0.825138 0.125655 0.83779 0.119936 0.83324 0.127441 0.827242 0.130051 0.825138 0.125655 0.827242 0.130051 0.820534 0.130843 0.825138 0.125655 0.820534 0.130843 0.815884 0.130447 0.81112 0.128623 0.820534 0.130843 0.81112 0.128623 0.825138 0.125655 0.807828 0.127441 0.804973 0.125035 0.81112 0.128623 0.804973 0.125035 0.803178 0.122233 0.803279 0.118518 0.804973 0.125035 0.803279 0.118518 0.81112 0.128623 0.803952 0.114641 0.807828 0.111013 0.814538 0.110378 0.803952 0.114641 0.814538 0.110378 0.803279 0.118518 0.807828 0.111013 0.813833 0.1084 0.814538 0.110378 0.814538 0.110378 0.829949 0.10983 0.825138 0.125655 0.829949 0.10983 0.83779 0.119936 0.825138 0.125655 0.81112 0.128623 0.803279 0.118518 0.825138 0.125655 0.803279 0.118518 0.814538 0.110378 0.825138 0.125655 0.782567 0.0362694 0.77568 0.0317713 0.782201 0.030944 0.726951 0.344479 0.725718 0.330366 0.728878 0.33034 0.726951 0.344479 0.728878 0.33034 0.7301 0.344491 0.782567 0.0362694 0.768222 0.0353153 0.77568 0.0317713 0.7301 0.344491 0.728878 0.33034 0.731915 0.330366 0.7301 0.344491 0.731915 0.330366 0.731915 0.344491 0.775007 0.0459007 0.768222 0.0353153 0.782567 0.0362694 0.745961 0.293643 0.7469 0.279492 0.748865 0.293639 0.775007 0.0459007 0.764495 0.040797 0.768222 0.0353153 0.748865 0.293639 0.7469 0.279492 0.750797 0.279491 0.748865 0.293639 0.750797 0.279491 0.752159 0.293643 0.775007 0.0459007 0.765508 0.0467612 0.764495 0.040797 0.752159 0.293643 0.750797 0.279491 0.755308 0.279491 0.752159 0.293643 0.755308 0.279491 0.754427 0.293643 0.754427 0.293643 0.755308 0.279491 0.756541 0.293643 0.775007 0.0459007 0.769495 0.0507741 0.765508 0.0467612 0.756541 0.293643 0.755308 0.279491 0.758356 0.279519 0.756541 0.293643 0.758356 0.279519 0.758356 0.293643 0.775007 0.0459007 0.775016 0.0531701 0.769495 0.0507741 0.772402 0.293643 0.772402 0.279519 0.775062 0.279493 0.772402 0.293643 0.775062 0.279493 0.775306 0.293639 0.775007 0.0459007 0.782201 0.0541763 0.775016 0.0531701 0.775306 0.293639 0.775062 0.279493 0.778599 0.279519 0.775306 0.293639 0.778599 0.279519 0.778599 0.293643 0.775007 0.0459007 0.788722 0.0533492 0.782201 0.0541763 0.778599 0.293643 0.778599 0.279519 0.78176 0.279493 0.778599 0.293643 0.78176 0.279493 0.780868 0.293643 0.791158 0.0444649 0.788722 0.0533492 0.775007 0.0459007 0.780868 0.293643 0.78176 0.279493 0.782981 0.293643 0.791158 0.0444649 0.79618 0.0498052 0.788722 0.0533492 0.782981 0.293643 0.78176 0.279493 0.784796 0.279519 0.782981 0.293643 0.784796 0.279519 0.784796 0.293643 0.719521 0.327541 0.72046 0.31339 0.722425 0.327537 0.791158 0.0444649 0.799907 0.0443234 0.79618 0.0498052 0.722425 0.327537 0.72046 0.31339 0.724357 0.313389 0.722425 0.327537 0.724357 0.313389 0.725718 0.327541 0.791158 0.0444649 0.798894 0.0383592 0.799907 0.0443234 0.725718 0.327541 0.724357 0.313389 0.728867 0.313389 0.725718 0.327541 0.728867 0.313389 0.727986 0.327541 0.727986 0.327541 0.728867 0.313389 0.7301 0.327541 0.782567 0.0362694 0.794907 0.0343464 0.798894 0.0383592 0.782567 0.0362694 0.798894 0.0383592 0.791158 0.0444649 0.7301 0.327541 0.728867 0.313389 0.731915 0.313417 0.7301 0.327541 0.731915 0.313417 0.731915 0.327541 0.782567 0.0362694 0.789386 0.0319503 0.794907 0.0343464 0.719521 0.344491 0.719521 0.330366 0.722181 0.33034 0.719521 0.344491 0.722181 0.33034 0.722427 0.344517 0.782567 0.0362694 0.782201 0.030944 0.789386 0.0319503 0.722427 0.344517 0.722181 0.33034 0.725718 0.330366 0.722427 0.344517 0.725718 0.330366 0.726951 0.344479 0.775499 0.0572894 0.784878 0.0565999 0.776204 0.059267 0.784878 0.0565999 0.791615 0.0587191 0.776204 0.059267 0.794907 0.0599018 0.798943 0.0637795 0.791615 0.0587191 0.798943 0.0637795 0.799456 0.0688249 0.791615 0.0587191 0.799557 0.0711223 0.797762 0.0739238 0.799456 0.0688249 0.797762 0.0739238 0.794907 0.0763296 0.786805 0.0745445 0.797762 0.0739238 0.786805 0.0745445 0.799456 0.0688249 0.794907 0.0763296 0.788909 0.0789396 0.786805 0.0745445 0.788909 0.0789396 0.782201 0.079732 0.786805 0.0745445 0.782201 0.079732 0.77755 0.0793361 0.772787 0.0775125 0.782201 0.079732 0.772787 0.0775125 0.786805 0.0745445 0.769495 0.0763296 0.765459 0.072452 0.772787 0.0775125 0.765459 0.072452 0.764945 0.0674065 0.772787 0.0775125 0.764844 0.0651093 0.76664 0.0623077 0.764945 0.0674065 0.76664 0.0623077 0.769495 0.0599018 0.776204 0.059267 0.76664 0.0623077 0.776204 0.059267 0.764945 0.0674065 0.769495 0.0599018 0.775499 0.0572894 0.776204 0.059267 0.776204 0.059267 0.791615 0.0587191 0.786805 0.0745445 0.791615 0.0587191 0.799456 0.0688249 0.786805 0.0745445 0.772787 0.0775125 0.764945 0.0674065 0.786805 0.0745445 0.764945 0.0674065 0.776204 0.059267 0.786805 0.0745445 0.938299 0.0620891 0.929013 0.0573268 0.935534 0.0564996 0.726951 0.293631 0.725718 0.279519 0.728878 0.279493 0.726951 0.293631 0.728878 0.279493 0.7301 0.293643 0.926488 0.0662614 0.921555 0.0608708 0.929013 0.0573268 0.926488 0.0662614 0.929013 0.0573268 0.938299 0.0620891 0.7301 0.293643 0.728878 0.279493 0.731915 0.279519 0.7301 0.293643 0.731915 0.279519 0.731915 0.293643 0.864945 0.293643 0.865884 0.279492 0.867848 0.293639 0.926488 0.0662614 0.917828 0.0663525 0.921555 0.0608708 0.867848 0.293639 0.865884 0.279492 0.869779 0.279491 0.867848 0.293639 0.869779 0.279491 0.871141 0.293643 0.926488 0.0662614 0.918841 0.0723168 0.917828 0.0663525 0.871141 0.293643 0.869779 0.279491 0.874291 0.279491 0.871141 0.293643 0.874291 0.279491 0.874545 0.29364 0.932769 0.0741226 0.918841 0.0723168 0.926488 0.0662614 0.932769 0.0741226 0.922828 0.0763296 0.918841 0.0723168 0.874545 0.29364 0.874291 0.279491 0.877339 0.279519 0.874545 0.29364 0.877339 0.279519 0.877339 0.293643 0.932769 0.0741226 0.92835 0.0787257 0.922828 0.0763296 0.759182 0.293643 0.759182 0.279519 0.761842 0.279493 0.759182 0.293643 0.761842 0.279493 0.762086 0.293639 0.932769 0.0741226 0.935534 0.079732 0.92835 0.0787257 0.762086 0.293639 0.761842 0.279493 0.765379 0.279519 0.762086 0.293639 0.765379 0.279519 0.765379 0.293643 0.932769 0.0741226 0.942055 0.0789047 0.935534 0.079732 0.765379 0.293643 0.765379 0.279519 0.768539 0.279493 0.765379 0.293643 0.768539 0.279493 0.767647 0.293643 0.767647 0.293643 0.768539 0.279493 0.769761 0.293643 0.94458 0.0699701 0.949514 0.0753607 0.942055 0.0789047 0.94458 0.0699701 0.942055 0.0789047 0.932769 0.0741226 0.769761 0.293643 0.768539 0.279493 0.771576 0.279519 0.769761 0.293643 0.771576 0.279519 0.771576 0.293643 0.957487 0.327541 0.958426 0.31339 0.959302 0.327541 0.94458 0.0699701 0.95324 0.069879 0.949514 0.0753607 0.959302 0.327541 0.958426 0.31339 0.962323 0.313389 0.959302 0.327541 0.962323 0.313389 0.961416 0.327541 0.961416 0.327541 0.962323 0.313389 0.963684 0.327541 0.94458 0.0699701 0.952228 0.0639148 0.95324 0.069879 0.963684 0.327541 0.962323 0.313389 0.966833 0.313389 0.963684 0.327541 0.966833 0.313389 0.967087 0.327538 0.938299 0.0620891 0.952228 0.0639148 0.94458 0.0699701 0.938299 0.0620891 0.94824 0.0599018 0.952228 0.0639148 0.967087 0.327538 0.966833 0.313389 0.969881 0.313417 0.967087 0.327538 0.969881 0.313417 0.969881 0.327541 0.938299 0.0620891 0.942719 0.0575059 0.94824 0.0599018 0.719521 0.293643 0.719521 0.279519 0.722181 0.279493 0.719521 0.293643 0.722181 0.279493 0.722427 0.293669 0.938299 0.0620891 0.935534 0.0564996 0.942719 0.0575059 0.722427 0.293669 0.722181 0.279493 0.725718 0.279519 0.722427 0.293669 0.725718 0.279519 0.726951 0.293631 0.813833 0.0572894 0.823211 0.0565999 0.814538 0.059267 0.823211 0.0565999 0.829949 0.0587191 0.814538 0.059267 0.83324 0.0599018 0.837277 0.0637795 0.829949 0.0587191 0.837277 0.0637795 0.83779 0.0688249 0.829949 0.0587191 0.837117 0.0727018 0.83324 0.0763296 0.825138 0.0745445 0.837117 0.0727018 0.825138 0.0745445 0.83779 0.0688249 0.83324 0.0763296 0.827242 0.0789396 0.825138 0.0745445 0.827242 0.0789396 0.820534 0.079732 0.825138 0.0745445 0.820534 0.079732 0.815884 0.0793361 0.81112 0.0775124 0.820534 0.079732 0.81112 0.0775124 0.825138 0.0745445 0.807828 0.0763296 0.804973 0.0739238 0.81112 0.0775124 0.804973 0.0739238 0.803178 0.0711223 0.803279 0.0674065 0.804973 0.0739238 0.803279 0.0674065 0.81112 0.0775124 0.803952 0.0635298 0.807828 0.0599018 0.814538 0.059267 0.803952 0.0635298 0.814538 0.059267 0.803279 0.0674065 0.807828 0.0599018 0.813833 0.0572894 0.814538 0.059267 0.814538 0.059267 0.829949 0.0587191 0.825138 0.0745445 0.829949 0.0587191 0.83779 0.0688249 0.825138 0.0745445 0.81112 0.0775124 0.803279 0.0674065 0.825138 0.0745445 0.803279 0.0674065 0.814538 0.059267 0.825138 0.0745445 0.391334 0.0569825 0.393479 0.0338973 0.404225 0.0324824 0.391334 0.0569825 0.404225 0.0324824 0.412468 0.0542735 0.551044 0.288473 0.551044 0.274079 0.563086 0.274079 0.551044 0.288473 0.563086 0.274079 0.563086 0.288473 0.391334 0.0569825 0.383465 0.0380452 0.393479 0.0338973 0.563086 0.288473 0.563086 0.274079 0.574308 0.274079 0.563086 0.288473 0.574308 0.274079 0.574308 0.288473 0.391334 0.0569825 0.374866 0.0446437 0.383465 0.0380452 0.574308 0.288473 0.574308 0.274079 0.583944 0.274079 0.574308 0.288473 0.583944 0.274079 0.583944 0.288473 0.391334 0.0569825 0.368267 0.0532429 0.374866 0.0446437 0.449052 0.288473 0.449052 0.274079 0.458689 0.274079 0.449052 0.288473 0.458689 0.274079 0.458689 0.288473 0.383102 0.0766534 0.364119 0.063257 0.368267 0.0532429 0.383102 0.0766534 0.368267 0.0532429 0.391334 0.0569825 0.458689 0.288473 0.458689 0.274079 0.46991 0.274079 0.458689 0.288473 0.46991 0.274079 0.46991 0.288473 0.383102 0.0766534 0.362704 0.0740035 0.364119 0.063257 0.46991 0.288473 0.46991 0.274079 0.481953 0.274079 0.46991 0.288473 0.481953 0.274079 0.481953 0.288473 0.383102 0.0766534 0.364119 0.0847498 0.362704 0.0740035 0.481953 0.288473 0.481953 0.274079 0.493995 0.274079 0.481953 0.288473 0.493995 0.274079 0.493995 0.288473 0.383102 0.0766534 0.368267 0.0947639 0.364119 0.0847498 0.493995 0.288473 0.493995 0.274079 0.505217 0.274079 0.493995 0.288473 0.505217 0.274079 0.505217 0.288473 0.395931 0.0936783 0.374866 0.103363 0.368267 0.0947639 0.395931 0.0936783 0.368267 0.0947639 0.383102 0.0766534 0.505217 0.288473 0.505217 0.274079 0.514853 0.274079 0.505217 0.288473 0.514853 0.274079 0.514853 0.288473 0.395931 0.0936783 0.383465 0.109962 0.374866 0.103363 0.518143 0.219382 0.518143 0.204988 0.52778 0.204988 0.518143 0.219382 0.52778 0.204988 0.52778 0.219382 0.395931 0.0936783 0.393479 0.11411 0.383465 0.109962 0.52778 0.219382 0.52778 0.204988 0.539001 0.204988 0.52778 0.219382 0.539001 0.204988 0.539001 0.219382 0.395931 0.0936783 0.404225 0.115524 0.393479 0.11411 0.539001 0.219382 0.539001 0.204988 0.551044 0.204988 0.539001 0.219382 0.551044 0.204988 0.551044 0.219382 0.417117 0.0910244 0.414972 0.11411 0.404225 0.115524 0.417117 0.0910244 0.404225 0.115524 0.395931 0.0936783 0.551044 0.219382 0.551044 0.204988 0.563086 0.204988 0.551044 0.219382 0.563086 0.204988 0.563086 0.219382 0.417117 0.0910244 0.424986 0.109962 0.414972 0.11411 0.563086 0.219382 0.563086 0.204988 0.574308 0.204988 0.563086 0.219382 0.574308 0.204988 0.574308 0.219382 0.417117 0.0910244 0.433585 0.103363 0.424986 0.109962 0.574308 0.219382 0.574308 0.204988 0.583944 0.204988 0.574308 0.219382 0.583944 0.204988 0.583944 0.219382 0.417117 0.0910244 0.440184 0.0947639 0.433585 0.103363 0.587234 0.253928 0.587234 0.239534 0.59687 0.239534 0.587234 0.253928 0.59687 0.239534 0.59687 0.253928 0.425349 0.0713535 0.444332 0.0847498 0.440184 0.0947639 0.425349 0.0713535 0.440184 0.0947639 0.417117 0.0910244 0.59687 0.253928 0.59687 0.239534 0.608092 0.239534 0.59687 0.253928 0.608092 0.239534 0.608092 0.253928 0.425349 0.0713535 0.445747 0.0740035 0.444332 0.0847498 0.608092 0.253928 0.608092 0.239534 0.620135 0.239534 0.608092 0.253928 0.620135 0.239534 0.620135 0.253928 0.425349 0.0713535 0.444332 0.063257 0.445747 0.0740035 0.620135 0.253928 0.620135 0.239534 0.632177 0.239534 0.620135 0.253928 0.632177 0.239534 0.632177 0.253928 0.425349 0.0713535 0.440184 0.0532429 0.444332 0.063257 0.632177 0.253928 0.632177 0.239534 0.643399 0.239534 0.632177 0.253928 0.643399 0.239534 0.643399 0.253928 0.412468 0.0542735 0.433585 0.0446437 0.440184 0.0532429 0.412468 0.0542735 0.440184 0.0532429 0.425349 0.0713535 0.643399 0.253928 0.643399 0.239534 0.653035 0.239534 0.643399 0.253928 0.653035 0.239534 0.653035 0.253928 0.412468 0.0542735 0.424986 0.0380452 0.433585 0.0446437 0.518143 0.288473 0.518143 0.274079 0.52778 0.274079 0.518143 0.288473 0.52778 0.274079 0.52778 0.288473 0.412468 0.0542735 0.414972 0.0338973 0.424986 0.0380452 0.52778 0.288473 0.52778 0.274079 0.539001 0.274079 0.52778 0.288473 0.539001 0.274079 0.539001 0.288473 0.412468 0.0542735 0.404225 0.0324824 0.414972 0.0338973 0.539001 0.288473 0.539001 0.274079 0.551044 0.274079 0.539001 0.288473 0.551044 0.274079 0.551044 0.288473 0.297101 0.0380452 0.307115 0.0338973 0.300681 0.0445552 0.307115 0.0338973 0.320628 0.0339671 0.300681 0.0445552 0.328608 0.0338973 0.338281 0.0389356 0.320628 0.0339671 0.35382 0.0532429 0.357098 0.0636457 0.348128 0.0476493 0.357098 0.0636457 0.359383 0.0740035 0.349 0.0866362 0.359383 0.0740035 0.357968 0.0847498 0.349 0.0866362 0.357968 0.0847498 0.35382 0.0947639 0.349 0.0866362 0.35382 0.0947639 0.347222 0.103363 0.349 0.0866362 0.347222 0.103363 0.338021 0.109221 0.349 0.0866362 0.338021 0.109221 0.328608 0.11411 0.313719 0.107349 0.328608 0.11411 0.317862 0.115524 0.313719 0.107349 0.317862 0.115524 0.307115 0.11411 0.313719 0.107349 0.307115 0.11411 0.297101 0.109962 0.313719 0.107349 0.297101 0.109962 0.287596 0.100358 0.313719 0.107349 0.281904 0.0947639 0.277756 0.0847498 0.284515 0.0698603 0.281904 0.0947639 0.284515 0.0698603 0.287596 0.100358 0.277756 0.0847498 0.276341 0.0740035 0.284515 0.0698603 0.276341 0.0740035 0.277756 0.063257 0.284515 0.0698603 0.277756 0.063257 0.281904 0.0532429 0.284515 0.0698603 0.281904 0.0532429 0.288502 0.0446437 0.300681 0.0445552 0.281904 0.0532429 0.300681 0.0445552 0.284515 0.0698603 0.288502 0.0446437 0.297101 0.0380452 0.300681 0.0445552 0.300681 0.0445552 0.320628 0.0339671 0.317862 0.0740035 0.320628 0.0339671 0.338281 0.0389356 0.317862 0.0740035 0.338281 0.0389356 0.348128 0.0476493 0.317862 0.0740035 0.348128 0.0476493 0.357098 0.0636457 0.317862 0.0740035 0.357098 0.0636457 0.349 0.0866362 0.317862 0.0740035 0.349 0.0866362 0.338021 0.109221 0.317862 0.0740035 0.338021 0.109221 0.313719 0.107349 0.317862 0.0740035 0.313719 0.107349 0.287596 0.100358 0.317862 0.0740035 0.287596 0.100358 0.284515 0.0698603 0.317862 0.0740035 0.284515 0.0698603 0.300681 0.0445552 0.317862 0.0740035 0.859234 0.0618249 0.867825 0.0700204 0.851674 0.0714562 0.820901 0.0362694 0.829491 0.0444649 0.813341 0.0459006 0.744234 0.0362694 0.752825 0.0444649 0.736674 0.0459006 0.867913 0.0444146 0.856102 0.048567 0.861632 0.0365336 0.856102 0.048567 0.849822 0.0407059 0.861632 0.0365336 0.791247 0.0955257 0.779436 0.0996781 0.784966 0.0876447 0.779436 0.0996781 0.773155 0.091817 0.784966 0.0876447 0.855387 0.113501 0.867637 0.117109 0.850098 0.121345 0.867637 0.117109 0.862276 0.124996 0.850098 0.121345 0.782567 0.0362694 0.791158 0.0444649 0.775007 0.0459007 0.94458 0.0699701 0.932769 0.0741226 0.938299 0.0620891 0.932769 0.0741226 0.926488 0.0662614 0.938299 0.0620891 0.417117 0.0910244 0.412468 0.0542735 0.425349 0.0713535 0.417117 0.0910244 0.395931 0.0936783 0.412468 0.0542735 0.395931 0.0936783 0.391334 0.0569825 0.412468 0.0542735 0.395931 0.0936783 0.383102 0.0766534 0.391334 0.0569825</float_array>
                    <technique_common>
                        <accessor count="2100" source="#shape0-lib-map-array" stride="2">
                            <param name="U" type="float"/>
                            <param name="V" type="float"/>
                        </accessor>
                    </technique_common>
                </source>
                <vertices id="shape0-lib-vertices">
                    <input semantic="POSITION" source="#shape0-lib-positions"/>
                </vertices>
                <triangles count="700" material="material0">
                    <input offset="0" semantic="VERTEX" source="#shape0-lib-vertices"/>
                    <input offset="1" semantic="COLOR" source="#shape0-lib-vcolor"/>
                    <input offset="2" semantic="NORMAL" source="#shape0-lib-normals"/>
                    <input offset="3" semantic="TEXCOORD" source="#shape0-lib-map"/>
                    <p>2 2 0 0 23 23 0 1 22 22 0 2 3 3 1 3 22 22 1 4 23 23 1 5 3 3 2 6 23 23 2 7 4 4 2 8 2 2 3 9 24 24 3 10 23 23 3 11 4 4 4 12 23 23 4 13 24 24 4 14 4 4 5 15 24 24 5 16 5 5 5 17 0 0 6 18 24 24 6 19 2 2 6 20 5 5 7 21 24 24 7 22 6 6 7 23 0 0 8 24 25 25 8 25 24 24 8 26 6 6 9 27 24 24 9 28 25 25 9 29 6 6 10 30 25 25 10 31 7 7 10 32 0 0 11 33 26 26 11 34 25 25 11 35 7 7 12 36 25 25 12 37 26 26 12 38 7 7 13 39 26 26 13 40 8 8 13 41 8 8 14 42 26 26 14 43 9 9 14 44 0 0 15 45 27 27 15 46 26 26 15 47 9 9 16 48 26 26 16 49 27 27 16 50 9 9 17 51 27 27 17 52 10 10 17 53 0 0 18 54 28 28 18 55 27 27 18 56 10 10 19 57 27 27 19 58 28 28 19 59 10 10 20 60 28 28 20 61 11 11 20 62 0 0 21 63 29 29 21 64 28 28 21 65 11 11 22 66 28 28 22 67 29 29 22 68 11 11 23 69 29 29 23 70 12 12 23 71 0 0 24 72 30 30 24 73 29 29 24 74 12 12 25 75 29 29 25 76 30 30 25 77 12 12 26 78 30 30 26 79 13 13 26 80 1 1 27 81 30 30 27 82 0 0 27 83 13 13 28 84 30 30 28 85 14 14 28 86 1 1 29 87 31 31 29 88 30 30 29 89 14 14 30 90 30 30 30 91 31 31 30 92 14 14 31 93 31 31 31 94 15 15 31 95 15 15 32 96 31 31 32 97 16 16 32 98 1 1 33 99 32 32 33 100 31 31 33 101 16 16 34 102 31 31 34 103 32 32 34 104 16 16 35 105 32 32 35 106 17 17 35 107 1 1 36 108 33 33 36 109 32 32 36 110 17 17 37 111 32 32 37 112 33 33 37 113 17 17 38 114 33 33 38 115 18 18 38 116 18 18 39 117 33 33 39 118 19 19 39 119 2 2 40 120 34 34 40 121 33 33 40 122 2 2 41 123 33 33 41 124 1 1 41 125 19 19 42 126 33 33 42 127 34 34 42 128 19 19 43 129 34 34 43 130 20 20 43 131 2 2 44 132 35 35 44 133 34 34 44 134 20 20 45 135 34 34 45 136 35 35 45 137 20 20 46 138 35 35 46 139 21 21 46 140 2 2 47 141 22 22 47 142 35 35 47 143 21 21 48 144 35 35 48 145 22 22 48 146 21 21 49 147 22 22 49 148 3 3 49 149 21 21 50 150 3 3 50 151 36 36 50 152 3 3 51 153 4 4 51 154 36 36 51 155 5 5 52 156 6 6 52 157 4 4 52 158 6 6 53 159 7 7 53 160 4 4 53 161 8 8 54 162 9 9 54 163 7 7 54 164 9 9 55 165 10 10 55 166 37 37 55 167 9 9 56 168 37 37 56 169 7 7 56 170 10 10 57 171 11 11 57 172 37 37 57 173 11 11 58 174 12 12 58 175 37 37 58 176 12 12 59 177 13 13 59 178 14 14 59 179 12 12 60 180 14 14 60 181 37 37 60 182 15 15 61 183 16 16 61 184 14 14 61 185 16 16 62 186 17 17 62 187 14 14 62 188 18 18 63 189 19 19 63 190 17 17 63 191 19 19 64 192 20 20 64 193 36 36 64 194 19 19 65 195 36 36 65 196 17 17 65 197 20 20 66 198 21 21 66 199 36 36 66 200 36 36 67 201 4 4 67 202 37 37 67 203 4 4 68 204 7 7 68 205 37 37 68 206 14 14 69 207 17 17 69 208 37 37 69 209 17 17 70 210 36 36 70 211 37 37 70 212 40 40 71 213 62 62 71 214 61 61 71 215 41 41 72 216 61 61 72 217 62 62 72 218 41 41 73 219 62 62 73 220 42 42 73 221 40 40 74 222 63 63 74 223 62 62 74 224 42 42 75 225 62 62 75 226 63 63 75 227 42 42 76 228 63 63 76 229 43 43 76 230 38 38 77 231 63 63 77 232 40 40 77 233 43 43 78 234 63 63 78 235 44 44 78 236 38 38 79 237 64 64 79 238 63 63 79 239 44 44 80 240 63 63 80 241 64 64 80 242 44 44 81 243 64 64 81 244 45 45 81 245 38 38 82 246 65 65 82 247 64 64 82 248 45 45 83 249 64 64 83 250 65 65 83 251 45 45 84 252 65 65 84 253 46 46 84 254 46 46 85 255 65 65 85 256 47 47 85 257 38 38 86 258 66 66 86 259 65 65 86 260 47 47 87 261 65 65 87 262 66 66 87 263 47 47 88 264 66 66 88 265 48 48 88 266 38 38 89 267 67 67 89 268 66 66 89 269 48 48 90 270 66 66 90 271 67 67 90 272 48 48 91 273 67 67 91 274 49 49 91 275 49 49 92 276 67 67 92 277 50 50 92 278 38 38 93 279 68 68 93 280 67 67 93 281 50 50 94 282 67 67 94 283 68 68 94 284 50 50 95 285 68 68 95 286 51 51 95 287 38 38 96 288 69 69 96 289 68 68 96 290 51 51 97 291 68 68 97 292 69 69 97 293 51 51 98 294 69 69 98 295 52 52 98 296 39 39 99 297 69 69 99 298 38 38 99 299 52 52 100 300 69 69 100 301 53 53 100 302 39 39 101 303 70 70 101 304 69 69 101 305 53 53 102 306 69 69 102 307 70 70 102 308 53 53 103 309 70 70 103 310 54 54 103 311 54 54 104 312 70 70 104 313 55 55 104 314 39 39 105 315 71 71 105 316 70 70 105 317 55 55 106 318 70 70 106 319 71 71 106 320 55 55 107 321 71 71 107 322 56 56 107 323 39 39 108 324 72 72 108 325 71 71 108 326 56 56 109 327 71 71 109 328 72 72 109 329 56 56 110 330 72 72 110 331 57 57 110 332 57 57 111 333 72 72 111 334 58 58 111 335 40 40 112 336 73 73 112 337 72 72 112 338 40 40 113 339 72 72 113 340 39 39 113 341 58 58 114 342 72 72 114 343 73 73 114 344 58 58 115 345 73 73 115 346 59 59 115 347 40 40 116 348 74 74 116 349 73 73 116 350 59 59 117 351 73 73 117 352 74 74 117 353 59 59 118 354 74 74 118 355 60 60 118 356 40 40 119 357 61 61 119 358 74 74 119 359 60 60 120 360 74 74 120 361 61 61 120 362 60 60 121 363 61 61 121 364 41 41 121 365 60 60 122 366 41 41 122 367 75 75 122 368 41 41 123 369 42 42 123 370 75 75 123 371 43 43 124 372 44 44 124 373 42 42 124 374 44 44 125 375 45 45 125 376 42 42 125 377 46 46 126 378 47 47 126 379 45 45 126 380 47 47 127 381 48 48 127 382 76 76 127 383 47 47 128 384 76 76 128 385 45 45 128 386 48 48 129 387 49 49 129 388 76 76 129 389 49 49 130 390 50 50 130 391 76 76 130 392 50 50 131 393 51 51 131 394 76 76 131 395 51 51 132 396 52 52 132 397 53 53 132 398 51 51 133 399 53 53 133 400 76 76 133 401 54 54 134 402 55 55 134 403 53 53 134 404 55 55 135 405 56 56 135 406 53 53 135 407 57 57 136 408 58 58 136 409 56 56 136 410 58 58 137 411 59 59 137 412 75 75 137 413 58 58 138 414 75 75 138 415 56 56 138 416 59 59 139 417 60 60 139 418 75 75 139 419 75 75 140 420 42 42 140 421 76 76 140 422 42 42 141 423 45 45 141 424 76 76 141 425 53 53 142 426 56 56 142 427 76 76 142 428 56 56 143 429 75 75 143 430 76 76 143 431 79 79 144 432 100 100 144 433 99 99 144 434 80 80 145 435 99 99 145 436 100 100 145 437 80 80 146 438 100 100 146 439 81 81 146 440 79 79 147 441 101 101 147 442 100 100 147 443 81 81 148 444 100 100 148 445 101 101 148 446 81 81 149 447 101 101 149 448 82 82 149 449 77 77 150 450 101 101 150 451 79 79 150 452 82 82 151 453 101 101 151 454 83 83 151 455 77 77 152 456 102 102 152 457 101 101 152 458 83 83 153 459 101 101 153 460 102 102 153 461 83 83 154 462 102 102 154 463 84 84 154 464 77 77 155 465 103 103 155 466 102 102 155 467 84 84 156 468 102 102 156 469 103 103 156 470 84 84 157 471 103 103 157 472 85 85 157 473 85 85 158 474 103 103 158 475 86 86 158 476 77 77 159 477 104 104 159 478 103 103 159 479 86 86 160 480 103 103 160 481 104 104 160 482 86 86 161 483 104 104 161 484 87 87 161 485 77 77 162 486 105 105 162 487 104 104 162 488 87 87 163 489 104 104 163 490 105 105 163 491 87 87 164 492 105 105 164 493 88 88 164 494 77 77 165 495 106 106 165 496 105 105 165 497 88 88 166 498 105 105 166 499 106 106 166 500 88 88 167 501 106 106 167 502 89 89 167 503 77 77 168 504 107 107 168 505 106 106 168 506 89 89 169 507 106 106 169 508 107 107 169 509 89 89 170 510 107 107 170 511 90 90 170 512 78 78 171 513 107 107 171 514 77 77 171 515 90 90 172 516 107 107 172 517 91 91 172 518 78 78 173 519 108 108 173 520 107 107 173 521 91 91 174 522 107 107 174 523 108 108 174 524 91 91 175 525 108 108 175 526 92 92 175 527 92 92 176 528 108 108 176 529 93 93 176 530 78 78 177 531 109 109 177 532 108 108 177 533 93 93 178 534 108 108 178 535 109 109 178 536 93 93 179 537 109 109 179 538 94 94 179 539 78 78 180 540 110 110 180 541 109 109 180 542 94 94 181 543 109 109 181 544 110 110 181 545 94 94 182 546 110 110 182 547 95 95 182 548 95 95 183 549 110 110 183 550 96 96 183 551 79 79 184 552 111 111 184 553 110 110 184 554 79 79 185 555 110 110 185 556 78 78 185 557 96 96 186 558 110 110 186 559 111 111 186 560 96 96 187 561 111 111 187 562 97 97 187 563 79 79 188 564 112 112 188 565 111 111 188 566 97 97 189 567 111 111 189 568 112 112 189 569 97 97 190 570 112 112 190 571 98 98 190 572 79 79 191 573 99 99 191 574 112 112 191 575 98 98 192 576 112 112 192 577 99 99 192 578 98 98 193 579 99 99 193 580 80 80 193 581 98 98 194 582 80 80 194 583 113 113 194 584 80 80 195 585 81 81 195 586 113 113 195 587 82 82 196 588 83 83 196 589 81 81 196 590 83 83 197 591 84 84 197 592 81 81 197 593 85 85 198 594 86 86 198 595 84 84 198 596 86 86 199 597 87 87 199 598 114 114 199 599 86 86 200 600 114 114 200 601 84 84 200 602 87 87 201 603 88 88 201 604 114 114 201 605 88 88 202 606 89 89 202 607 114 114 202 608 89 89 203 609 90 90 203 610 91 91 203 611 89 89 204 612 91 91 204 613 114 114 204 614 92 92 205 615 93 93 205 616 91 91 205 617 93 93 206 618 94 94 206 619 91 91 206 620 95 95 207 621 96 96 207 622 94 94 207 623 96 96 208 624 97 97 208 625 113 113 208 626 96 96 209 627 113 113 209 628 94 94 209 629 97 97 210 630 98 98 210 631 113 113 210 632 113 113 211 633 81 81 211 634 114 114 211 635 81 81 212 636 84 84 212 637 114 114 212 638 91 91 213 639 94 94 213 640 114 114 213 641 94 94 214 642 113 113 214 643 114 114 214 644 115 115 215 645 140 140 215 646 139 139 215 647 119 119 216 648 139 139 216 649 140 140 216 650 119 119 217 651 140 140 217 652 120 120 217 653 116 116 218 654 141 141 218 655 140 140 218 656 116 116 219 657 140 140 219 658 115 115 219 659 120 120 220 660 140 140 220 661 141 141 220 662 120 120 221 663 141 141 221 664 121 121 221 665 121 121 222 666 141 141 222 667 122 122 222 668 116 116 223 669 142 142 223 670 141 141 223 671 122 122 224 672 141 141 224 673 142 142 224 674 122 122 225 675 142 142 225 676 123 123 225 677 116 116 226 678 143 143 226 679 142 142 226 680 123 123 227 681 142 142 227 682 143 143 227 683 123 123 228 684 143 143 228 685 124 124 228 686 117 117 229 687 143 143 229 688 116 116 229 689 124 124 230 690 143 143 230 691 125 125 230 692 117 117 231 693 144 144 231 694 143 143 231 695 125 125 232 696 143 143 232 697 144 144 232 698 125 125 233 699 144 144 233 700 126 126 233 701 117 117 234 702 145 145 234 703 144 144 234 704 126 126 235 705 144 144 235 706 145 145 235 707 126 126 236 708 145 145 236 709 127 127 236 710 127 127 237 711 145 145 237 712 128 128 237 713 117 117 238 714 146 146 238 715 145 145 238 716 128 128 239 717 145 145 239 718 146 146 239 719 128 128 240 720 146 146 240 721 129 129 240 722 117 117 241 723 147 147 241 724 146 146 241 725 129 129 242 726 146 146 242 727 147 147 242 728 129 129 243 729 147 147 243 730 130 130 243 731 130 130 244 732 147 147 244 733 131 131 244 734 118 118 245 735 148 148 245 736 147 147 245 737 118 118 246 738 147 147 246 739 117 117 246 740 131 131 247 741 147 147 247 742 148 148 247 743 131 131 248 744 148 148 248 745 132 132 248 746 132 132 249 747 148 148 249 748 133 133 249 749 118 118 250 750 149 149 250 751 148 148 250 752 133 133 251 753 148 148 251 754 149 149 251 755 133 133 252 756 149 149 252 757 134 134 252 758 118 118 253 759 150 150 253 760 149 149 253 761 134 134 254 762 149 149 254 763 150 150 254 764 134 134 255 765 150 150 255 766 135 135 255 767 115 115 256 768 150 150 256 769 118 118 256 770 135 135 257 771 150 150 257 772 136 136 257 773 115 115 258 774 151 151 258 775 150 150 258 776 136 136 259 777 150 150 259 778 151 151 259 779 136 136 260 780 151 151 260 781 137 137 260 782 115 115 261 783 152 152 261 784 151 151 261 785 137 137 262 786 151 151 262 787 152 152 262 788 137 137 263 789 152 152 263 790 138 138 263 791 115 115 264 792 139 139 264 793 152 152 264 794 138 138 265 795 152 152 265 796 139 139 265 797 138 138 266 798 139 139 266 799 119 119 266 800 138 138 267 801 119 119 267 802 153 153 267 803 119 119 268 804 120 120 268 805 153 153 268 806 121 121 269 807 122 122 269 808 120 120 269 809 122 122 270 810 123 123 270 811 120 120 270 812 124 124 271 813 125 125 271 814 123 123 271 815 125 125 272 816 126 126 272 817 154 154 272 818 125 125 273 819 154 154 273 820 123 123 273 821 126 126 274 822 127 127 274 823 154 154 274 824 127 127 275 825 128 128 275 826 154 154 275 827 128 128 276 828 129 129 276 829 154 154 276 830 129 129 277 831 130 130 277 832 131 131 277 833 129 129 278 834 131 131 278 835 154 154 278 836 132 132 279 837 133 133 279 838 131 131 279 839 133 133 280 840 134 134 280 841 131 131 280 842 135 135 281 843 136 136 281 844 134 134 281 845 136 136 282 846 137 137 282 847 153 153 282 848 136 136 283 849 153 153 283 850 134 134 283 851 137 137 284 852 138 138 284 853 153 153 284 854 153 153 285 855 120 120 285 856 154 154 285 857 120 120 286 858 123 123 286 859 154 154 286 860 131 131 287 861 134 134 287 862 154 154 287 863 134 134 288 864 153 153 288 865 154 154 288 866 155 155 289 867 179 179 289 868 178 178 289 869 159 159 290 870 178 178 290 871 179 179 290 872 159 159 291 873 179 179 291 874 160 160 291 875 156 156 292 876 180 180 292 877 179 179 292 878 156 156 293 879 179 179 293 880 155 155 293 881 160 160 294 882 179 179 294 883 180 180 294 884 160 160 295 885 180 180 295 886 161 161 295 887 161 161 296 888 180 180 296 889 162 162 296 890 156 156 297 891 181 181 297 892 180 180 297 893 162 162 298 894 180 180 298 895 181 181 298 896 162 162 299 897 181 181 299 898 163 163 299 899 156 156 300 900 182 182 300 901 181 181 300 902 163 163 301 903 181 181 301 904 182 182 301 905 163 163 302 906 182 182 302 907 164 164 302 908 157 157 303 909 182 182 303 910 156 156 303 911 164 164 304 912 182 182 304 913 165 165 304 914 157 157 305 915 183 183 305 916 182 182 305 917 165 165 306 918 182 182 306 919 183 183 306 920 165 165 307 921 183 183 307 922 166 166 307 923 157 157 308 924 184 184 308 925 183 183 308 926 166 166 309 927 183 183 309 928 184 184 309 929 166 166 310 930 184 184 310 931 167 167 310 932 157 157 311 933 185 185 311 934 184 184 311 935 167 167 312 936 184 184 312 937 185 185 312 938 167 167 313 939 185 185 313 940 168 168 313 941 157 157 314 942 186 186 314 943 185 185 314 944 168 168 315 945 185 185 315 946 186 186 315 947 168 168 316 948 186 186 316 949 169 169 316 950 169 169 317 951 186 186 317 952 170 170 317 953 158 158 318 954 187 187 318 955 186 186 318 956 158 158 319 957 186 186 319 958 157 157 319 959 170 170 320 960 186 186 320 961 187 187 320 962 170 170 321 963 187 187 321 964 171 171 321 965 171 171 322 966 187 187 322 967 172 172 322 968 158 158 323 969 188 188 323 970 187 187 323 971 172 172 324 972 187 187 324 973 188 188 324 974 172 172 325 975 188 188 325 976 173 173 325 977 158 158 326 978 189 189 326 979 188 188 326 980 173 173 327 981 188 188 327 982 189 189 327 983 173 173 328 984 189 189 328 985 174 174 328 986 155 155 329 987 189 189 329 988 158 158 329 989 174 174 330 990 189 189 330 991 175 175 330 992 155 155 331 993 190 190 331 994 189 189 331 995 175 175 332 996 189 189 332 997 190 190 332 998 175 175 333 999 190 190 333 1000 176 176 333 1001 155 155 334 1002 191 191 334 1003 190 190 334 1004 176 176 335 1005 190 190 335 1006 191 191 335 1007 176 176 336 1008 191 191 336 1009 177 177 336 1010 155 155 337 1011 178 178 337 1012 191 191 337 1013 177 177 338 1014 191 191 338 1015 178 178 338 1016 177 177 339 1017 178 178 339 1018 159 159 339 1019 177 177 340 1020 159 159 340 1021 192 192 340 1022 159 159 341 1023 160 160 341 1024 192 192 341 1025 161 161 342 1026 162 162 342 1027 160 160 342 1028 162 162 343 1029 163 163 343 1030 160 160 343 1031 164 164 344 1032 165 165 344 1033 163 163 344 1034 165 165 345 1035 166 166 345 1036 193 193 345 1037 165 165 346 1038 193 193 346 1039 163 163 346 1040 166 166 347 1041 167 167 347 1042 193 193 347 1043 167 167 348 1044 168 168 348 1045 193 193 348 1046 168 168 349 1047 169 169 349 1048 170 170 349 1049 168 168 350 1050 170 170 350 1051 193 193 350 1052 171 171 351 1053 172 172 351 1054 170 170 351 1055 172 172 352 1056 173 173 352 1057 170 170 352 1058 174 174 353 1059 175 175 353 1060 173 173 353 1061 175 175 354 1062 176 176 354 1063 192 192 354 1064 175 175 355 1065 192 192 355 1066 173 173 355 1067 176 176 356 1068 177 177 356 1069 192 192 356 1070 192 192 357 1071 160 160 357 1072 193 193 357 1073 160 160 358 1074 163 163 358 1075 193 193 358 1076 170 170 359 1077 173 173 359 1078 193 193 359 1079 173 173 360 1080 192 192 360 1081 193 193 360 1082 194 194 361 1083 218 218 361 1084 217 217 361 1085 198 198 362 1086 217 217 362 1087 218 218 362 1088 198 198 363 1089 218 218 363 1090 199 199 363 1091 194 194 364 1092 219 219 364 1093 218 218 364 1094 199 199 365 1095 218 218 365 1096 219 219 365 1097 199 199 366 1098 219 219 366 1099 200 200 366 1100 195 195 367 1101 219 219 367 1102 194 194 367 1103 200 200 368 1104 219 219 368 1105 201 201 368 1106 195 195 369 1107 220 220 369 1108 219 219 369 1109 201 201 370 1110 219 219 370 1111 220 220 370 1112 201 201 371 1113 220 220 371 1114 202 202 371 1115 195 195 372 1116 221 221 372 1117 220 220 372 1118 202 202 373 1119 220 220 373 1120 221 221 373 1121 202 202 374 1122 221 221 374 1123 203 203 374 1124 203 203 375 1125 221 221 375 1126 204 204 375 1127 195 195 376 1128 222 222 376 1129 221 221 376 1130 204 204 377 1131 221 221 377 1132 222 222 377 1133 204 204 378 1134 222 222 378 1135 205 205 378 1136 195 195 379 1137 223 223 379 1138 222 222 379 1139 205 205 380 1140 222 222 380 1141 223 223 380 1142 205 205 381 1143 223 223 381 1144 206 206 381 1145 196 196 382 1146 224 224 382 1147 223 223 382 1148 196 196 383 1149 223 223 383 1150 195 195 383 1151 206 206 384 1152 223 223 384 1153 224 224 384 1154 206 206 385 1155 224 224 385 1156 207 207 385 1157 196 196 386 1158 225 225 386 1159 224 224 386 1160 207 207 387 1161 224 224 387 1162 225 225 387 1163 207 207 388 1164 225 225 388 1165 208 208 388 1166 208 208 389 1167 225 225 389 1168 209 209 389 1169 196 196 390 1170 226 226 390 1171 225 225 390 1172 209 209 391 1173 225 225 391 1174 226 226 391 1175 209 209 392 1176 226 226 392 1177 210 210 392 1178 197 197 393 1179 226 226 393 1180 196 196 393 1181 210 210 394 1182 226 226 394 1183 211 211 394 1184 197 197 395 1185 227 227 395 1186 226 226 395 1187 211 211 396 1188 226 226 396 1189 227 227 396 1190 211 211 397 1191 227 227 397 1192 212 212 397 1193 212 212 398 1194 227 227 398 1195 213 213 398 1196 197 197 399 1197 228 228 399 1198 227 227 399 1199 213 213 400 1200 227 227 400 1201 228 228 400 1202 213 213 401 1203 228 228 401 1204 214 214 401 1205 197 197 402 1206 229 229 402 1207 228 228 402 1208 214 214 403 1209 228 228 403 1210 229 229 403 1211 214 214 404 1212 229 229 404 1213 215 215 404 1214 197 197 405 1215 230 230 405 1216 229 229 405 1217 215 215 406 1218 229 229 406 1219 230 230 406 1220 215 215 407 1221 230 230 407 1222 216 216 407 1223 194 194 408 1224 217 217 408 1225 230 230 408 1226 194 194 409 1227 230 230 409 1228 197 197 409 1229 216 216 410 1230 230 230 410 1231 217 217 410 1232 216 216 411 1233 217 217 411 1234 198 198 411 1235 216 216 412 1236 198 198 412 1237 231 231 412 1238 198 198 413 1239 199 199 413 1240 231 231 413 1241 200 200 414 1242 201 201 414 1243 199 199 414 1244 201 201 415 1245 202 202 415 1246 199 199 415 1247 203 203 416 1248 204 204 416 1249 202 202 416 1250 204 204 417 1251 205 205 417 1252 232 232 417 1253 204 204 418 1254 232 232 418 1255 202 202 418 1256 205 205 419 1257 206 206 419 1258 232 232 419 1259 206 206 420 1260 207 207 420 1261 232 232 420 1262 207 207 421 1263 208 208 421 1264 209 209 421 1265 207 207 422 1266 209 209 422 1267 232 232 422 1268 210 210 423 1269 211 211 423 1270 209 209 423 1271 211 211 424 1272 212 212 424 1273 213 213 424 1274 211 211 425 1275 213 213 425 1276 209 209 425 1277 214 214 426 1278 215 215 426 1279 231 231 426 1280 214 214 427 1281 231 231 427 1282 213 213 427 1283 215 215 428 1284 216 216 428 1285 231 231 428 1286 231 231 429 1287 199 199 429 1288 232 232 429 1289 199 199 430 1290 202 202 430 1291 232 232 430 1292 209 209 431 1293 213 213 431 1294 232 232 431 1295 213 213 432 1296 231 231 432 1297 232 232 432 1298 235 235 433 1299 256 256 433 1300 255 255 433 1301 236 236 434 1302 255 255 434 1303 256 256 434 1304 236 236 435 1305 256 256 435 1306 237 237 435 1307 235 235 436 1308 257 257 436 1309 256 256 436 1310 237 237 437 1311 256 256 437 1312 257 257 437 1313 237 237 438 1314 257 257 438 1315 238 238 438 1316 233 233 439 1317 257 257 439 1318 235 235 439 1319 238 238 440 1320 257 257 440 1321 239 239 440 1322 233 233 441 1323 258 258 441 1324 257 257 441 1325 239 239 442 1326 257 257 442 1327 258 258 442 1328 239 239 443 1329 258 258 443 1330 240 240 443 1331 233 233 444 1332 259 259 444 1333 258 258 444 1334 240 240 445 1335 258 258 445 1336 259 259 445 1337 240 240 446 1338 259 259 446 1339 241 241 446 1340 241 241 447 1341 259 259 447 1342 242 242 447 1343 233 233 448 1344 260 260 448 1345 259 259 448 1346 242 242 449 1347 259 259 449 1348 260 260 449 1349 242 242 450 1350 260 260 450 1351 243 243 450 1352 233 233 451 1353 261 261 451 1354 260 260 451 1355 243 243 452 1356 260 260 452 1357 261 261 452 1358 243 243 453 1359 261 261 453 1360 244 244 453 1361 233 233 454 1362 262 262 454 1363 261 261 454 1364 244 244 455 1365 261 261 455 1366 262 262 455 1367 244 244 456 1368 262 262 456 1369 245 245 456 1370 233 233 457 1371 263 263 457 1372 262 262 457 1373 245 245 458 1374 262 262 458 1375 263 263 458 1376 245 245 459 1377 263 263 459 1378 246 246 459 1379 234 234 460 1380 263 263 460 1381 233 233 460 1382 246 246 461 1383 263 263 461 1384 247 247 461 1385 234 234 462 1386 264 264 462 1387 263 263 462 1388 247 247 463 1389 263 263 463 1390 264 264 463 1391 247 247 464 1392 264 264 464 1393 248 248 464 1394 248 248 465 1395 264 264 465 1396 249 249 465 1397 234 234 466 1398 265 265 466 1399 264 264 466 1400 249 249 467 1401 264 264 467 1402 265 265 467 1403 249 249 468 1404 265 265 468 1405 250 250 468 1406 234 234 469 1407 266 266 469 1408 265 265 469 1409 250 250 470 1410 265 265 470 1411 266 266 470 1412 250 250 471 1413 266 266 471 1414 251 251 471 1415 251 251 472 1416 266 266 472 1417 252 252 472 1418 235 235 473 1419 267 267 473 1420 266 266 473 1421 235 235 474 1422 266 266 474 1423 234 234 474 1424 252 252 475 1425 266 266 475 1426 267 267 475 1427 252 252 476 1428 267 267 476 1429 253 253 476 1430 235 235 477 1431 268 268 477 1432 267 267 477 1433 253 253 478 1434 267 267 478 1435 268 268 478 1436 253 253 479 1437 268 268 479 1438 254 254 479 1439 235 235 480 1440 255 255 480 1441 268 268 480 1442 254 254 481 1443 268 268 481 1444 255 255 481 1445 254 254 482 1446 255 255 482 1447 236 236 482 1448 254 254 483 1449 236 236 483 1450 269 269 483 1451 236 236 484 1452 237 237 484 1453 269 269 484 1454 238 238 485 1455 239 239 485 1456 237 237 485 1457 239 239 486 1458 240 240 486 1459 237 237 486 1460 241 241 487 1461 242 242 487 1462 240 240 487 1463 242 242 488 1464 243 243 488 1465 270 270 488 1466 242 242 489 1467 270 270 489 1468 240 240 489 1469 243 243 490 1470 244 244 490 1471 270 270 490 1472 244 244 491 1473 245 245 491 1474 270 270 491 1475 245 245 492 1476 246 246 492 1477 247 247 492 1478 245 245 493 1479 247 247 493 1480 270 270 493 1481 248 248 494 1482 249 249 494 1483 247 247 494 1484 249 249 495 1485 250 250 495 1486 247 247 495 1487 251 251 496 1488 252 252 496 1489 250 250 496 1490 252 252 497 1491 253 253 497 1492 269 269 497 1493 252 252 498 1494 269 269 498 1495 250 250 498 1496 253 253 499 1497 254 254 499 1498 269 269 499 1499 269 269 500 1500 237 237 500 1501 270 270 500 1502 237 237 501 1503 240 240 501 1504 270 270 501 1505 247 247 502 1506 250 250 502 1507 270 270 502 1508 250 250 503 1509 269 269 503 1510 270 270 503 1511 271 271 504 1512 294 294 504 1513 293 293 504 1514 275 275 505 1515 293 293 505 1516 294 294 505 1517 275 275 506 1518 294 294 506 1519 276 276 506 1520 272 272 507 1521 295 295 507 1522 294 294 507 1523 272 272 508 1524 294 294 508 1525 271 271 508 1526 276 276 509 1527 294 294 509 1528 295 295 509 1529 276 276 510 1530 295 295 510 1531 277 277 510 1532 277 277 511 1533 295 295 511 1534 278 278 511 1535 272 272 512 1536 296 296 512 1537 295 295 512 1538 278 278 513 1539 295 295 513 1540 296 296 513 1541 278 278 514 1542 296 296 514 1543 279 279 514 1544 272 272 515 1545 297 297 515 1546 296 296 515 1547 279 279 516 1548 296 296 516 1549 297 297 516 1550 279 279 517 1551 297 297 517 1552 280 280 517 1553 273 273 518 1554 297 297 518 1555 272 272 518 1556 273 273 519 1557 298 298 519 1558 297 297 519 1559 280 280 520 1560 297 297 520 1561 298 298 520 1562 280 280 521 1563 298 298 521 1564 281 281 521 1565 273 273 522 1566 299 299 522 1567 298 298 522 1568 281 281 523 1569 298 298 523 1570 299 299 523 1571 281 281 524 1572 299 299 524 1573 282 282 524 1574 273 273 525 1575 300 300 525 1576 299 299 525 1577 282 282 526 1578 299 299 526 1579 300 300 526 1580 282 282 527 1581 300 300 527 1582 283 283 527 1583 273 273 528 1584 301 301 528 1585 300 300 528 1586 283 283 529 1587 300 300 529 1588 301 301 529 1589 283 283 530 1590 301 301 530 1591 284 284 530 1592 284 284 531 1593 301 301 531 1594 285 285 531 1595 274 274 532 1596 302 302 532 1597 301 301 532 1598 274 274 533 1599 301 301 533 1600 273 273 533 1601 285 285 534 1602 301 301 534 1603 302 302 534 1604 285 285 535 1605 302 302 535 1606 286 286 535 1607 286 286 536 1608 302 302 536 1609 287 287 536 1610 274 274 537 1611 303 303 537 1612 302 302 537 1613 287 287 538 1614 302 302 538 1615 303 303 538 1616 287 287 539 1617 303 303 539 1618 288 288 539 1619 288 288 540 1620 303 303 540 1621 289 289 540 1622 274 274 541 1623 304 304 541 1624 303 303 541 1625 289 289 542 1626 303 303 542 1627 304 304 542 1628 289 289 543 1629 304 304 543 1630 290 290 543 1631 271 271 544 1632 304 304 544 1633 274 274 544 1634 271 271 545 1635 305 305 545 1636 304 304 545 1637 290 290 546 1638 304 304 546 1639 305 305 546 1640 290 290 547 1641 305 305 547 1642 291 291 547 1643 271 271 548 1644 306 306 548 1645 305 305 548 1646 291 291 549 1647 305 305 549 1648 306 306 549 1649 291 291 550 1650 306 306 550 1651 292 292 550 1652 271 271 551 1653 293 293 551 1654 306 306 551 1655 292 292 552 1656 306 306 552 1657 293 293 552 1658 292 292 553 1659 293 293 553 1660 275 275 553 1661 292 292 554 1662 275 275 554 1663 307 307 554 1664 275 275 555 1665 276 276 555 1666 307 307 555 1667 277 277 556 1668 278 278 556 1669 276 276 556 1670 278 278 557 1671 279 279 557 1672 276 276 557 1673 280 280 558 1674 281 281 558 1675 308 308 558 1676 280 280 559 1677 308 308 559 1678 279 279 559 1679 281 281 560 1680 282 282 560 1681 308 308 560 1682 282 282 561 1683 283 283 561 1684 308 308 561 1685 283 283 562 1686 284 284 562 1687 285 285 562 1688 283 283 563 1689 285 285 563 1690 308 308 563 1691 286 286 564 1692 287 287 564 1693 285 285 564 1694 287 287 565 1695 288 288 565 1696 289 289 565 1697 287 287 566 1698 289 289 566 1699 285 285 566 1700 290 290 567 1701 291 291 567 1702 307 307 567 1703 290 290 568 1704 307 307 568 1705 289 289 568 1706 291 291 569 1707 292 292 569 1708 307 307 569 1709 307 307 570 1710 276 276 570 1711 308 308 570 1712 276 276 571 1713 279 279 571 1714 308 308 571 1715 285 285 572 1716 289 289 572 1717 308 308 572 1718 289 289 573 1719 307 307 573 1720 308 308 573 1721 309 309 574 1722 337 337 574 1723 336 336 574 1724 309 309 575 1725 336 336 575 1726 314 314 575 1727 315 315 576 1728 336 336 576 1729 337 337 576 1730 315 315 577 1731 337 337 577 1732 316 316 577 1733 309 309 578 1734 338 338 578 1735 337 337 578 1736 316 316 579 1737 337 337 579 1738 338 338 579 1739 316 316 580 1740 338 338 580 1741 360 360 580 1742 309 309 581 1743 339 339 581 1744 338 338 581 1745 360 360 582 1746 338 338 582 1747 339 339 582 1748 360 360 583 1749 339 339 583 1750 317 317 583 1751 309 309 584 1752 340 340 584 1753 339 339 584 1754 317 317 585 1755 339 339 585 1756 340 340 585 1757 317 317 586 1758 340 340 586 1759 318 318 586 1760 310 310 587 1761 341 341 587 1762 340 340 587 1763 310 310 588 1764 340 340 588 1765 309 309 588 1766 318 318 589 1767 340 340 589 1768 341 341 589 1769 318 318 590 1770 341 341 590 1771 361 361 590 1772 310 310 591 1773 342 342 591 1774 341 341 591 1775 361 361 592 1776 341 341 592 1777 342 342 592 1778 361 361 593 1779 342 342 593 1780 319 319 593 1781 310 310 594 1782 343 343 594 1783 342 342 594 1784 319 319 595 1785 342 342 595 1786 343 343 595 1787 319 319 596 1788 343 343 596 1789 320 320 596 1790 310 310 597 1791 344 344 597 1792 343 343 597 1793 320 320 598 1794 343 343 598 1795 344 344 598 1796 320 320 599 1797 344 344 599 1798 321 321 599 1799 311 311 600 1800 345 345 600 1801 344 344 600 1802 311 311 601 1803 344 344 601 1804 310 310 601 1805 321 321 602 1806 344 344 602 1807 345 345 602 1808 321 321 603 1809 345 345 603 1810 322 322 603 1811 311 311 604 1812 346 346 604 1813 345 345 604 1814 322 322 605 1815 345 345 605 1816 346 346 605 1817 322 322 606 1818 346 346 606 1819 363 363 606 1820 311 311 607 1821 347 347 607 1822 346 346 607 1823 363 363 608 1824 346 346 608 1825 347 347 608 1826 363 363 609 1827 347 347 609 1828 323 323 609 1829 311 311 610 1830 348 348 610 1831 347 347 610 1832 323 323 611 1833 347 347 611 1834 348 348 611 1835 323 323 612 1836 348 348 612 1837 324 324 612 1838 312 312 613 1839 349 349 613 1840 348 348 613 1841 312 312 614 1842 348 348 614 1843 311 311 614 1844 324 324 615 1845 348 348 615 1846 349 349 615 1847 324 324 616 1848 349 349 616 1849 325 325 616 1850 312 312 617 1851 350 350 617 1852 349 349 617 1853 325 325 618 1854 349 349 618 1855 350 350 618 1856 325 325 619 1857 350 350 619 1858 326 326 619 1859 312 312 620 1860 351 351 620 1861 350 350 620 1862 326 326 621 1863 350 350 621 1864 351 351 621 1865 326 326 622 1866 351 351 622 1867 327 327 622 1868 312 312 623 1869 352 352 623 1870 351 351 623 1871 327 327 624 1872 351 351 624 1873 352 352 624 1874 327 327 625 1875 352 352 625 1876 328 328 625 1877 313 313 626 1878 353 353 626 1879 352 352 626 1880 313 313 627 1881 352 352 627 1882 312 312 627 1883 328 328 628 1884 352 352 628 1885 353 353 628 1886 328 328 629 1887 353 353 629 1888 329 329 629 1889 313 313 630 1890 354 354 630 1891 353 353 630 1892 329 329 631 1893 353 353 631 1894 354 354 631 1895 329 329 632 1896 354 354 632 1897 330 330 632 1898 313 313 633 1899 355 355 633 1900 354 354 633 1901 330 330 634 1902 354 354 634 1903 355 355 634 1904 330 330 635 1905 355 355 635 1906 331 331 635 1907 313 313 636 1908 356 356 636 1909 355 355 636 1910 331 331 637 1911 355 355 637 1912 356 356 637 1913 331 331 638 1914 356 356 638 1915 332 332 638 1916 314 314 639 1917 357 357 639 1918 356 356 639 1919 314 314 640 1920 356 356 640 1921 313 313 640 1922 332 332 641 1923 356 356 641 1924 357 357 641 1925 332 332 642 1926 357 357 642 1927 333 333 642 1928 314 314 643 1929 358 358 643 1930 357 357 643 1931 333 333 644 1932 357 357 644 1933 358 358 644 1934 333 333 645 1935 358 358 645 1936 334 334 645 1937 314 314 646 1938 359 359 646 1939 358 358 646 1940 334 334 647 1941 358 358 647 1942 359 359 647 1943 334 334 648 1944 359 359 648 1945 335 335 648 1946 314 314 649 1947 336 336 649 1948 359 359 649 1949 335 335 650 1950 359 359 650 1951 336 336 650 1952 335 335 651 1953 336 336 651 1954 315 315 651 1955 334 334 652 1956 335 335 652 1957 366 366 652 1958 335 335 653 1959 315 315 653 1960 366 366 653 1961 316 316 654 1962 360 360 654 1963 315 315 654 1964 318 318 655 1965 361 361 655 1966 317 317 655 1967 361 361 656 1968 319 319 656 1969 362 362 656 1970 319 319 657 1971 320 320 657 1972 362 362 657 1973 320 320 658 1974 321 321 658 1975 362 362 658 1976 321 321 659 1977 322 322 659 1978 362 362 659 1979 322 322 660 1980 363 363 660 1981 362 362 660 1982 363 363 661 1983 323 323 661 1984 364 364 661 1985 323 323 662 1986 324 324 662 1987 364 364 662 1988 324 324 663 1989 325 325 663 1990 364 364 663 1991 325 325 664 1992 326 326 664 1993 364 364 664 1994 326 326 665 1995 327 327 665 1996 364 364 665 1997 328 328 666 1998 329 329 666 1999 365 365 666 2000 328 328 667 2001 365 365 667 2002 327 327 667 2003 329 329 668 2004 330 330 668 2005 365 365 668 2006 330 330 669 2007 331 331 669 2008 365 365 669 2009 331 331 670 2010 332 332 670 2011 365 365 670 2012 332 332 671 2013 333 333 671 2014 366 366 671 2015 332 332 672 2016 366 366 672 2017 365 365 672 2018 333 333 673 2019 334 334 673 2020 366 366 673 2021 366 366 674 2022 315 315 674 2023 367 367 674 2024 315 315 675 2025 360 360 675 2026 367 367 675 2027 360 360 676 2028 317 317 676 2029 367 367 676 2030 317 317 677 2031 361 361 677 2032 367 367 677 2033 361 361 678 2034 362 362 678 2035 367 367 678 2036 362 362 679 2037 363 363 679 2038 367 367 679 2039 363 363 680 2040 364 364 680 2041 367 367 680 2042 364 364 681 2043 327 327 681 2044 367 367 681 2045 327 327 682 2046 365 365 682 2047 367 367 682 2048 365 365 683 2049 366 366 683 2050 367 367 683 2051 2 2 684 2052 1 1 684 2053 0 0 684 2054 40 40 685 2055 39 39 685 2056 38 38 685 2057 79 79 686 2058 78 78 686 2059 77 77 686 2060 118 118 687 2061 117 117 687 2062 115 115 687 2063 117 117 688 2064 116 116 688 2065 115 115 688 2066 158 158 689 2067 157 157 689 2068 155 155 689 2069 157 157 690 2070 156 156 690 2071 155 155 690 2072 194 194 691 2073 197 197 691 2074 195 195 691 2075 197 197 692 2076 196 196 692 2077 195 195 692 2078 235 235 693 2079 234 234 693 2080 233 233 693 2081 274 274 694 2082 273 273 694 2083 271 271 694 2084 273 273 695 2085 272 272 695 2086 271 271 695 2087 312 312 696 2088 314 314 696 2089 313 313 696 2090 312 312 697 2091 311 311 697 2092 314 314 697 2093 311 311 698 2094 309 309 698 2095 314 314 698 2096 311 311 699 2097 310 310 699 2098 309 309 699 2099</p>
                </triangles>
            </mesh>
        </geometry>
    </library_geometries>
    <library_visual_scenes>
        <visual_scene id="VisualSceneNode" name="VisualScene">
            <node id="node" name="node">
                <instance_geometry url="#shape0-lib">
                    <bind_material>
                        <technique_common>
                            <instance_material symbol="material0" target="#material0">
                                <bind_vertex_input semantic="UVSET0" input_semantic="TEXCOORD"/>
                            </instance_material>
                        </technique_common>
                    </bind_material>
                </instance_geometry>
            </node>
        </visual_scene>
    </library_visual_scenes>
    <scene>
        <instance_visual_scene url="#VisualSceneNode"/>
    </scene>
</COLLADA>
