<?xml version="1.0" encoding="UTF-8"?>
<COLLADA xmlns="http://www.collada.org/2005/11/COLLADASchema" version="1.4.1">
    <asset>
        <contributor>
            <author>VCGLab</author>
            <authoring_tool>VCGLib | MeshLab</authoring_tool>
        </contributor>
        <created>Thu Jul 3 02:02:14 2025 GMT</created>
        <modified>Thu Jul 3 02:02:14 2025 GMT</modified>
        <up_axis>Y_UP</up_axis>
    </asset>
    <library_images>
        <image id="texture0" name="texture0">
            <init_from>./image/shelf_items.png</init_from>
        </image>
    </library_images>
    <library_materials>
        <material id="material0" name="material0">
            <instance_effect url="#material0-fx"/>
        </material>
    </library_materials>
    <library_effects>
        <effect id="material0-fx">
            <profile_COMMON>
                <newparam sid="texture0-surface">
                    <surface type="2D">
                        <init_from>texture0</init_from>
                        <format>R8G8B8</format>
                    </surface>
                </newparam>
                <newparam sid="texture0-sampler">
                    <sampler2D>
                        <source>texture0-surface</source>
                        <minfilter>LINEAR</minfilter>
                        <magfilter>LINEAR</magfilter>
                    </sampler2D>
                </newparam>
                <technique sid="common">
                    <blinn>
                        <diffuse>
                            <texture texture="texture0-sampler" texcoord="UVSET0"/>
                        </diffuse>
                    </blinn>
                </technique>
            </profile_COMMON>
        </effect>
    </library_effects>
    <library_geometries>
        <geometry id="shape0-lib" name="shape0">
            <mesh>
                <source id="shape0-lib-positions" name="position">
                    <float_array id="shape0-lib-positions-array" count="1155">-0.113723 0.00091131 0.0091729 0.107189 0.268887 0.00182858 0.107475 0.262536 0.0162322 0.0795109 0.256148 0.00978675 0.0995232 0.015 -0.001 0.10467 0.269257 -0.0176093 0.0233716 0.306812 -0.00640805 0.0506415 0.293128 -0.0128609 0.0668286 0.289204 -0.0286721 0.0767816 0.274157 -0.0403843 0.0551882 0.299385 0.00944937 0.087716 0.270103 -0.0634085 0.0411396 0.291484 -0.0326172 0.035262 0.294157 -0.0504155 0.0974862 0.280671 -0.047349 0.0495747 0.296208 -0.0349722 0.0568923 0.270994 -0.0754875 0.0654627 0.279479 -0.0860115 0.0415736 0.270213 -0.100269 0.0117868 0.306572 -0.0230495 0.0186917 0.320621 -0.0313407 0.0157329 0.308455 -0.0203687 0.0231929 0.293857 -0.0467684 -0.00558864 0.306609 -0.0245457 0.0160858 0.279806 -0.107586 -0.00848263 0.268926 -0.105394 0.0148635 0.294895 -0.0597976 -0.00670894 0.320198 -0.0370199 -0.0197088 0.281376 -0.0793488 0.00741946 0.286536 -0.0778337 -0.0408537 0.27939 -0.101268 -0.0380999 0.270615 -0.0869518 -0.00872802 0.29208 -0.0528194 -0.015605 0.295632 -0.060304 -0.00248721 0.290327 -0.0870195 -0.0207444 0.307534 -0.0136682 -0.0623433 0.270102 -0.0887669 -0.0208606 0.294323 -0.0485272 -0.0285544 0.329664 -0.0129894 0.0103999 0.33583 -0.0200912 -0.0551526 0.289545 -0.0440998 -0.0992691 0.270213 -0.0425735 -0.0755647 0.270371 -0.0569879 -0.083139 0.280799 -0.0690265 -0.0267948 0.316471 -0.0223437 -0.106546 0.281026 -0.0150976 -0.0492087 0.294126 -0.0382237 -0.0556293 0.297086 -0.0253553 -0.0236539 0.306728 0.00426768 -0.104394 0.268926 0.00748223 -0.0766848 0.286837 -0.00436364 -0.0461072 0.292756 -0.0252122 -0.0364764 0.320302 0.00180099 -0.0515958 0.291986 0.0099109 -0.0606233 0.293983 0.00614812 -0.0784439 0.280616 0.0182495 -0.0972326 0.280697 0.0459137 -0.0151091 0.336471 0.0122082 -0.043896 0.297935 0.0344592 -0.0126948 0.307213 0.0195972 -0.0596562 0.288241 0.0389913 -0.0877668 0.270102 0.0613436 -0.0823811 0.270471 0.0468047 -0.0406134 0.293693 0.0310123 -0.0230887 0.320012 0.0270753 -0.0691119 0.27939 0.0815838 -0.0482764 0.270828 0.0787752 -0.0121793 0.286937 0.0739156 -0.0412339 0.272608 0.0990836 -0.0206426 0.291959 0.0465881 -0.022283 0.293446 0.0628296 0.00848207 0.268926 0.103394 -0.00414495 0.293743 0.0500041 0.00959645 0.280645 0.0792252 0.0126964 0.278628 0.106654 -0.000172438 0.328352 0.0296477 0.0395233 0.27409 0.0757831 0.055051 0.272855 0.0914866 0.0319114 0.288552 0.0642934 0.0130645 0.295918 0.0592112 0.000827687 0.315836 0.0341278 0.0205938 0.307008 0.0113888 0.0750096 0.270197 0.0751299 0.0675213 0.270554 0.0625989 0.025871 0.292091 0.0453755 0.00654078 0.307079 0.0226118 0.0836239 0.279918 0.0654851 0.099269 0.270213 0.0405737 0.0812207 0.281786 0.00283336 0.107564 0.279548 0.0114489 0.0877479 0.270627 0.0330597 0.0471284 0.294651 0.0203974 0.0604856 0.289393 0.0344894 0.054087 0.294262 0.0347927 0.0222654 0.32723 0.0255568 0.0373055 0.321992 -0.00352589 0.0295786 0.316431 0.0171607 0.0909645 0.267205 -0.0253109 0.10384 0.262848 -0.0297663 0.0935724 0.252652 -0.0191378 0.113488 0.00252409 -0.0111594 0.0938473 0.268823 -0.0524934 0.0763563 0.261812 -0.0278431 0.0745058 0.248805 -0.033162 0.106446 0.233847 -0.0430396 0.0953851 0.238915 -0.0191137 0.0910965 0.011489 -0.0402066 0.0768044 0.2695 -0.0543048 0.0874633 0.26149 -0.0642486 0.0787922 0.25204 -0.0555368 0.0780281 0.241977 -0.054857 0.0733978 0.226998 -0.0643041 0.0939008 0.00179539 -0.0658315 0.0703736 0.015 -0.0713736 0.0564052 0.265546 -0.0752425 0.0666414 0.268442 -0.0861267 0.0507221 0.261974 -0.0642933 0.0432792 0.262547 -0.10035 0.0487012 0.249266 -0.06559 0.0713712 0.233999 -0.0905549 0.0568973 0.00203044 -0.0994761 0.0398618 0.2695 -0.0855657 0.0349752 0.250853 -0.0899252 0.0372682 0.240175 -0.0897276 0.035173 0.0126568 -0.0939122 0.014625 0.265596 -0.0934245 0.0139255 0.256392 -0.0794299 0.013658 0.254498 -0.0968076 0.0159157 0.233843 -0.114375 0.019917 0.00175283 -0.11354 -0.00776157 0.2695 -0.0941669 -0.0129243 0.269042 -0.108272 -0.00931642 0.261643 -0.108676 -0.01192 0.248807 -0.0969597 -0.0181995 0.24019 -0.0969607 -0.0318463 0.00158989 -0.110172 -0.0116263 0.0150541 -0.100659 -0.0333085 0.265715 -0.088347 -0.0265879 0.261811 -0.0774599 -0.032173 0.248813 -0.0755 -0.0368099 0.252786 -0.0895697 -0.0421436 0.233964 -0.107415 -0.0533049 0.2695 -0.0778043 -0.0740279 0.268823 -0.0783225 -0.065735 0.266129 -0.066801 -0.0624475 0.262225 -0.0894017 -0.0669132 0.252237 -0.0682911 -0.0802685 0.23391 -0.0813849 -0.0577151 0.241506 -0.077348 -0.0657205 0.00252117 -0.0945189 -0.062424 0.0126655 -0.0785689 -0.0840384 0.266976 -0.0424828 -0.0645902 0.249266 -0.0497009 -0.102771 0.268823 -0.0309491 -0.0690669 0.261781 -0.0448322 -0.0974196 0.262593 -0.048211 -0.088925 0.250853 -0.0359754 -0.10523 0.234084 -0.0460867 -0.088566 0.240847 -0.0386545 -0.103545 0.00175262 -0.0493804 -0.0908576 0.0117183 -0.0409367 -0.0920012 0.2695 -0.0176162 -0.107737 0.262792 3.66251e-05 -0.0958076 0.254498 -0.014658 -0.0862071 0.246448 -0.0061348 -0.0995232 0.015 -0.00100002 -0.0930582 0.265623 0.00877763 -0.103977 0.268823 0.0244485 -0.0959597 0.248807 0.0109197 -0.113687 0.233958 0.0123721 -0.0879834 0.2695 0.0306107 -0.0805379 0.261773 0.0148445 -0.100657 0.261456 0.0384345 -0.0750713 0.249169 0.0306793 -0.0885696 0.252786 0.0358101 -0.0940202 0.239856 0.0237708 -0.0918102 0.0115086 0.0368047 -0.0758825 0.265695 0.0534137 -0.0855846 0.267885 0.0651349 -0.0672911 0.252237 0.0659132 -0.0914812 0.233769 0.0678192 -0.0670161 0.235536 0.0683267 -0.0939273 0.00162687 0.0638225 -0.0703736 0.015 0.0693735 -0.0603907 0.2695 0.0703671 -0.0555281 0.268823 0.0905178 -0.0692679 0.261818 0.0818251 -0.0487011 0.249266 0.06359 -0.0546763 0.00158987 0.0987148 -0.037341 0.265802 0.0846328 -0.0443243 0.261764 0.0676799 -0.02698 0.262857 0.103314 -0.0381354 0.252218 0.0869831 -0.0446014 0.233807 0.10444 -0.037922 0.240928 0.0871977 -0.0349867 0.0111387 0.091293 -0.0166164 0.2695 0.0910012 -0.00232918 0.268823 0.106021 -2.74002e-05 0.251749 0.0939112 -0.0117438 0.248817 0.0792939 4.66835e-05 0.234013 0.112529 -0.0195973 0.00252389 0.11163 0.0281954 0.268444 0.102368 0.00965051 0.265734 0.0919779 0.00613829 0.261812 0.0796255 0.00907509 0.261705 0.106673 0.0177916 0.240269 0.094878 0.0346223 0.268232 0.0866515 0.054639 0.262868 0.0918754 0.0350593 0.252217 0.088252 0.0321735 0.248813 0.0734999 0.0426922 0.233832 0.105228 0.0389067 0.00175113 0.106452 0.019462 0.0136076 0.09892 0.0669132 0.252237 0.0662911 0.0576851 0.241538 0.0753246 0.0850095 0.268991 0.065707 0.0734783 0.265672 0.0561974 0.0506281 0.261455 0.0623842 0.0829722 0.261566 0.0679157 0.06459 0.249266 0.0477011 0.0893106 0.234254 0.0707011 0.0871648 0.0015731 0.0727539 0.075371 0.269597 0.0549026 0.0932893 0.265518 0.0115195 0.0873712 0.252715 0.038381 0.0965704 0.248899 0.0111847 0.113981 0.23409 0.0144142 0.0881004 0.240931 0.0372455 0.110469 0.00158991 0.0260059 0.083635 0.0137666 0.0558915 0.0389586 0.031136 -0.0173245 0.0248768 0.0143443 0.0355254 0.0283873 0.0528418 0.0410978 0.0509166 0.0395907 0.0501204 -0.00970789 0.0250829 0.0649684 -0.022078 0.0606213 0.0443727 -0.0696087 0.0753588 0.00418066 -0.0639969 0.0370475 0.00928374 -0.0555351 0.0686642 -0.0598264 -0.0425441 0.0617282 -0.0287359 -0.0320475 0.0352383 -0.0464487 -0.00580703 0.0644133 -0.0821822 0.0301172 0.083586 -0.0564189 0.0260365 0.0518022 -0.0409795 0.0498741 0.0479434 -0.0620751 0.0335135 0.101531 -0.0189322 0.0531874 0.0600917 -0.018523 0.0658963 0.0961851 -0.0198406 0.0514326 0.0762289 0.0129504 0.0300216 0.095879 0.0500119 0.0521463 0.145587 0.0754673 0.0270136 0.151579 0.034269 -0.013966 0.102134 0.0532375 -0.0617633 0.161178 0.0627742 -0.0578744 0.12531 0.0365009 -0.0676076 0.1812 -0.0252127 -0.0579162 0.131765 -0.029043 -0.0348864 0.170738 0.0184411 -0.0195516 0.185784 -0.0516133 -0.00619311 0.14839 -0.0659171 0.019938 0.1531 -0.0668047 0.0169084 0.145722 -0.0355368 0.0189107 0.186322 -0.035898 0.0471769 0.180528 -0.0585222 0.0676447 0.217725 -0.0164064 0.070243 0.17963 -0.00347458 0.0493644 0.226269 0.0125382 0.0346073 0.187745 0.0257582 0.0312162 0.217844 0.0153137 0.0538667 0.210345 0.0451625 0.0110728 0.194251 0.0535641 0.00137488 0.208395 0.0175315 0.00108146 0.235165 0.0316537 -0.0257272 0.213433 0.0119808 -0.037968 0.242413 0.0195285 -0.029279 0.236046 -0.0242093 -0.00667105 0.232247 -0.00382004 0.00530997 0.249903 -0.0274353 0.0382474 0.0393481 -0.0169825 0.0602059 0.0388365 -0.00839146 0.0431656 0.0279507 0.0282119 0.056799 0.04331 0.0540961 0.0457106 0.0559184 0.0315451 0.00819707 0.0301902 0.0439789 -0.0015854 0.063591 0.0607056 -0.0537732 0.0692981 0.0420668 -0.0159575 0.0305534 0.0643052 -0.0241238 0.0546178 0.0191648 -0.0571642 0.0420523 0.0136657 -0.0269826 0.0734409 0.00221941 -0.0227141 0.0500878 -0.0421055 -0.0545191 0.0752063 -0.0563719 -0.0208666 0.0895683 -0.0427069 0.000342718 0.095991 -0.0574369 0.00724629 0.0560202 -0.0766657 0.0190056 0.0622105 -0.0383719 0.0324855 0.0985062 -0.0650739 0.0640875 0.103964 -0.0572386 0.0425529 0.102685 -0.0316805 0.0601019 0.06002 -0.0498252 0.0826348 0.109926 -0.0383962 0.0858766 0.127748 0.0195238 0.0473262 0.163736 0.025617 0.0584641 0.150133 0.0620972 0.0532172 0.105376 0.0301277 -0.0196738 0.143896 0.0782926 -0.0453043 0.117345 0.0443695 -0.0731363 0.177142 0.0358287 -0.0659563 0.150542 -0.0149753 -0.0739249 0.197058 -0.00439704 -0.0386823 0.170576 0.0253593 -0.0426983 0.205504 -0.0384463 -0.0075879 0.159282 -0.0366127 -0.00996851 0.203636 -0.0431664 -0.0216846 0.168552 -0.0654757 0.0321961 0.202003 -0.0282203 0.0598629 0.164995 -0.038276 0.0460097 0.195987 -0.062465 0.0423652 0.194029 -0.00416385 0.0469266 0.192189 0.0258378 0.0648278 0.223657 -0.0156794 0.0737823 0.210594 0.0284654 0.0262877 0.218536 0.021906 0.0215449 0.203149 0.0570788 -0.0200658 0.223812 0.0538705 0.00836007 0.239666 0.0405003 -0.0238065 0.214887 0.0238198 -0.0372637 0.252406 0.0266361 -0.033826 0.240079 -0.0143916 -0.024188 0.264981 -0.00905604 -0.00981672 0.238809 -0.00184828 0.0676103 0.0428184 0.0324421 0.039367 0.0535795 0.0431563 0.0097053 0.0344252 0.0764854 0.0166806 0.0276345 0.0425433 -0.0438322 0.0392857 0.0655076 -0.0483862 0.0699665 0.0517897 -0.0701823 0.0336315 0.0351775 -0.0493839 0.0497416 0.0218371 -0.0712872 0.0229938 0.000186391 -0.0855372 0.069589 -0.0164354 -0.0374893 0.0498376 -0.0485156 -0.0414903 0.0880479 -0.0801175 -0.0225269 0.109068 -0.0680037 -0.0104796 0.0607795 -0.0600913 0.033614 0.0758219 -0.0388114 0.0424453 0.0887264 -0.0877146 0.0250669 0.126889 -0.0736058 0.065327 0.0698806 -0.049654 0.0420102 0.0896363 -0.0158638 0.065046 0.117916 -0.0347803 0.0738831 0.0537722 0.00460473 0.0547477 0.0978671 0.00586033 0.0879071 0.0982908 0.0244652 0.0144678 0.124843 0.0874089 0.0365975 0.0837742 0.0460143 0.0210786 0.142058 0.050831 -0.0143905 0.169385 0.0511244 -0.0343067 0.172915 0.0294109 -0.0479027 0.122454 0.0226169 -0.0675537 0.155634 0.0508985 -0.0641502 0.189674 -0.0554969 -0.0305121 0.180698 -0.0319439 -0.03858 0.155683 -0.0647374 0.0137505 0.21554 -0.0667648 0.0171586 0.174815 -0.0397092 0.0424906 0.17555 -0.0701919 0.0319199 0.162449 -0.0330397 0.0735817 0.184343 -0.0258116 0.0449252 0.196944 -0.0204995 0.05222 0.147256 -0.00431481 0.0645979 0.16305 0.0246387 0.0660509 0.193437 0.0633521 0.069218 0.215313 0.0307107 0.0429397 0.216747 0.0788112 0.0285364 0.204029 0.0568911 0.00191138 0.243805 0.0662927 0.0368349 0.231088 0.0496084 -0.0253722 0.251935 0.0336689 -0.0239128 0.219808 0.0195521 -0.0460361 0.225545 0.0399761 -0.0244629 0.244043 0.00141151 -0.0378694 0.221975 -0.0147708 -0.0263643 0.248372 -0.021267</float_array>
                    <technique_common>
                        <accessor count="385" source="#shape0-lib-positions-array" stride="3">
                            <param name="X" type="float"/>
                            <param name="Y" type="float"/>
                            <param name="Z" type="float"/>
                        </accessor>
                    </technique_common>
                </source>
                <source id="shape0-lib-normals" name="normal">
                    <float_array id="shape0-lib-normals-array" count="2250">-0.471517 -0.739035 0.481144 0.836553 0.479166 -0.265667 -0.960808 -0.255329 0.107959 0.332747 0.165325 -0.928411 -0.271394 -0.917394 -0.291092 0.309524 0.867787 -0.388768 0.675679 -0.71099 0.194813 0.481185 -0.860645 -0.166585 -0.490256 -0.715086 0.498299 -0.149451 0.56448 0.811805 0.913666 -0.113731 -0.390231 -0.616956 -0.424975 -0.66239 -0.358143 0.919846 -0.160049 0.71804 -0.685498 0.120465 -0.226906 0.895005 0.384031 -0.787884 -0.605663 -0.111404 -0.0686583 -0.640079 -0.765235 0.304283 0.227486 0.92502 0.413084 0.748306 -0.519037 -0.902642 -0.400706 -0.157075 0.451636 -0.478278 0.753177 -0.151788 0.384581 0.910526 0.964341 -0.263358 0.0262371 -0.807967 -0.336858 -0.483441 -0.183226 0.12717 -0.974811 -0.256021 -0.946967 -0.194183 -0.12365 -0.977624 0.17018 -0.413257 0.906217 0.0893861 0.0398606 0.951314 0.305634 -0.0796565 0.550705 -0.83089 -0.184032 0.801877 0.568442 0.999133 0.036988 0.0191172 -0.866952 -0.19286 -0.459564 -0.526866 -0.066474 -0.847345 -0.0643604 -0.637216 -0.767993 -0.795308 0.583283 -0.165125 0.296869 0.782772 -0.546935 0.595362 0.639524 0.486367 0.751508 0.640646 0.157509 -0.91868 0.360892 -0.160575 -0.310166 -0.719572 0.621299 -0.206696 0.255084 -0.944568 0.390102 -0.905237 -0.168426 -0.40093 0.893085 0.204092 -0.506954 0.425795 0.749464 0.0506851 0.173796 0.983477 0.728575 0.556174 -0.399812 -0.839724 0.295412 0.455625 0.766547 0.575354 -0.28526 0.453858 0.833712 0.314544 -0.470017 -0.781933 -0.409469 -0.543812 -0.519747 0.658887 0.704853 0.213575 -0.676438 -0.705448 0.350296 0.616146 -0.494361 -0.126271 0.860037 0.265842 0.354674 -0.896401 0.551895 0.711664 0.43468 -0.599157 0.379903 0.704758 0.44076 -0.626488 -0.64284 -0.793618 0.0799457 0.603141 0.890817 -0.426691 -0.156138 0.468822 0.518408 0.715164 -0.272014 -0.961983 -0.0244456 0.46656 -0.360472 -0.807701 0.0141039 -0.858924 0.511909 0.32172 -0.913538 0.248885 0.0815968 0.867607 -0.490511 -0.796009 0.601149 -0.0706426 -0.312941 -0.411768 0.855871 0.98874 0.0495096 -0.141216 0.724555 -0.103476 -0.681405 -0.74879 -0.341126 0.568284 -0.717752 -0.69023 -0.0917334 0.29103 0.848313 -0.442342 -0.234859 0.902074 0.362083 -0.711386 0.6849 0.157613 0.926206 -0.0383017 -0.375068 0.893913 -0.360418 0.266494 -0.0961694 0.843586 0.528312 -0.648455 0.722757 -0.239018 -0.918316 -0.00589662 0.395804 -0.609227 -0.542304 -0.578575 0.768913 0.28616 -0.571739 0.967944 -0.190757 0.163391 -0.550879 0.575754 0.604185 0.995146 -0.0920245 0.0348816 -0.0801653 0.0935439 -0.992383 -0.311697 -0.741716 0.593887 0.202687 0.760195 0.617269 -0.80156 -0.525401 -0.285405 0.955495 -0.294832 -0.0101807 -0.0748151 0.0316495 -0.996695 0.245556 -0.95232 0.181079 0.00064349 -0.795171 0.606384 -0.224883 -0.973925 0.0299615 0.451765 -0.500764 0.738339 0.200006 0.553735 0.808317 -0.759452 0.168255 0.628429 0.887957 -0.262526 -0.37764 0.480616 -0.837031 -0.261508 0.607281 0.670928 0.425518 -0.259251 0.24874 -0.93323 -0.442299 -0.843235 0.305494 0.0517557 -0.917483 -0.394393 -0.434046 0.841061 -0.322832 -0.0135331 0.705707 -0.708375 -0.0750814 0.622108 -0.779323 0.906741 0.0825496 -0.41353 -0.400317 -0.780033 -0.480932 -0.755268 0.019598 -0.655123 0.158396 0.455021 0.87628 0.478731 -0.87117 0.108996 0.339377 0.498785 -0.797519 -0.304378 0.233043 0.923604 -0.452252 -0.889533 -0.0648063 -0.241717 0.386442 -0.890076 0.760491 0.588562 0.274315 -0.0875962 0.555193 -0.827096 0.152461 0.548301 0.822266 -0.913819 -0.343974 0.215909 -0.757601 0.634269 0.154087 0.149587 0.152383 0.976936 0.242064 -0.293712 0.924737 -0.744107 -0.435485 0.506613 -0.0334212 0.678687 0.733667 0.569072 -0.81092 -0.136258 -0.860798 0.46757 0.201009 0.380066 -0.785919 -0.48773 -0.940481 -0.339062 0.0230761 0.266335 -0.18378 -0.946198 0.261149 -0.77304 -0.578109 0.672101 -0.687671 -0.274569 0.308254 0.939195 -0.151304 -0.150903 0.985481 -0.0778159 0.129937 0.0513613 0.990191 0.0712406 -0.939029 -0.336377 0.201737 -0.945223 0.256624 -0.0643871 0.996103 0.060273 -0.462578 0.852601 0.243089 0.0119577 0.146793 0.989095 -0.453559 -0.798786 -0.395254 -0.993938 0.109034 0.0140752 0.99189 -0.0446037 0.119018 0.733297 -0.569862 0.370854 -0.90054 0.389796 -0.192579 0.724995 0.521884 0.449466 -0.986099 -0.155784 -0.057799 -0.21549 0.936647 -0.276146 -0.981185 -0.0856694 0.173021 0.291372 0.859545 0.419864 0.447826 0.593012 -0.66917 -0.989128 0.0749299 0.126535 0.154821 0.927416 -0.340486 -0.606359 0.642056 0.469141 -0.60265 0.259025 -0.754798 -0.743361 0.0642829 -0.665795 0.565154 -0.522357 0.638548 -0.778089 -0.615622 0.124852 0.573298 -0.0143495 0.819221 0.755902 0.654661 -0.00565452 0.665363 -0.741155 0.0893357 0.260756 0.853649 0.450878 0.686248 0.724826 0.0607575 0.979694 -0.00571692 -0.200416 0.272417 -0.959522 0.0714555 0.209148 -0.584499 0.783976 -0.184588 -0.793148 0.580382 0.463462 0.0104717 -0.886055 -0.195788 0.397725 0.896371 0.454227 -0.0268795 -0.89048 0.525143 0.839083 0.142004 -0.00223349 0.936753 0.349985 0.597577 -0.775145 0.205067 -0.00749825 -0.986792 0.16182 -0.39905 0.144232 -0.905514 -0.00590801 -0.785289 0.619101 -0.34331 -0.853176 -0.392719 -0.172955 -0.312098 -0.934174 -0.00316724 -0.0773785 -0.996997 0.145139 -0.882556 0.447247 0.0703477 0.900693 0.428722 -0.470165 0.281242 -0.836569 0.342954 0.881604 0.324279 -0.554782 -0.530263 -0.641123 0.663125 0.553919 0.503428 0.12454 0.958021 0.258236 -0.196403 0.572004 -0.796391 0.0871708 0.986568 -0.138145 -0.687136 -0.220969 0.692111 0.347542 -0.597653 -0.722513 0.248744 -0.524394 -0.814333 -0.707124 -0.607836 -0.361262 0.72885 -0.177654 -0.661223 -0.312493 -0.459521 0.831378 0.277149 0.894323 0.351248 0.419096 -0.694951 0.584296 -0.195357 0.973865 -0.115853 0.83102 -0.450068 0.326872 0.211912 0.740769 -0.637459 -0.883354 -0.43624 0.171404 -0.90788 -0.410216 0.086469 0.363732 0.490775 0.791732 0.854705 -0.265606 -0.446018 0.0759492 -0.96485 -0.251587 -0.143015 -0.269587 0.952297 -0.380405 0.901405 -0.20679 -0.0414981 0.146837 -0.98829 -0.572692 0.809856 0.127112 0.136222 0.53181 0.835836 0.101273 0.95808 0.268003 0.198536 -0.80262 0.562481 0.624431 0.439713 0.645553 -0.169817 -0.983268 0.0659193 -0.532741 -0.53692 0.654144 0.379681 0.922941 -0.0634128 0.121658 -0.419228 -0.899693 0.918816 0.389569 0.0633548 0.303354 -0.756246 0.579714 0.94327 -0.331381 0.0206733 0.673587 0.717427 -0.177702 -0.968125 0.120096 -0.219798 -0.56659 -0.26128 0.781478 0.0765763 -0.961893 0.262483 0.0403305 0.3999 -0.915671 -0.435855 -0.879472 -0.191204 0.334649 0.438588 -0.834056 -0.980795 -0.193906 0.0210229 -0.994839 -0.101038 -0.00931557 -0.37842 0.0268955 0.925243 0.883749 -0.465654 -0.0464201 0.663958 -0.743038 -0.0839822 0.0172633 0.975176 0.220759 0.219124 0.967336 -0.127459 0.753832 -0.532591 0.384817 -0.349735 0.916467 -0.194353 0.457016 0.889427 0.00745943 -0.683273 -0.628717 -0.371286 -0.966398 -0.167525 -0.194964 0.633833 0.720269 -0.2819 0.426899 -0.379647 0.820747 0.86766 0.0114658 0.497025 0.409229 0.359892 -0.838456 -0.24756 -0.963326 -0.103522 0.282484 -0.834186 -0.473641 -0.209797 0.448879 0.868616 0.00042546 -0.455959 0.890001 -0.109249 -0.275812 -0.954983 0.0458971 0.614364 0.787687 0.323423 -0.70102 0.635585 0.0980231 -0.42623 -0.899288 0.306702 0.950552 -0.0488408 0.568633 0.426789 -0.703212 -0.822 0.124147 -0.555791 -0.479425 -0.0260215 -0.877197 0.852858 0.219066 0.473965 -0.724064 0.374364 0.579296 0.340375 0.600227 0.723791 -0.652908 -0.748193 -0.117975 -0.597374 0.0913618 -0.796742 0.288716 -0.831265 -0.475018 0.161912 -0.964672 -0.20783 -0.195398 0.425483 0.88362 0.361519 0.928283 -0.0871491 -0.249063 -0.341263 0.906371 0.00732847 -0.32708 -0.944968 -0.687039 0.170237 0.706397 -0.644326 0.00748105 0.764715 0.258912 0.452908 -0.853135 -0.318181 0.833908 0.450952 0.245618 -0.870499 -0.4265 0.923754 -0.317442 0.214265 -0.145711 0.671446 -0.726587 -0.906244 -0.357521 0.225611 -0.891395 -0.421559 0.166444 0.554943 0.807581 -0.199627 0.166443 -0.96318 -0.211144 0.1017 0.730755 -0.675021 0.706102 -0.707166 -0.0365441 0.884334 0.1061 0.454639 0.152674 0.976206 0.153986 0.247282 -0.877459 -0.410996 -0.763271 -0.286872 -0.578897 -0.413021 0.613445 -0.673127 -0.889552 -0.168097 -0.424783 -0.378881 -0.560848 -0.736138 -0.247753 0.878404 0.408687 0.720323 -0.687455 -0.0924169 0.388763 -0.768122 0.508775 -0.924995 -0.356358 -0.131885 0.339458 -0.782371 -0.522172 0.408111 0.42947 -0.805606 0.628114 -0.727883 -0.275061 -0.00409903 0.471309 0.881959 -0.530581 0.0337034 0.846964 -0.282935 0.782955 -0.554012 0.919741 -0.0684723 -0.386507 -0.323206 -0.925683 0.196594 0.968939 0.186408 -0.162508 0.282418 0.953649 -0.103892 0.355301 0.93376 -0.0430621 0.888808 -0.312931 -0.334804 -0.223878 -0.972454 0.0649021 0.69934 -0.556838 -0.448169 -0.107997 -0.98509 0.13392 -0.74463 -0.640025 0.189458 0.604783 -0.682042 -0.411164 0.739827 0.259389 -0.620784 -0.0815105 -0.987466 0.135157 0.697897 -0.565765 -0.439147 -0.296204 -0.929487 0.219812 0.215651 0.921746 -0.322303 -0.591384 -0.701183 0.398255 0.234099 0.967184 -0.098754 0.335085 0.909399 -0.246397 -0.0732777 -0.996591 0.037908 0.610003 0.658558 -0.440679 0.578017 -0.375139 -0.724684 -0.0542603 -0.996412 0.0649589 0.215732 0.922863 -0.319036 -0.236129 -0.912205 0.334851 -0.0778257 -0.994641 -0.0680626 0.157926 0.974262 -0.160848 -0.291907 -0.868832 0.399902 0.168603 0.943386 -0.28565 0.160729 0.947948 -0.274882 -0.261318 -0.737892 0.622277 0.37732 0.347833 -0.858278 0.0239926 -0.999573 0.0166866 0.170304 -0.682453 -0.710813 0.153007 0.954057 -0.257612 0.153312 0.929014 -0.336792 0.15723 0.641266 -0.751037 0.0557067 0.776621 -0.6275 0.138754 -0.868898 0.475146 0.103212 -0.415194 -0.903859 0.199588 -0.653672 -0.729984 0.0118543 -0.9746 0.22364 0.028039 0.953344 -0.300583 0.269228 -0.818607 0.507345 -0.110515 0.0495204 -0.99264 0.0267833 0.982933 -0.182004 -0.0615912 0.864939 -0.498084 -0.0439652 0.966832 -0.251602 -0.00843585 -0.997295 0.0730164 -0.0112276 -0.999812 0.0158336 -0.0258465 -0.914064 0.404747 -0.265881 -0.496737 -0.826172 0.0127026 -0.993694 0.111407 0.104538 -0.954575 0.279032 0.153967 -0.917236 0.367387 -0.225826 0.818784 -0.527822 0.404404 -0.7662 0.499394 0.286528 -0.82902 0.480236 -0.572756 0.296686 -0.764152 0.0199156 -0.999661 0.0167521 -0.285544 -0.76003 -0.583797 -0.485141 -0.612715 -0.623873 0.296435 0.876251 0.379884 -0.183205 0.95964 -0.213372 -0.172653 0.946482 -0.272695 0.078482 -0.988339 0.130487 -0.171475 0.948503 -0.266343 -0.195025 0.944971 -0.262669 0.0347427 -0.99896 -0.0295167 -0.263298 0.903146 -0.339118 -0.733437 -0.345414 -0.585457 0.0157955 -0.999762 0.0150388 -0.585648 0.415405 -0.696029 0.598845 -0.760601 0.250739 0.570914 -0.780007 0.256217 -0.851623 0.370075 -0.371191 -0.00957574 -0.999598 -0.0266822 -0.721988 -0.667083 -0.183666 -0.266808 0.956272 -0.119823 0.226876 -0.972272 0.0566878 -0.90831 0.154477 -0.388728 0.470198 -0.859624 -0.199901 -0.927358 -0.35938 -0.10418 -0.705837 -0.693238 -0.145653 -0.24526 0.9676 -0.0599807 0.196049 -0.980552 0.00912402 -0.183323 0.969269 -0.164044 -0.683315 -0.708079 -0.178059 0.478538 -0.846134 -0.234646 -0.982871 0.106214 0.150609 -0.300552 0.952683 0.0454269 -0.435896 0.899487 -0.0302896 0.0127832 -0.9998 0.0154079 -0.302491 0.95205 0.0458162 0.150253 -0.988646 0.00178989 -0.881737 -0.37931 0.280469 0.0693495 -0.997592 0.000365566 -0.708326 -0.602194 0.368289 -0.29879 0.953329 0.0434512 -0.292488 0.954972 0.0498025 0.233469 -0.970494 -0.0602732 0.537609 -0.822758 -0.184516 -0.765015 0.594517 0.247591 -0.48565 0.832444 0.266798 0.556841 -0.803933 -0.208856 -0.764825 0.205768 0.610493 -0.564411 -0.707165 0.425861 0.253885 -0.965726 -0.0540005 -0.225028 0.965595 0.13034 0.441849 -0.76852 -0.462761 -0.551988 -0.437815 0.709667 -0.0238551 -0.995144 0.0954981 0.0254233 -0.999549 -0.0159561 -0.228566 0.919563 0.319628 0.134807 -0.96629 -0.219341 0.147247 -0.944415 -0.293938 0.311308 -0.834649 -0.454366 -0.329604 0.715827 0.615592 0.00911877 -0.999848 -0.0148867 0.166709 -0.933432 -0.317667 0.246344 -0.740599 -0.625162 -0.0833268 -0.989789 0.115652 -0.316496 -0.656871 0.684362 -0.238853 0.890587 0.387046 0.384772 0.882328 -0.271014 -0.0488482 0.98012 0.192298 -0.217824 0.313456 0.924283 -0.149729 -0.886931 -0.43696 -0.103291 -0.276193 0.955536 -0.0953347 -0.814593 0.572145 0.150424 -0.963009 -0.223575 -0.0306583 0.939188 0.342033 -0.15939 0.889604 0.428018 -0.0996353 0.94666 0.306444 -0.0615074 0.899572 0.432421 -0.240097 -0.86909 -0.432476 -0.00385018 -0.983164 -0.182686 -0.0989013 -0.947835 -0.303029 -0.0953188 -0.813735 -0.573367 0.185029 0.344278 0.920455 0.258367 -0.406657 0.876285 0.0508189 -0.990457 -0.128111 0.164481 0.891166 0.422812 0.243633 0.910632 0.333754 -0.22869 -0.676516 -0.700019 0.108914 0.933588 0.341397 -0.0801173 -0.982373 -0.168891 0.637808 0.178214 0.749293 -0.104432 -0.993947 0.0341176 -0.110695 -0.993359 0.0313668 0.36649 -0.714501 0.595965 0.527856 -0.529217 0.664302 -0.122039 -0.981918 -0.144716 -0.377967 -0.689659 -0.617666 -0.423694 -0.797918 -0.42873 0.191782 0.946927 0.25797 0.216705 0.943892 0.249214 0.15941 0.966268 0.202273 0.488753 -0.30462 0.817513 -0.539588 -0.755603 -0.371362 0.808792 -0.153446 0.567723 -0.0244506 -0.999546 -0.0176279 -0.0202423 -0.999661 -0.0163549 -0.145046 -0.964134 -0.222278 0.221592 0.936564 0.27156 -0.564404 -0.806548 -0.175869 0.837127 0.40462 0.368105 0.316814 0.938984 0.133933 0.19288 0.972165 0.13301 0.87253 0.279149 0.400957 -0.575984 -0.799431 -0.170741 0.865483 -0.493069 0.088444 -0.0439708 -0.998957 0.0123346 0.725542 -0.682593 0.0874964 0.682992 -0.72139 0.114536 -0.256583 -0.966252 -0.022874 -0.369528 -0.929213 0.00352901 0.340295 0.918691 0.200514 -0.393145 -0.918743 -0.0367304 0.216358 0.976042 0.0230321 0.427713 0.902004 0.0587508 -0.169926 0.984621 0.0405742 0.790335 0.580884 -0.194794 -0.366946 0.914861 0.168463 -0.567101 0.820373 0.0733788 0.987752 -0.134568 -0.0789805 -0.990062 0.100712 0.0981571 0.67248 -0.737826 -0.0581684 -0.527193 -0.825255 0.20254 0.819164 0.573473 -0.0100088 0.654857 0.750486 -0.0890698 0.0048828 -0.999682 -0.024731 0.991427 0.012256 -0.13009 -0.977653 -0.00106157 0.210222 0.0329421 0.997479 0.062854 0.89991 -0.104936 -0.423261 0.588227 -0.76939 -0.249052 0.565947 -0.795525 -0.216436 -0.517147 -0.836878 0.179426 0.610024 0.748412 -0.260289 -0.899463 0.0024364 0.43699 0.00803261 -0.999913 0.0104494 0.941331 -0.0177872 -0.337017 0.0446799 0.997875 -0.0474355 -0.46189 0.83754 0.291864 -0.250451 0.951182 0.180353 -0.371699 0.900081 0.227362 0.735091 0.319015 -0.598223 -0.780626 0.0606672 0.622047 -0.81252 -0.117857 0.570895 -0.315397 -0.918651 0.237917 0.62371 0.63315 -0.458374 0.80448 0.0148316 -0.593795 -0.833052 -0.00656246 0.553157 -0.896432 -0.0241383 0.442523 0.0384722 0.998225 -0.0454646 -0.526773 -0.578779 0.622515 0.537898 -0.507435 -0.673183 0.406435 -0.751658 -0.519443 0.390379 -0.791604 -0.470073 -0.37231 -0.796534 0.47636 0.36019 0.796016 -0.486439 -0.618262 -0.273581 0.736821 0.00124112 -0.999964 -0.00835103 0.67262 -0.0135146 -0.739865 -0.5387 -0.0105335 0.842432 -0.579972 -0.0188849 0.814417 -0.226899 0.93948 0.256699 0.00953928 0.999885 0.0118097 0.0370219 0.993666 -0.106098 -0.321951 0.588764 0.74142 0.175204 0.773949 -0.608528 -0.329461 0.796329 0.507262 -0.110298 0.960341 0.256086 -0.375686 -0.0347532 0.926095 0.106873 -0.702833 -0.703281 -0.353265 -0.807938 0.471635 0.294397 0.661529 -0.689718 0.00715235 -0.999974 0.000931738 0.394657 0.00349987 -0.918822 0.355354 0.0137719 -0.93463 0.00627209 0.999377 -0.0347275 -0.13662 -0.639631 0.756444 0.152904 0.128018 -0.979914 0.118751 -0.732187 -0.670671 0.142718 -0.620811 -0.77086 -0.100359 -0.632252 0.768236 0.0549519 0.799056 -0.59874 -0.143686 -0.0204482 0.989412 -0.129294 -0.0170448 0.99146 0.0836129 0.62682 0.774665 0.140376 0.956353 0.256288 0.0603873 0.832587 0.550593 0.0644348 0.121665 0.990478 -0.0363347 -0.885686 -0.462862 -0.132315 0.615416 -0.777017 0.182082 -0.865647 0.46637 -0.085402 0.684139 -0.724334 0.00290761 -0.999989 -0.00369105 -0.119008 0.00650592 -0.992872 -0.0649204 -0.00470763 -0.997879 0.0263769 0.985566 0.167224 0.00146456 0.999961 0.00875146 -0.0304188 0.995945 -0.0846671 -0.0165209 0.999515 -0.0263892 0.259523 -0.640983 0.72235 -0.357202 0.589547 -0.724459 -0.339872 -0.114789 -0.93344 -0.255803 -0.682618 -0.684542 0.209272 -0.852599 0.478832 -0.0984441 0.699243 -0.708074 -0.41964 -0.00782708 -0.907657 0.398922 -0.00341595 0.916979 0.469956 0.541766 0.696872 0.164832 0.962497 0.215478 0.170232 0.956273 0.23783 0.619922 -0.081838 0.780384 0.603138 -0.140778 0.785115 -0.309533 -0.832562 -0.459379 0.239573 -0.917621 0.317137 -0.415371 0.709454 -0.569335 -0.411005 0.685868 -0.600549 -0.0440294 -0.998386 -0.035883 -0.563842 0.0114236 -0.825804 0.444166 -0.0139191 0.895837 -0.0176405 0.999774 0.0118358 0.279352 0.90943 0.308058 -0.0321575 0.999292 -0.0195111 0.592669 -0.654898 0.468884 -0.699451 0.575038 -0.424381 0.351181 0.90692 0.232741 -0.739695 -0.247408 -0.625812 -0.485852 -0.774241 -0.405585 -0.606227 -0.661639 -0.441274 0.447975 -0.82558 0.343127 -0.558462 0.752939 -0.348142 -0.573336 0.70997 -0.408937 0.00400189 -0.999899 -0.0136713 -0.81647 0.00226454 -0.577384 -0.766321 -0.0117198 -0.642352 0.797955 -0.0139819 0.602555 0.781905 -0.0194138 0.623096 0.0447637 0.995229 -0.086692 0.883049 0.141844 0.44733 -0.737608 -0.663622 -0.124664 0.381271 -0.915279 0.129985 -0.0610959 0.998131 -0.00133006 0.657305 0.741394 0.135224 -0.814622 0.579721 -0.0177343 0.270369 0.961346 0.052104 0.338396 0.937222 0.0842762 -0.945799 -0.254914 -0.201205 0.834042 -0.527916 0.160245 -0.676834 -0.722359 -0.141755 -0.770859 -0.620812 -0.14272 -0.643877 0.762504 -0.06332 -0.683578 0.723359 -0.0973326 0.760711 -0.646654 0.0561939 -0.989695 0.00211578 -0.143174 -0.985206 -0.004716 -0.171312 0.975333 -0.0476149 0.215544 0.996161 -0.0108279 0.0868631 0.382938 0.923746 0.00718478 0.00387588 0.999989 0.0027454 -0.0436905 0.999039 0.00363987 0.764227 -0.641797 -0.0636681 -0.978594 -0.105381 0.176773 0.955148 0.0469293 -0.292387 -0.570087 -0.818001 0.076649 -0.530251 -0.846519 0.0473278 -0.777019 0.615414 0.132316 0.461556 -0.883996 -0.0742831 0.979779 -0.00193788 -0.200074 -0.06181 0.996788 0.0509151 0.725674 0.628375 -0.280253 0.351035 0.926348 -0.136578 -0.846668 0.360873 0.391055 -0.873465 0.449334 0.187501 -0.610261 0.752722 0.246965 -0.928311 0.00338067 0.37179 -0.940191 -0.00453317 0.340616 -0.073907 0.995945 0.0512947 -0.0747925 0.995854 0.0517734 0.640113 -0.626804 -0.444266 0.176221 0.976932 -0.120622 -0.707295 -0.483512 0.515703 0.778648 -0.0685791 -0.623702 0.777886 -0.33252 -0.533221 -0.528624 -0.754625 0.388713 -0.498937 -0.797954 0.338128 0.492226 -0.78578 -0.374518 0.518569 -0.748508 -0.413306 -0.537966 0.7453 0.393853 0.835957 -0.0153307 -0.54858 0.854077 -0.0213988 -0.519706 0.464089 0.673587 -0.57524 0.259648 0.909852 -0.323654 -0.617412 0.318378 0.719331 -0.330386 -0.826156 0.456412 0.447194 -0.75949 -0.472434 -0.419204 0.697875 0.580722 -0.460593 0.664087 0.588934 -0.0185508 -0.999632 0.0198082 -0.615591 0.0072787 0.788032 -0.664383 -0.00586655 0.74737 0.525901 -0.00843974 -0.850504 0.545734 -0.0122854 -0.837869 0.272895 0.920899 -0.278341 -0.0383603 0.995945 0.0813797 -0.0105238 0.999292 0.0361121 0.327797 -0.639498 -0.695407 -0.227006 0.584534 0.778966 -0.437196 -0.223509 0.871151 0.387617 0.161259 -0.907606 -0.319013 -0.67956 0.660628 0.155248 -0.907089 -0.391265 -0.345305 -0.00815665 0.938455 0.119781 0.638277 -0.760431 0.0751421 0.944039 -0.321159 0.0400154 0.96817 -0.247073 -0.094508 -0.0603394 0.993694 0.22134 -0.280765 -0.933906 -0.0846685 -0.755444 0.649719 -0.118382 -0.793064 0.597525 0.0701695 -0.812537 -0.57867 -0.11576 0.718948 0.685357 -0.129432 0.705838 0.696449 0.0314603 -0.999418 -0.013172 -0.178305 0.0113108 0.98391 0.139443 -0.0166287 -0.99009 0.136359 -0.0159114 -0.990532 0.0244474 0.999695 -0.00350752 0.0159808 0.999427 0.029846 -0.0766838 -0.715095 -0.694809 0.117592 0.27584 0.953984 -0.128105 0.201082 -0.971162 0.102138 -0.818357 0.565561 -0.0530109 -0.914485 -0.401133 0.104973 0.69781 0.70855 0.120245 0.719031 0.684497 -0.0109228 -0.999608 0.0257673 0.168759 0.00244632 0.985654 0.0880115 -0.0113358 0.996055 -0.0248966 0.999409 -0.0236817 0.388064 0.689399 0.611667 -0.125329 0.931056 -0.342676 -0.150841 0.953757 -0.25999 0.303149 -0.277723 0.911576 -0.349101 -0.277417 -0.89508 0.242055 -0.680296 0.691814 -0.208523 -0.851743 -0.480678 0.00602901 0.998696 0.0506917 -0.614961 0.0366883 -0.787704 -0.27377 0.864301 -0.42194 0.646248 0.049222 0.761538 -0.609376 0.219712 -0.761832 0.393882 -0.766396 0.507439 0.342371 -0.79805 0.495881 -0.239134 -0.917926 -0.316587 0.419854 0.672394 0.609598 0.418704 0.703765 0.573935 0.00111628 -0.999976 0.00688145 0.595157 0.00160101 0.803608 0.572501 -0.00501354 0.819889 -0.556905 0.00741258 -0.830543 -0.439541 -0.0192536 -0.898016 -0.0378552 0.997889 -0.0527689 0.452187 -0.833626 0.317167 -0.445636 -0.826995 -0.342765 0.525429 0.751999 0.398023 -0.781125 -0.0358105 -0.623347 0.0465555 0.99881 0.014545 -0.873622 0.29315 -0.388391 0.743788 0.616928 0.257254 -0.495592 0.793926 -0.352237 -0.205363 0.97412 -0.094422 0.89789 -0.120412 0.423432 -0.803968 -0.44293 -0.396798 0.666716 -0.680798 0.303321 -0.441235 -0.836296 -0.325453 0.632699 0.767057 0.106378 0.717358 0.622633 0.31261 0.00294368 -0.999995 0.0011079 0.915876 0.00617714 0.401413 0.894953 -0.00431748 0.446139 -0.0405137 0.998469 -0.0376487 -0.281691 -0.959149 -0.0261605 0.485034 -0.872873 0.0532473 0.516345 0.85463 0.0547326 -0.797591 -0.597638 -0.0817144 0.996678 -0.0110336 0.0806938 -0.962168 -0.0395881 -0.269565 -0.991669 0.00894612 -0.128498 -0.219402 0.974809 -0.0401394 -0.0298967 0.999215 -0.0260037</float_array>
                    <technique_common>
                        <accessor count="750" source="#shape0-lib-normals-array" stride="3">
                            <param name="X" type="float"/>
                            <param name="Y" type="float"/>
                            <param name="Z" type="float"/>
                        </accessor>
                    </technique_common>
                </source>
                <source id="shape0-lib-vcolor" name="vcolor">
                    <float_array id="shape0-lib-vcolor-array" count="1540">1 1 1 1 1 1 1 1 1 1 1 1 1 1 1 1 1 1 1 1 1 1 1 1 1 1 1 1 1 1 1 1 1 1 1 1 1 1 1 1 1 1 1 1 1 1 1 1 1 1 1 1 1 1 1 1 1 1 1 1 1 1 1 1 1 1 1 1 1 1 1 1 1 1 1 1 1 1 1 1 1 1 1 1 1 1 1 1 1 1 1 1 1 1 1 1 1 1 1 1 1 1 1 1 1 1 1 1 1 1 1 1 1 1 1 1 1 1 1 1 1 1 1 1 1 1 1 1 1 1 1 1 1 1 1 1 1 1 1 1 1 1 1 1 1 1 1 1 1 1 1 1 1 1 1 1 1 1 1 1 1 1 1 1 1 1 1 1 1 1 1 1 1 1 1 1 1 1 1 1 1 1 1 1 1 1 1 1 1 1 1 1 1 1 1 1 1 1 1 1 1 1 1 1 1 1 1 1 1 1 1 1 1 1 1 1 1 1 1 1 1 1 1 1 1 1 1 1 1 1 1 1 1 1 1 1 1 1 1 1 1 1 1 1 1 1 1 1 1 1 1 1 1 1 1 1 1 1 1 1 1 1 1 1 1 1 1 1 1 1 1 1 1 1 1 1 1 1 1 1 1 1 1 1 1 1 1 1 1 1 1 1 1 1 1 1 1 1 1 1 1 1 1 1 1 1 1 1 1 1 1 1 1 1 1 1 1 1 1 1 1 1 1 1 1 1 1 1 1 1 1 1 1 1 1 1 1 1 1 1 1 1 1 1 1 1 1 1 1 1 1 1 1 1 1 1 1 1 1 1 1 1 1 1 1 1 1 1 1 1 1 1 1 1 1 1 1 1 1 1 1 1 1 1 1 1 1 1 1 1 1 1 1 1 1 1 1 1 1 1 1 1 1 1 1 1 1 1 1 1 1 1 1 1 1 1 1 1 1 1 1 1 1 1 1 1 1 1 1 1 1 1 1 1 1 1 1 1 1 1 1 1 1 1 1 1 1 1 1 1 1 1 1 1 1 1 1 1 1 1 1 1 1 1 1 1 1 1 1 1 1 1 1 1 1 1 1 1 1 1 1 1 1 1 1 1 1 1 1 1 1 1 1 1 1 1 1 1 1 1 1 1 1 1 1 1 1 1 1 1 1 1 1 1 1 1 1 1 1 1 1 1 1 1 1 1 1 1 1 1 1 1 1 1 1 1 1 1 1 1 1 1 1 1 1 1 1 1 1 1 1 1 1 1 1 1 1 1 1 1 1 1 1 1 1 1 1 1 1 1 1 1 1 1 1 1 1 1 1 1 1 1 1 1 1 1 1 1 1 1 1 1 1 1 1 1 1 1 1 1 1 1 1 1 1 1 1 1 1 1 1 1 1 1 1 1 1 1 1 1 1 1 1 1 1 1 1 1 1 1 1 1 1 1 1 1 1 1 1 1 1 1 1 1 1 1 1 1 1 1 1 1 1 1 1 1 1 1 1 1 1 1 1 1 1 1 1 1 1 1 1 1 1 1 1 1 1 1 1 1 1 1 1 1 1 1 1 1 1 1 1 1 1 1 1 1 1 1 1 1 1 1 1 1 1 1 1 1 1 1 1 1 1 1 1 1 1 1 1 1 1 1 1 1 1 1 1 1 1 1 1 1 1 1 1 1 1 1 1 1 1 1 1 1 1 1 1 1 1 1 1 1 1 1 1 1 1 1 1 1 1 1 1 1 1 1 1 1 1 1 1 1 1 1 1 1 1 1 1 1 1 1 1 1 1 1 1 1 1 1 1 1 1 1 1 1 1 1 1 1 1 1 1 1 1 1 1 1 1 1 1 1 1 1 1 1 1 1 1 1 1 1 1 1 1 1 1 1 1 1 1 1 1 1 1 1 1 1 1 1 1 1 1 1 1 1 1 1 1 1 1 1 1 1 1 1 1 1 1 1 1 1 1 1 1 1 1 1 1 1 1 1 1 1 1 1 1 1 1 1 1 1 1 1 1 1 1 1 1 1 1 1 1 1 1 1 1 1 1 1 1 1 1 1 1 1 1 1 1 1 1 1 1 1 1 1 1 1 1 1 1 1 1 1 1 1 1 1 1 1 1 1 1 1 1 1 1 1 1 1 1 1 1 1 1 1 1 1 1 1 1 1 1 1 1 1 1 1 1 1 1 1 1 1 1 1 1 1 1 1 1 1 1 1 1 1 1 1 1 1 1 1 1 1 1 1 1 1 1 1 1 1 1 1 1 1 1 1 1 1 1 1 1 1 1 1 1 1 1 1 1 1 1 1 1 1 1 1 1 1 1 1 1 1 1 1 1 1 1 1 1 1 1 1 1 1 1 1 1 1 1 1 1 1 1 1 1 1 1 1 1 1 1 1 1 1 1 1 1 1 1 1 1 1 1 1 1 1 1 1 1 1 1 1 1 1 1 1 1 1 1 1 1 1 1 1 1 1 1 1 1 1 1 1 1 1 1 1 1 1 1 1 1 1 1 1 1 1 1 1 1 1 1 1 1 1 1 1 1 1 1 1 1 1 1 1 1 1 1 1 1 1 1 1 1 1 1 1 1 1 1 1 1 1 1 1 1 1 1 1 1 1 1 1 1 1 1 1 1 1 1 1 1 1 1 1 1 1 1 1 1 1 1 1 1 1 1 1 1 1 1 1 1 1 1 1 1 1 1 1 1 1 1 1 1 1 1 1 1 1 1 1 1 1 1 1 1 1 1 1 1 1 1 1 1 1 1 1 1 1 1 1 1 1 1 1 1 1 1 1 1 1 1 1 1 1 1 1 1 1 1 1 1 1 1 1 1 1 1 1 1 1 1 1 1 1 1 1 1 1 1 1 1 1 1 1 1 1 1 1 1 1 1 1 1 1 1 1 1 1 1 1 1 1 1 1 1 1 1 1 1 1 1 1 1 1 1 1 1 1 1 1 1 1 1 1 1 1 1 1 1 1 1 1 1 1 1 1 1 1 1 1 1 1 1 1 1 1 1 1 1 1 1 1 1 1 1 1 1 1 1 1 1 1 1 1 1 1 1 1 1 1 1 1 1 1 1 1 1 1 1 1 1 1 1 1 1 1 1 1 1 1 1 1 1 1 1 1 1 1 1 1 1 1 1 1 1 1 1 1 1 1 1 1 1 1 1 1 1 1 1 1 1 1 1 1 1 1 1 1 1 1 1 1 1 1 1 1 1 1 1 1 1 1 1 1 1 1 1 1 1 1 1 1 1 1 1 1 1 1 1 1 1 1 1 1 1 1 1 1 1 1 1 1 1 1 1 1 1 1 1 1 1 1 1 1 1 1 1 1 1 1 1 1 1 1 1 1 1 1 1 1 1 1 1 1 1 1 1 1 1 1 1 1 1 1 1 1 1 1 1 1 1 1 1 1 1 1 1 1 1 1 1 1 1 1 1 1 1 1 1 1 1 1 1 1 1 1 1 1 1 1 1 1 1 1 1 1 1 1</float_array>
                    <technique_common>
                        <accessor count="385" source="#shape0-lib-vcolor-array" stride="4">
                            <param name="R" type="float"/>
                            <param name="G" type="float"/>
                            <param name="B" type="float"/>
                            <param name="A" type="float"/>
                        </accessor>
                    </technique_common>
                </source>
                <source id="shape0-lib-map" name="map">
                    <float_array id="shape0-lib-map-array" count="4500">0.925991 0.666147 0.934131 0.657074 0.934455 0.670411 0.927055 0.6841 0.935331 0.681404 0.934237 0.684832 0.933485 0.699928 0.940253 0.701296 0.937929 0.70579 0.943183 0.666787 0.934455 0.670411 0.934131 0.657074 0.934237 0.684832 0.935331 0.681404 0.942597 0.683029 0.934666 0.639636 0.928356 0.635082 0.933395 0.634432 0.920433 0.701503 0.927295 0.704662 0.922838 0.705761 0.934666 0.639636 0.933395 0.634432 0.940782 0.63746 0.922964 0.657447 0.934131 0.657074 0.925991 0.666147 0.922964 0.657447 0.925991 0.666147 0.916769 0.6613 0.923919 0.67466 0.933713 0.676133 0.926234 0.68022 0.933485 0.699928 0.940777 0.694926 0.940253 0.701296 0.932778 0.627273 0.928356 0.635082 0.926794 0.621632 0.919962 0.694955 0.927295 0.704662 0.920433 0.701503 0.926234 0.68022 0.917991 0.675504 0.923919 0.67466 0.920108 0.630052 0.926794 0.621632 0.928356 0.635082 0.932544 0.691904 0.941469 0.68955 0.940777 0.694926 0.919962 0.694955 0.919219 0.689911 0.925341 0.690692 0.932532 0.708015 0.930353 0.717812 0.927295 0.704662 0.922964 0.657447 0.926066 0.648009 0.934131 0.657074 0.923919 0.67466 0.934455 0.670411 0.933713 0.676133 0.936191 0.709862 0.93345 0.716012 0.932532 0.708015 0.934131 0.657074 0.942158 0.647766 0.945057 0.656396 0.934455 0.670411 0.942878 0.675064 0.933713 0.676133 0.926847 0.641424 0.933985 0.64736 0.926066 0.648009 0.924533 0.709789 0.927295 0.704662 0.930353 0.717812 0.924533 0.709789 0.930353 0.717812 0.927341 0.71598 0.922964 0.657447 0.915742 0.656789 0.918468 0.647897 0.922964 0.657447 0.918468 0.647897 0.926066 0.648009 0.934237 0.684832 0.932544 0.691904 0.925341 0.690692 0.926847 0.641424 0.926066 0.648009 0.918468 0.647897 0.936425 0.611788 0.93254 0.611479 0.93385 0.606776 0.934455 0.670411 0.943183 0.666787 0.942878 0.675064 0.933922 0.621055 0.932778 0.627273 0.926794 0.621632 0.934237 0.684832 0.941469 0.68955 0.932544 0.691904 0.928549 0.611765 0.924323 0.611828 0.926857 0.606902 0.923919 0.67466 0.917991 0.675504 0.917649 0.666925 0.940404 0.625075 0.932778 0.627273 0.933922 0.621055 0.940404 0.625075 0.933922 0.621055 0.939605 0.621785 0.928549 0.611765 0.929948 0.604761 0.931385 0.606853 0.920307 0.625105 0.921149 0.621624 0.926794 0.621632 0.934237 0.684832 0.925341 0.690692 0.927055 0.6841 0.934237 0.684832 0.942597 0.683029 0.941469 0.68955 0.928549 0.611765 0.926857 0.606902 0.929948 0.604761 0.919219 0.689911 0.918151 0.683212 0.927055 0.6841 0.919219 0.689911 0.927055 0.6841 0.925341 0.690692 0.933485 0.699928 0.932532 0.708015 0.927295 0.704662 0.933485 0.699928 0.937929 0.70579 0.932532 0.708015 0.934666 0.639636 0.926847 0.641424 0.928356 0.635082 0.939605 0.621785 0.933922 0.621055 0.938253 0.616746 0.934666 0.639636 0.940782 0.63746 0.940983 0.64032 0.921149 0.621624 0.922465 0.616736 0.926794 0.621632 0.926234 0.68022 0.935331 0.681404 0.927055 0.6841 0.928356 0.635082 0.926847 0.641424 0.919681 0.640366 0.928356 0.635082 0.919681 0.640366 0.919948 0.637515 0.943876 0.661134 0.943183 0.666787 0.934131 0.657074 0.925991 0.666147 0.917649 0.666925 0.916769 0.6613 0.926234 0.68022 0.927055 0.6841 0.918151 0.683212 0.933395 0.634432 0.94111 0.633176 0.940782 0.63746 0.928356 0.635082 0.919948 0.637515 0.919643 0.633082 0.931385 0.606853 0.929948 0.604761 0.93385 0.606776 0.93345 0.716012 0.930782 0.721983 0.931199 0.72025 0.926794 0.621632 0.928549 0.611765 0.93254 0.611479 0.926794 0.621632 0.93254 0.611479 0.933922 0.621055 0.935331 0.681404 0.941751 0.679559 0.942597 0.683029 0.927341 0.71598 0.930353 0.717812 0.930124 0.722905 0.938253 0.616746 0.933922 0.621055 0.93254 0.611479 0.926234 0.68022 0.918151 0.683212 0.918945 0.679509 0.922465 0.616736 0.928549 0.611765 0.926794 0.621632 0.926234 0.68022 0.933713 0.676133 0.935331 0.681404 0.934131 0.657074 0.945057 0.656396 0.943876 0.661134 0.933713 0.676133 0.942878 0.675064 0.941751 0.679559 0.933713 0.676133 0.941751 0.679559 0.935331 0.681404 0.932778 0.627273 0.933395 0.634432 0.928356 0.635082 0.922964 0.657447 0.916769 0.6613 0.915742 0.656789 0.926234 0.68022 0.918945 0.679509 0.917991 0.675504 0.932778 0.627273 0.940637 0.630078 0.94111 0.633176 0.932778 0.627273 0.94111 0.633176 0.933395 0.634432 0.933485 0.699928 0.927295 0.704662 0.925341 0.690692 0.933485 0.699928 0.925341 0.690692 0.932544 0.691904 0.919643 0.633082 0.920108 0.630052 0.928356 0.635082 0.932544 0.691904 0.940777 0.694926 0.933485 0.699928 0.938253 0.616746 0.93254 0.611479 0.936425 0.611788 0.919962 0.694955 0.925341 0.690692 0.927295 0.704662 0.928549 0.611765 0.922465 0.616736 0.924323 0.611828 0.932778 0.627273 0.940404 0.625075 0.940637 0.630078 0.932532 0.708015 0.931199 0.72025 0.930353 0.717812 0.920307 0.625105 0.926794 0.621632 0.920108 0.630052 0.93345 0.716012 0.931199 0.72025 0.932532 0.708015 0.926066 0.648009 0.933985 0.64736 0.934131 0.657074 0.934131 0.657074 0.933985 0.64736 0.942158 0.647766 0.926847 0.641424 0.934666 0.639636 0.933985 0.64736 0.933985 0.64736 0.934666 0.639636 0.940983 0.64032 0.933985 0.64736 0.940983 0.64032 0.942158 0.647766 0.928549 0.611765 0.931385 0.606853 0.93254 0.611479 0.934455 0.670411 0.923919 0.67466 0.925991 0.666147 0.926847 0.641424 0.918468 0.647897 0.919681 0.640366 0.932532 0.708015 0.937929 0.70579 0.936191 0.709862 0.93254 0.611479 0.931385 0.606853 0.93385 0.606776 0.922838 0.705761 0.927295 0.704662 0.924533 0.709789 0.923919 0.67466 0.917649 0.666925 0.925991 0.666147 0.924157 0.721828 0.930353 0.717812 0.931199 0.72025 0.908422 0.617085 0.906144 0.612246 0.902933 0.610514 0.908422 0.617085 0.902933 0.610514 0.903765 0.618168 0.904972 0.625832 0.906789 0.630493 0.911968 0.62996 0.904407 0.689588 0.904754 0.695353 0.910163 0.694114 0.899742 0.614512 0.903765 0.618168 0.902933 0.610514 0.906789 0.630493 0.904972 0.625832 0.897742 0.62909 0.904407 0.689588 0.898147 0.694393 0.904754 0.695353 0.911434 0.64542 0.904909 0.637551 0.904096 0.645757 0.894506 0.616794 0.899742 0.614512 0.896742 0.611972 0.904909 0.637551 0.896827 0.650719 0.904096 0.645757 0.903273 0.704015 0.903654 0.709889 0.906491 0.710787 0.899525 0.708356 0.903654 0.709889 0.903273 0.704015 0.904909 0.637551 0.899214 0.636667 0.896827 0.650719 0.910987 0.686128 0.904407 0.689588 0.910565 0.690138 0.891532 0.640381 0.896827 0.650719 0.899214 0.636667 0.904909 0.637551 0.911388 0.640406 0.911661 0.63618 0.891903 0.686168 0.892361 0.690174 0.898087 0.688025 0.906144 0.612246 0.904607 0.608291 0.902933 0.610514 0.90967 0.621586 0.904972 0.625832 0.910605 0.625723 0.891532 0.640381 0.899214 0.636667 0.891183 0.636113 0.9047 0.683182 0.897485 0.680928 0.898087 0.688025 0.898002 0.702759 0.899525 0.708356 0.903273 0.704015 0.896742 0.611972 0.899742 0.614512 0.898273 0.608377 0.897934 0.62254 0.893215 0.621506 0.892282 0.625681 0.891903 0.686168 0.898087 0.688025 0.897485 0.680928 0.898002 0.702759 0.893758 0.703582 0.899525 0.708356 0.904607 0.608291 0.901763 0.604068 0.902933 0.610514 0.911977 0.682323 0.9047 0.683182 0.910987 0.686128 0.902933 0.610514 0.901763 0.604068 0.90086 0.604861 0.902933 0.610514 0.90086 0.604861 0.899742 0.614512 0.898273 0.608377 0.899742 0.614512 0.90086 0.604861 0.891903 0.686168 0.897485 0.680928 0.891022 0.682409 0.899525 0.708356 0.900399 0.7158 0.903654 0.709889 0.904909 0.637551 0.897742 0.62909 0.899214 0.636667 0.899525 0.708356 0.896432 0.710869 0.900399 0.7158 0.904754 0.695353 0.903273 0.704015 0.90977 0.700387 0.904754 0.695353 0.90977 0.700387 0.910163 0.694114 0.891183 0.636113 0.899214 0.636667 0.897742 0.62909 0.904754 0.695353 0.898147 0.694393 0.898002 0.702759 0.904754 0.695353 0.898002 0.702759 0.903273 0.704015 0.898147 0.694393 0.89278 0.694106 0.893097 0.700387 0.898147 0.694393 0.893097 0.700387 0.898002 0.702759 0.904607 0.608291 0.901836 0.604465 0.901763 0.604068 0.898273 0.608377 0.90086 0.604861 0.89944 0.604353 0.911434 0.64542 0.904096 0.645757 0.912572 0.650854 0.889643 0.67261 0.890818 0.679251 0.897485 0.680928 0.905822 0.670498 0.895719 0.668412 0.897485 0.680928 0.89147 0.645497 0.890322 0.650785 0.896827 0.650719 0.889643 0.67261 0.897485 0.680928 0.895719 0.668412 0.902056 0.716578 0.901627 0.716881 0.902664 0.718747 0.9014 0.721931 0.901627 0.716881 0.902056 0.716578 0.904972 0.625832 0.911968 0.62996 0.910605 0.625723 0.904407 0.689588 0.910163 0.694114 0.910565 0.690138 0.911434 0.64542 0.911388 0.640406 0.904909 0.637551 0.914093 0.667034 0.905822 0.670498 0.913246 0.67278 0.897742 0.62909 0.892282 0.625681 0.890905 0.629895 0.892361 0.690174 0.89278 0.694106 0.898147 0.694393 0.900399 0.7158 0.9014 0.721931 0.902056 0.716578 0.900399 0.7158 0.900039 0.718304 0.9014 0.721931 0.89147 0.645497 0.896827 0.650719 0.891532 0.640381 0.889643 0.67261 0.895719 0.668412 0.888856 0.667147 0.897742 0.62909 0.904972 0.625832 0.897934 0.62254 0.904407 0.689588 0.898087 0.688025 0.898147 0.694393 0.91533 0.658787 0.905822 0.670498 0.914093 0.667034 0.897742 0.62909 0.897934 0.62254 0.892282 0.625681 0.901763 0.604068 0.900385 0.602508 0.900143 0.601419 0.892361 0.690174 0.898147 0.694393 0.898087 0.688025 0.910987 0.686128 0.9047 0.683182 0.904407 0.689588 0.903273 0.704015 0.906491 0.710787 0.909116 0.703499 0.887664 0.658649 0.888856 0.667147 0.895719 0.668412 0.905822 0.670498 0.912069 0.679566 0.913246 0.67278 0.9047 0.683182 0.898087 0.688025 0.904407 0.689588 0.902056 0.716578 0.902664 0.718747 0.906491 0.710787 0.91533 0.658787 0.905791 0.655729 0.905822 0.670498 0.899525 0.708356 0.893758 0.703582 0.896432 0.710869 0.905822 0.670498 0.905791 0.655729 0.896827 0.650719 0.905822 0.670498 0.896827 0.650719 0.895719 0.668412 0.900399 0.7158 0.896432 0.710869 0.900039 0.718304 0.887664 0.658649 0.895719 0.668412 0.896827 0.650719 0.903654 0.709889 0.902056 0.716578 0.906491 0.710787 0.900399 0.7158 0.902056 0.716578 0.903654 0.709889 0.90967 0.621586 0.903765 0.618168 0.904972 0.625832 0.903273 0.704015 0.909116 0.703499 0.90977 0.700387 0.897934 0.62254 0.904972 0.625832 0.903765 0.618168 0.906789 0.630493 0.904909 0.637551 0.911661 0.63618 0.906789 0.630493 0.911661 0.63618 0.911968 0.62996 0.912572 0.650854 0.905791 0.655729 0.91533 0.658787 0.898002 0.702759 0.893097 0.700387 0.893758 0.703582 0.904909 0.637551 0.906789 0.630493 0.897742 0.62909 0.90967 0.621586 0.908422 0.617085 0.903765 0.618168 0.912069 0.679566 0.9047 0.683182 0.911977 0.682323 0.897742 0.62909 0.890905 0.629895 0.891183 0.636113 0.890322 0.650785 0.887664 0.658649 0.896827 0.650719 0.897934 0.62254 0.894506 0.616794 0.893215 0.621506 0.890818 0.679251 0.891022 0.682409 0.897485 0.680928 0.9047 0.683182 0.912069 0.679566 0.905822 0.670498 0.899742 0.614512 0.897934 0.62254 0.903765 0.618168 0.9047 0.683182 0.905822 0.670498 0.897485 0.680928 0.912572 0.650854 0.904096 0.645757 0.905791 0.655729 0.899742 0.614512 0.894506 0.616794 0.897934 0.62254 0.905791 0.655729 0.904096 0.645757 0.896827 0.650719 0.901627 0.716881 0.9014 0.721931 0.900039 0.718304 0.955007 0.66323 0.954801 0.653344 0.944383 0.658124 0.956481 0.604789 0.957152 0.608668 0.958077 0.603275 0.953081 0.705875 0.955577 0.712605 0.957599 0.71279 0.949002 0.624748 0.955006 0.630684 0.955133 0.618997 0.960426 0.708692 0.96135 0.713004 0.964134 0.705969 0.955007 0.66323 0.962394 0.650867 0.954801 0.653344 0.970682 0.643639 0.962851 0.634043 0.962394 0.650867 0.959578 0.605097 0.958077 0.603275 0.957152 0.608668 0.961944 0.623555 0.955133 0.618997 0.955006 0.630684 0.954801 0.653344 0.946642 0.651735 0.944383 0.658124 0.956118 0.644179 0.962394 0.650867 0.962851 0.634043 0.972864 0.657861 0.970729 0.652187 0.962394 0.650867 0.961944 0.623555 0.967948 0.620346 0.961067 0.61853 0.961944 0.623555 0.961067 0.61853 0.955133 0.618997 0.94838 0.674991 0.950327 0.679752 0.955464 0.67408 0.953081 0.705875 0.957599 0.71279 0.956698 0.694516 0.957599 0.71279 0.96135 0.713004 0.958606 0.720912 0.968924 0.675089 0.960815 0.674492 0.961999 0.680162 0.968924 0.675089 0.961999 0.680162 0.966896 0.679703 0.955464 0.67408 0.961999 0.680162 0.960815 0.674492 0.960426 0.708692 0.956698 0.694516 0.957599 0.71279 0.948452 0.636748 0.955565 0.638273 0.955006 0.630684 0.954801 0.653344 0.956118 0.644179 0.946983 0.643506 0.954801 0.653344 0.946983 0.643506 0.946642 0.651735 0.955565 0.638273 0.962851 0.634043 0.955006 0.630684 0.970729 0.652187 0.970682 0.643639 0.962394 0.650867 0.962628 0.609122 0.959578 0.605097 0.961478 0.612231 0.956118 0.644179 0.954801 0.653344 0.962394 0.650867 0.957152 0.608668 0.961478 0.612231 0.959578 0.605097 0.955464 0.67408 0.955007 0.66323 0.945744 0.664943 0.951101 0.686142 0.956698 0.694516 0.955825 0.680489 0.951418 0.6913 0.950923 0.698751 0.956698 0.694516 0.965867 0.691397 0.959982 0.690936 0.962014 0.700067 0.965867 0.691397 0.962014 0.700067 0.966447 0.698731 0.955464 0.67408 0.962685 0.6633 0.955007 0.66323 0.955825 0.680489 0.956698 0.694516 0.959982 0.690936 0.962014 0.700067 0.959982 0.690936 0.956698 0.694516 0.950327 0.679752 0.951101 0.686142 0.955825 0.680489 0.966243 0.685909 0.966896 0.679703 0.961999 0.680162 0.966243 0.685909 0.961999 0.680162 0.959982 0.690936 0.955825 0.680489 0.959982 0.690936 0.961999 0.680162 0.955007 0.66323 0.944383 0.658124 0.945744 0.664943 0.962685 0.6633 0.971776 0.664843 0.972864 0.657861 0.960426 0.708692 0.959482 0.713979 0.96135 0.713004 0.960426 0.708692 0.957599 0.71279 0.959482 0.713979 0.972864 0.657861 0.962394 0.650867 0.962685 0.6633 0.955007 0.66323 0.962685 0.6633 0.962394 0.650867 0.955464 0.67408 0.950327 0.679752 0.955825 0.680489 0.949002 0.624748 0.955133 0.618997 0.949342 0.620144 0.956118 0.644179 0.955565 0.638273 0.946983 0.643506 0.961944 0.623555 0.968379 0.624499 0.967948 0.620346 0.955825 0.680489 0.961999 0.680162 0.955464 0.67408 0.955565 0.638273 0.956118 0.644179 0.962851 0.634043 0.957062 0.615033 0.957152 0.608668 0.951751 0.613517 0.946983 0.643506 0.955565 0.638273 0.948452 0.636748 0.960524 0.604841 0.958075 0.602153 0.95732 0.600928 0.970682 0.643639 0.968871 0.636717 0.962851 0.634043 0.957062 0.615033 0.961478 0.612231 0.957152 0.608668 0.950923 0.698751 0.953081 0.705875 0.956698 0.694516 0.957152 0.608668 0.954567 0.609242 0.951751 0.613517 0.955133 0.618997 0.950349 0.617651 0.949342 0.620144 0.962014 0.700067 0.960426 0.708692 0.964134 0.705969 0.962014 0.700067 0.964134 0.705969 0.966447 0.698731 0.961478 0.612231 0.965492 0.613426 0.962628 0.609122 0.961067 0.61853 0.967948 0.620346 0.96692 0.617615 0.962014 0.700067 0.956698 0.694516 0.960426 0.708692 0.949512 0.67026 0.94838 0.674991 0.955464 0.67408 0.948487 0.633792 0.948452 0.636748 0.955006 0.630684 0.967693 0.670212 0.962685 0.6633 0.960815 0.674492 0.967693 0.670212 0.960815 0.674492 0.968924 0.675089 0.959482 0.713979 0.958553 0.721879 0.96135 0.713004 0.968811 0.633827 0.962851 0.634043 0.968871 0.636717 0.955464 0.67408 0.960815 0.674492 0.962685 0.6633 0.959482 0.713979 0.957599 0.71279 0.958553 0.721879 0.955464 0.67408 0.945744 0.664943 0.949512 0.67026 0.951418 0.6913 0.956698 0.694516 0.951101 0.686142 0.957062 0.615033 0.951751 0.613517 0.950349 0.617651 0.957062 0.615033 0.950349 0.617651 0.955133 0.618997 0.947941 0.629971 0.948487 0.633792 0.955006 0.630684 0.967693 0.670212 0.971776 0.664843 0.962685 0.6633 0.965867 0.691397 0.966243 0.685909 0.959982 0.690936 0.961067 0.61853 0.96692 0.617615 0.965492 0.613426 0.968811 0.633827 0.969392 0.630015 0.962851 0.634043 0.961067 0.61853 0.957062 0.615033 0.955133 0.618997 0.957152 0.608668 0.956481 0.604789 0.954567 0.609242 0.962628 0.609122 0.960524 0.604841 0.959578 0.605097 0.961478 0.612231 0.961067 0.61853 0.965492 0.613426 0.969392 0.630015 0.961944 0.623555 0.962851 0.634043 0.957062 0.615033 0.961067 0.61853 0.961478 0.612231 0.961944 0.623555 0.955006 0.630684 0.962851 0.634043 0.949002 0.624748 0.947941 0.629971 0.955006 0.630684 0.968379 0.624499 0.961944 0.623555 0.969392 0.630015 0.163796 0.52605 0.163771 0.520617 0.165521 0.525392 0.043578 0.544568 0.0463886 0.549129 0.0402699 0.54934 0.150014 0.492043 0.15543 0.495086 0.153778 0.498179 0.150014 0.492043 0.153778 0.498179 0.148683 0.500035 0.0489431 0.545229 0.0463886 0.549129 0.043578 0.544568 0.0899396 0.523521 0.0900129 0.519707 0.092272 0.526679 0.150297 0.595196 0.153184 0.596842 0.151736 0.597689 0.184293 0.545029 0.188038 0.54557 0.185774 0.54855 0.126858 0.573455 0.126621 0.56943 0.131158 0.570472 0.189878 0.598752 0.189557 0.603819 0.188072 0.601487 0.0489431 0.545229 0.050178 0.549171 0.0463886 0.549129 0.0858725 0.518205 0.0900129 0.519707 0.0899396 0.523521 0.150297 0.595196 0.151265 0.5939 0.153184 0.596842 0.0937971 0.59774 0.0944788 0.592679 0.0979071 0.595872 0.150014 0.492043 0.15823 0.49147 0.15543 0.495086 0.185665 0.540238 0.188577 0.543709 0.188038 0.54557 0.0891844 0.572461 0.0945704 0.573714 0.088548 0.57817 0.0945704 0.573714 0.0929876 0.576194 0.088548 0.57817 0.139941 0.586619 0.137039 0.575946 0.140886 0.581399 0.157491 0.593655 0.155867 0.597218 0.154601 0.597305 0.036827 0.550822 0.0345649 0.555344 0.0331028 0.551307 0.0858725 0.518205 0.0835296 0.514705 0.0900129 0.519707 0.163469 0.486536 0.15823 0.49147 0.150014 0.492043 0.181185 0.542634 0.179517 0.53851 0.188038 0.54557 0.181185 0.542634 0.188038 0.54557 0.184293 0.545029 0.154101 0.486714 0.163469 0.486536 0.150014 0.492043 0.179517 0.53851 0.185665 0.540238 0.188038 0.54557 0.0937367 0.568968 0.0945704 0.573714 0.0891844 0.572461 0.092012 0.569603 0.0937367 0.568968 0.0891844 0.572461 0.156547 0.515723 0.155521 0.513981 0.160811 0.516629 0.036827 0.550822 0.0399517 0.555458 0.0345649 0.555344 0.0777341 0.514548 0.0835296 0.514705 0.0858725 0.518205 0.150297 0.595196 0.147235 0.592834 0.151265 0.5939 0.163469 0.486536 0.161833 0.489968 0.15823 0.49147 0.160852 0.483765 0.163469 0.486536 0.154101 0.486714 0.100196 0.599024 0.0974566 0.601057 0.0959112 0.599989 0.0425392 0.607217 0.0396972 0.60987 0.0398814 0.604827 0.151003 0.515968 0.155521 0.513981 0.156547 0.515723 0.043338 0.550651 0.0399517 0.555458 0.036827 0.550822 0.146921 0.594475 0.147235 0.592834 0.150297 0.595196 0.176873 0.542204 0.179517 0.53851 0.181185 0.542634 0.0987342 0.568851 0.0945704 0.573714 0.0937367 0.568968 0.151003 0.515968 0.149339 0.514793 0.155521 0.513981 0.043338 0.550651 0.0461022 0.555336 0.0399517 0.555458 0.163469 0.486536 0.166049 0.490438 0.161833 0.489968 0.16859 0.48465 0.163469 0.486536 0.160852 0.483765 0.0987342 0.568851 0.0992348 0.574885 0.0945704 0.573714 0.0992348 0.574885 0.0970633 0.57368 0.0945704 0.573714 0.139941 0.586619 0.129107 0.575467 0.137039 0.575946 0.129107 0.575467 0.132708 0.57453 0.137039 0.575946 0.0489397 0.551298 0.0461022 0.555336 0.043338 0.550651 0.0730568 0.516597 0.0693574 0.516477 0.0777341 0.514548 0.176873 0.542204 0.169892 0.543069 0.179517 0.53851 0.169892 0.543069 0.173909 0.538867 0.179517 0.53851 0.100196 0.599024 0.104457 0.602056 0.0974566 0.601057 0.14658 0.519569 0.144778 0.518386 0.149339 0.514793 0.14658 0.519569 0.149339 0.514793 0.151003 0.515968 0.0489397 0.551298 0.050178 0.555242 0.0461022 0.555336 0.0678451 0.520622 0.0693574 0.516477 0.0730568 0.516597 0.144539 0.596258 0.14354 0.594866 0.147235 0.592834 0.144539 0.596258 0.147235 0.592834 0.146921 0.594475 0.132673 0.597687 0.130224 0.592681 0.134321 0.593923 0.174178 0.489005 0.169737 0.493388 0.166049 0.490438 0.174178 0.489005 0.166049 0.490438 0.163469 0.486536 0.171769 0.545717 0.169892 0.543069 0.176873 0.542204 0.174178 0.489005 0.163469 0.486536 0.16859 0.48465 0.104123 0.573754 0.0992348 0.574885 0.0987342 0.568851 0.139941 0.586619 0.125115 0.57965 0.129107 0.575467 0.102318 0.57096 0.104123 0.573754 0.0987342 0.568851 0.0550405 0.550822 0.0524937 0.555365 0.0513163 0.551307 0.0678451 0.520622 0.0643443 0.522965 0.0693574 0.516477 0.136609 0.598919 0.137397 0.603812 0.136249 0.603811 0.144288 0.522801 0.142546 0.523828 0.144778 0.518386 0.144288 0.522801 0.144778 0.518386 0.14658 0.519569 0.0550405 0.550822 0.0582622 0.555615 0.0524937 0.555365 0.0641877 0.528761 0.0643443 0.522965 0.0678451 0.520622 0.144539 0.596258 0.142403 0.598192 0.14354 0.594866 0.177248 0.49615 0.169737 0.493388 0.174178 0.489005 0.171769 0.545717 0.167047 0.548705 0.169892 0.543069 0.139107 0.600966 0.137397 0.603812 0.136609 0.598919 0.144442 0.528029 0.142546 0.523828 0.144288 0.522801 0.0615514 0.550651 0.0582622 0.555615 0.0550405 0.550822 0.144114 0.599211 0.142403 0.598192 0.144539 0.596258 0.177248 0.49615 0.171209 0.498981 0.169737 0.493388 0.170859 0.551609 0.167047 0.548705 0.171769 0.545717 0.104457 0.602056 0.101713 0.606725 0.0974566 0.601057 0.161115 0.587827 0.157573 0.591613 0.155856 0.58716 0.144442 0.528029 0.144012 0.531254 0.142546 0.523828 0.0615514 0.550651 0.0643255 0.555271 0.0582622 0.555615 0.102499 0.582079 0.0992348 0.574885 0.104123 0.573754 0.102499 0.582079 0.0995977 0.57778 0.0992348 0.574885 0.139941 0.586619 0.125935 0.588 0.125115 0.57965 0.104527 0.579207 0.102499 0.582079 0.104123 0.573754 0.125935 0.588 0.124218 0.584022 0.125115 0.57965 0.0671532 0.551298 0.0643255 0.555271 0.0615514 0.550651 0.0669217 0.534807 0.0661165 0.537138 0.0641877 0.528761 0.144114 0.599211 0.143971 0.602085 0.142403 0.598192 0.176071 0.504235 0.169574 0.503009 0.171209 0.498981 0.176071 0.504235 0.171209 0.498981 0.177248 0.49615 0.170859 0.551609 0.169497 0.555968 0.167047 0.548705 0.169497 0.555968 0.167071 0.55267 0.167047 0.548705 0.103726 0.607617 0.101713 0.606725 0.104457 0.602056 0.165343 0.599646 0.163168 0.602376 0.164726 0.597134 0.146879 0.53247 0.144012 0.531254 0.144442 0.528029 0.0671532 0.551298 0.0683914 0.555242 0.0643255 0.555271 0.145898 0.601593 0.143971 0.602085 0.144114 0.599211 0.172842 0.555076 0.169497 0.555968 0.170859 0.551609 0.102499 0.582079 0.0980343 0.579912 0.0995977 0.57778 0.148224 0.535012 0.144012 0.531254 0.146879 0.53247 0.0372937 0.558543 0.0342706 0.561428 0.0331028 0.557378 0.0716348 0.539569 0.072605 0.542151 0.0661165 0.537138 0.0716348 0.539569 0.0661165 0.537138 0.0669217 0.534807 0.166198 0.506625 0.169574 0.503009 0.176071 0.504235 0.175297 0.55672 0.176142 0.560593 0.169497 0.555968 0.175297 0.55672 0.169497 0.555968 0.172842 0.555076 0.176142 0.560593 0.172273 0.559885 0.169497 0.555968 0.0996183 0.609846 0.101713 0.606725 0.103726 0.607617 0.139941 0.586619 0.13186 0.591239 0.125935 0.588 0.13186 0.591239 0.12929 0.590897 0.125935 0.588 0.151366 0.535061 0.152393 0.536803 0.148224 0.535012 0.0784005 0.542308 0.072605 0.542151 0.0716348 0.539569 0.145898 0.601593 0.147943 0.603686 0.143971 0.602085 0.166796 0.512112 0.166198 0.506625 0.176071 0.504235 0.166796 0.512112 0.176071 0.504235 0.172251 0.509265 0.0995836 0.584856 0.094644 0.585276 0.102499 0.582079 0.12668 0.598662 0.126158 0.603812 0.124408 0.601017 0.155203 0.535322 0.152393 0.536803 0.151366 0.535061 0.043338 0.556722 0.0430135 0.561187 0.0372937 0.558543 0.148851 0.602017 0.147943 0.603686 0.145898 0.601593 0.178241 0.557312 0.176142 0.560593 0.175297 0.55672 0.161067 0.512483 0.161147 0.506245 0.166198 0.506625 0.161067 0.512483 0.166198 0.506625 0.166796 0.512112 0.094644 0.585276 0.0951691 0.580527 0.102499 0.582079 0.0951691 0.580527 0.0980343 0.579912 0.102499 0.582079 0.155203 0.535322 0.158744 0.535206 0.152393 0.536803 0.182334 0.556125 0.182932 0.559326 0.176142 0.560593 0.182334 0.556125 0.176142 0.560593 0.178241 0.557312 0.182932 0.559326 0.179786 0.561126 0.176142 0.560593 0.12668 0.598662 0.12872 0.603822 0.126158 0.603812 0.0477563 0.558876 0.0430135 0.561187 0.043338 0.556722 0.0830124 0.540288 0.0853766 0.541251 0.0784005 0.542308 0.155774 0.510639 0.152073 0.507167 0.161147 0.506245 0.155774 0.510639 0.161147 0.506245 0.161067 0.512483 0.0540044 0.579527 0.0537667 0.5755 0.0585194 0.576758 0.0949325 0.607299 0.101713 0.606725 0.0996183 0.609846 0.139941 0.586619 0.137183 0.590342 0.13186 0.591239 0.050178 0.557378 0.050178 0.561313 0.0477563 0.558876 0.0871642 0.537525 0.0884463 0.538922 0.0853766 0.541251 0.0871642 0.537525 0.0853766 0.541251 0.0830124 0.540288 0.151233 0.600234 0.152607 0.601033 0.147943 0.603686 0.151233 0.600234 0.147943 0.603686 0.148851 0.602017 0.182334 0.556125 0.187354 0.555011 0.182932 0.559326 0.186649 0.558048 0.184209 0.560013 0.182932 0.559326 0.187354 0.555011 0.186649 0.558048 0.182932 0.559326 0.152073 0.507167 0.155843 0.50292 0.161147 0.506245 0.088548 0.57817 0.0951691 0.580527 0.094644 0.585276 0.0892999 0.581868 0.088548 0.57817 0.094644 0.585276 0.12917 0.599262 0.12872 0.603822 0.12668 0.598662 0.162626 0.530397 0.164627 0.529853 0.161852 0.533187 0.036827 0.544751 0.0343988 0.549331 0.0331028 0.545236 0.0899797 0.533264 0.0917904 0.53389 0.0884463 0.538922 0.0899797 0.533264 0.0884463 0.538922 0.0871642 0.537525 0.185284 0.552621 0.187354 0.555011 0.182334 0.556125 0.088548 0.57817 0.093366 0.578751 0.0951691 0.580527 0.163796 0.52605 0.164627 0.529853 0.162626 0.530397 0.036827 0.544751 0.0402699 0.54934 0.0343988 0.549331 0.148683 0.500035 0.155843 0.50292 0.152073 0.507167 0.0949325 0.607299 0.0974566 0.601057 0.101713 0.606725 0.130915 0.598885 0.132995 0.602218 0.130568 0.603812 0.163796 0.52605 0.165521 0.525392 0.164627 0.529853 0.043578 0.544568 0.0402699 0.54934 0.036827 0.544751 0.092272 0.526679 0.0917904 0.53389 0.0899797 0.533264 0.151736 0.597689 0.153184 0.596842 0.152607 0.601033 0.151736 0.597689 0.152607 0.601033 0.151233 0.600234 0.185774 0.54855 0.188038 0.54557 0.187354 0.555011 0.185774 0.54855 0.187354 0.555011 0.185284 0.552621 0.148683 0.500035 0.153778 0.498179 0.155843 0.50292 0.188038 0.54557 0.189703 0.549791 0.187354 0.555011 0.088548 0.57817 0.0929876 0.576194 0.093366 0.578751 0.154601 0.597305 0.155867 0.597218 0.15651 0.60196 0.119959 0.491162 0.12022 0.496637 0.118204 0.498507 0.118611 0.494295 0.119959 0.491162 0.118204 0.498507 0.16745 0.521274 0.168929 0.521788 0.168335 0.526719 0.16745 0.521274 0.168335 0.526719 0.166794 0.527066 0.0630066 0.545119 0.0598473 0.548933 0.0579047 0.54482 0.110135 0.573347 0.109631 0.568531 0.116046 0.570549 0.115208 0.496247 0.116404 0.494278 0.116792 0.500158 0.13874 0.521563 0.14111 0.524016 0.13947 0.526672 0.0342121 0.52295 0.0349383 0.525005 0.0345373 0.529943 0.0342121 0.52295 0.0345373 0.529943 0.0332524 0.530306 0.130963 0.469096 0.159219 0.466034 0.158929 0.471035 0.119507 0.453163 0.123559 0.48137 0.115574 0.481393 0.166914 0.481895 0.164607 0.453125 0.169135 0.453122 0.119959 0.491162 0.122567 0.490614 0.12022 0.496637 0.0671585 0.544005 0.0658836 0.54887 0.0630066 0.545119 0.112894 0.490439 0.114038 0.489399 0.116404 0.494278 0.112894 0.490439 0.116404 0.494278 0.115208 0.496247 0.13874 0.521563 0.138958 0.518576 0.14111 0.524016 0.0342121 0.52295 0.0369828 0.520643 0.0349383 0.525005 0.162319 0.482335 0.161347 0.480493 0.166914 0.481895 0.130963 0.469096 0.156594 0.459273 0.159219 0.466034 0.127037 0.453229 0.123559 0.48137 0.119507 0.453163 0.123696 0.486666 0.122567 0.490614 0.119959 0.491162 0.10727 0.567384 0.105958 0.563114 0.110972 0.56404 0.171139 0.516326 0.172101 0.517519 0.168929 0.521788 0.171139 0.516326 0.168929 0.521788 0.16745 0.521274 0.0671585 0.544005 0.0683907 0.548592 0.0658836 0.54887 0.105958 0.573131 0.105955 0.568998 0.109631 0.568531 0.105958 0.573131 0.109631 0.568531 0.110135 0.573347 0.135691 0.517636 0.138958 0.518576 0.13874 0.521563 0.0387399 0.516939 0.0369828 0.520643 0.0342121 0.52295 0.127037 0.453229 0.128907 0.481218 0.123559 0.48137 0.161347 0.480493 0.160638 0.453122 0.164607 0.453125 0.161347 0.480493 0.164607 0.453125 0.166914 0.481895 0.123696 0.486666 0.127654 0.486543 0.122567 0.490614 0.0647309 0.573455 0.0670683 0.56857 0.0683914 0.573455 0.0733311 0.544714 0.0710435 0.548879 0.0695297 0.544112 0.108868 0.486785 0.107858 0.484595 0.114038 0.489399 0.108868 0.486785 0.114038 0.489399 0.112894 0.490439 0.135691 0.517636 0.134258 0.514808 0.138958 0.518576 0.0387399 0.516939 0.042627 0.516241 0.0369828 0.520643 0.0460255 0.512383 0.0499741 0.510865 0.0497084 0.512666 0.130963 0.469096 0.152105 0.455156 0.156594 0.459273 0.0850684 0.453172 0.0834919 0.481344 0.0816814 0.453208 0.0460255 0.512383 0.0462963 0.483481 0.0501372 0.483478 0.0460255 0.512383 0.0501372 0.483478 0.0499741 0.510865 0.101377 0.514734 0.0949154 0.520946 0.0972105 0.517215 0.101377 0.514734 0.109425 0.535838 0.0949154 0.520946 0.134413 0.48368 0.127654 0.486543 0.123696 0.486666 0.0647309 0.573455 0.0617002 0.568476 0.0670683 0.56857 0.12893 0.483975 0.134413 0.48368 0.123696 0.486666 0.176443 0.513994 0.176829 0.515512 0.172101 0.517519 0.176443 0.513994 0.172101 0.517519 0.171139 0.516326 0.116244 0.57681 0.121693 0.574731 0.121834 0.579408 0.10411 0.485178 0.107858 0.484595 0.108868 0.486785 0.130938 0.515624 0.134258 0.514808 0.135691 0.517636 0.0457476 0.513986 0.042627 0.516241 0.0387399 0.516939 0.130963 0.469096 0.147152 0.453427 0.152105 0.455156 0.0904414 0.453135 0.0910973 0.481343 0.0834919 0.481344 0.0904414 0.453135 0.0834919 0.481344 0.0850684 0.453172 0.134413 0.48368 0.134095 0.485561 0.127654 0.486543 0.0585609 0.573455 0.0617002 0.568476 0.0647309 0.573455 0.0792817 0.544045 0.0797793 0.548896 0.0733311 0.544714 0.10411 0.485178 0.1008 0.483609 0.107858 0.484595 0.0795984 0.562556 0.076428 0.567377 0.0737155 0.56352 0.130938 0.515624 0.128351 0.513933 0.134258 0.514808 0.0457476 0.513986 0.0493849 0.51527 0.042627 0.516241 0.0395641 0.5124 0.0401427 0.483481 0.0462963 0.483481 0.0395641 0.5124 0.0462963 0.483481 0.0460255 0.512383 0.0585609 0.573455 0.0553782 0.568522 0.0617002 0.568476 0.182364 0.514607 0.18183 0.516074 0.176829 0.515512 0.182364 0.514607 0.176829 0.515512 0.176443 0.513994 0.110155 0.57942 0.10963 0.574604 0.116244 0.57681 0.0974277 0.486026 0.1008 0.483609 0.10411 0.485178 0.0795984 0.562556 0.0831531 0.565156 0.076428 0.567377 0.12584 0.516325 0.128351 0.513933 0.130938 0.515624 0.0532044 0.514928 0.0493849 0.51527 0.0457476 0.513986 0.130963 0.469096 0.140685 0.453864 0.147152 0.453427 0.0974783 0.453172 0.0993302 0.481354 0.0910973 0.481343 0.0974783 0.453172 0.0910973 0.481343 0.0904414 0.453135 0.106811 0.513918 0.112217 0.5163 0.101377 0.514734 0.112217 0.5163 0.109425 0.535838 0.101377 0.514734 0.142682 0.487546 0.140165 0.487931 0.134095 0.485561 0.142682 0.487546 0.134095 0.485561 0.134413 0.48368 0.0526299 0.573455 0.0553782 0.568522 0.0585609 0.573455 0.140005 0.485433 0.142682 0.487546 0.134413 0.48368 0.0851912 0.544665 0.0797793 0.548896 0.0792817 0.544045 0.0974277 0.486026 0.0938482 0.486208 0.1008 0.483609 0.12584 0.516325 0.122856 0.516106 0.128351 0.513933 0.0532044 0.514928 0.0543234 0.516976 0.0493849 0.51527 0.103069 0.453233 0.0993302 0.481354 0.0974783 0.453172 0.0395641 0.5124 0.034016 0.483479 0.0401427 0.483481 0.0526299 0.573455 0.0513176 0.569185 0.0553782 0.568522 0.186418 0.517215 0.186934 0.520573 0.18183 0.516074 0.186418 0.517215 0.18183 0.516074 0.182364 0.514607 0.105958 0.579203 0.105955 0.575069 0.10963 0.574604 0.105958 0.579203 0.10963 0.574604 0.110155 0.57942 0.0931363 0.488856 0.0938482 0.486208 0.0974277 0.486026 0.121916 0.519373 0.122856 0.516106 0.12584 0.516325 0.0580312 0.518108 0.0570622 0.519077 0.0543234 0.516976 0.0580312 0.518108 0.0543234 0.516976 0.0532044 0.514928 0.130963 0.469096 0.13593 0.456306 0.140685 0.453864 0.103069 0.453233 0.104622 0.481218 0.0993302 0.481354 0.0342492 0.512103 0.034016 0.483479 0.0395641 0.5124 0.115796 0.520779 0.109425 0.535838 0.112217 0.5163 0.146609 0.493944 0.143642 0.491759 0.140165 0.487931 0.146609 0.493944 0.140165 0.487931 0.142682 0.487546 0.155993 0.56373 0.159462 0.56286 0.159459 0.567384 0.145347 0.490775 0.146609 0.493944 0.142682 0.487546 0.188774 0.520698 0.186934 0.520573 0.186418 0.517215 0.0729145 0.550927 0.0695278 0.554853 0.0695297 0.550183 0.0910651 0.491556 0.0891393 0.491947 0.0938482 0.486208 0.0910651 0.491556 0.0938482 0.486208 0.0931363 0.488856 0.121916 0.519373 0.119088 0.520806 0.122856 0.516106 0.0611435 0.52276 0.0598988 0.523343 0.0570622 0.519077 0.0611435 0.52276 0.0570622 0.519077 0.0580312 0.518108 0.130963 0.469096 0.131644 0.461793 0.13593 0.456306 0.0378007 0.453135 0.0384198 0.481364 0.0332151 0.481291 0.0378007 0.453135 0.0332151 0.481291 0.0331122 0.453208 0.0825622 0.512473 0.0827232 0.483481 0.0865642 0.483478 0.0825622 0.512473 0.0865642 0.483478 0.0865377 0.512334 0.146609 0.493944 0.145152 0.496174 0.143642 0.491759 0.0469195 0.579393 0.0432668 0.574594 0.048839 0.574731 0.0894581 0.496314 0.0891393 0.491947 0.0910651 0.491556 0.119146 0.524661 0.119088 0.520806 0.121916 0.519373 0.146811 0.501447 0.145152 0.496174 0.146609 0.493944 0.152776 0.567384 0.149623 0.562411 0.155993 0.56373 0.147302 0.498072 0.146811 0.501447 0.146609 0.493944 0.189715 0.526607 0.187855 0.527936 0.186934 0.520573 0.189715 0.526607 0.186934 0.520573 0.188774 0.520698 0.0781027 0.551171 0.0749343 0.554941 0.0729145 0.550927 0.0386483 0.579405 0.0432668 0.574594 0.0469195 0.579393 0.0894581 0.496314 0.0877964 0.4981 0.0891393 0.491947 0.0431715 0.562556 0.0400011 0.567377 0.0372886 0.56352 0.0621736 0.530243 0.0608691 0.530101 0.0598988 0.523343 0.0621736 0.530243 0.0598988 0.523343 0.0611435 0.52276 0.0780673 0.512666 0.0747396 0.512365 0.0825622 0.512473 0.0461143 0.453126 0.0467023 0.481352 0.0384198 0.481364 0.0461143 0.453126 0.0384198 0.481364 0.0378007 0.453135 0.0747396 0.512365 0.0780673 0.483478 0.0827232 0.483481 0.0747396 0.512365 0.0827232 0.483481 0.0825622 0.512473 0.116952 0.525392 0.115906 0.52974 0.115796 0.520779 0.115906 0.52974 0.109425 0.535838 0.115796 0.520779 0.146811 0.501447 0.144434 0.502651 0.145152 0.496174 0.146568 0.567384 0.149623 0.562411 0.152776 0.567384 0.0826973 0.55006 0.0811844 0.554941 0.0781027 0.551171 0.0386483 0.579405 0.0370375 0.574654 0.0432668 0.574594 0.0903064 0.502996 0.0888681 0.503501 0.0877964 0.4981 0.0903064 0.502996 0.0877964 0.4981 0.0894581 0.496314 0.0431715 0.562556 0.0467263 0.565156 0.0400011 0.567377 0.120578 0.529204 0.118945 0.529633 0.119146 0.524661 0.0747396 0.512365 0.0735397 0.483481 0.0780673 0.483478 0.144205 0.506931 0.144434 0.502651 0.146811 0.501447 0.146568 0.567384 0.143621 0.562748 0.149623 0.562411 0.187605 0.532143 0.187855 0.527936 0.189715 0.526607 0.0826973 0.55006 0.0853578 0.554777 0.0811844 0.554941 0.0593054 0.537255 0.0591637 0.53504 0.0608691 0.530101 0.0593054 0.537255 0.0608691 0.530101 0.0621736 0.530243 0.0541817 0.453222 0.0547345 0.481284 0.0467023 0.481352 0.0541817 0.453222 0.0467023 0.481352 0.0461143 0.453126 0.140293 0.510431 0.140573 0.5079 0.144434 0.502651 0.140293 0.510431 0.144434 0.502651 0.144205 0.506931 0.142384 0.567384 0.143621 0.562748 0.146568 0.567384 0.187605 0.532143 0.183083 0.53406 0.187855 0.527936 0.0866049 0.550183 0.0853578 0.554777 0.0826973 0.55006 0.0331043 0.579203 0.0331009 0.575069 0.0370375 0.574654 0.0331043 0.579203 0.0370375 0.574654 0.0386483 0.579405 0.0931363 0.507288 0.0932488 0.509398 0.0888681 0.503501 0.0931363 0.507288 0.0888681 0.503501 0.0903064 0.502996 0.123653 0.533148 0.121495 0.533569 0.118945 0.529633 0.123653 0.533148 0.118945 0.529633 0.120578 0.529204 0.0593054 0.537255 0.0570622 0.537778 0.0591637 0.53504 0.0697571 0.511502 0.0695704 0.483478 0.0735397 0.483481 0.0697571 0.511502 0.0735397 0.483481 0.0747396 0.512365 0.0852999 0.573455 0.0826607 0.568537 0.086608 0.568931 0.182884 0.53595 0.183083 0.53406 0.187605 0.532143 0.0523616 0.556347 0.0538095 0.561012 0.0513144 0.560924 0.0973164 0.510072 0.0932488 0.509398 0.0931363 0.507288 0.123653 0.533148 0.125086 0.535976 0.121495 0.533569 0.0533491 0.541868 0.0528626 0.54059 0.0570622 0.537778 0.0533491 0.541868 0.0570622 0.537778 0.0593054 0.537255 0.130963 0.469096 0.138 0.480456 0.133095 0.47615 0.0607838 0.453172 0.0627274 0.481346 0.0574997 0.481291 0.0607838 0.453172 0.0574997 0.481291 0.0573968 0.453208 0.0643561 0.512467 0.0645097 0.483481 0.0683507 0.483478 0.0643561 0.512467 0.0683507 0.483478 0.0680244 0.511589 0.109425 0.535838 0.115906 0.52974 0.113565 0.533569 0.133098 0.512568 0.134605 0.510516 0.140573 0.5079 0.133098 0.512568 0.140573 0.5079 0.140293 0.510431 0.0799225 0.573455 0.0826607 0.568537 0.0852999 0.573455 0.136485 0.512169 0.133098 0.512568 0.140293 0.510431 0.0567573 0.557263 0.0538095 0.561012 0.0523616 0.556347 0.15623 0.573319 0.152451 0.568536 0.15812 0.56866 0.0973164 0.510072 0.0986116 0.512139 0.0932488 0.509398 0.128327 0.535146 0.125086 0.535976 0.123653 0.533148 0.0664643 0.453159 0.0627274 0.481346 0.0607838 0.453172 0.0799225 0.573455 0.0766318 0.568538 0.0826607 0.568537 0.17704 0.536875 0.17717 0.535312 0.183083 0.53406 0.17704 0.536875 0.183083 0.53406 0.182884 0.53595 0.0610567 0.556204 0.0598456 0.561012 0.0567573 0.557263 0.149669 0.573336 0.152451 0.568536 0.15623 0.573319 0.102352 0.511105 0.103886 0.512521 0.0986116 0.512139 0.102352 0.511105 0.0986116 0.512139 0.0973164 0.510072 0.128327 0.535146 0.130993 0.536851 0.125086 0.535976 0.0477115 0.543022 0.0477115 0.541651 0.0528626 0.54059 0.0477115 0.543022 0.0528626 0.54059 0.0533491 0.541868 0.130963 0.469096 0.143092 0.482093 0.138 0.480456 0.0664643 0.453159 0.0689662 0.481373 0.0627274 0.481346 0.0578116 0.512407 0.0574588 0.483509 0.0645097 0.483481 0.0578116 0.512407 0.0645097 0.483481 0.0643561 0.512467 0.128909 0.512098 0.128129 0.509798 0.134605 0.510516 0.128909 0.512098 0.134605 0.510516 0.133098 0.512568 0.0731016 0.571042 0.0766318 0.568538 0.0799225 0.573455 0.0610567 0.556204 0.0629709 0.561012 0.0598456 0.561012 0.149669 0.573336 0.146057 0.568532 0.152451 0.568536 0.107276 0.510118 0.103886 0.512521 0.102352 0.511105 0.133505 0.534459 0.130993 0.536851 0.128327 0.535146 0.0421877 0.541915 0.0427833 0.540684 0.0477115 0.541651 0.0421877 0.541915 0.0477115 0.541651 0.0477115 0.543022 0.130963 0.469096 0.149995 0.481244 0.143092 0.482093 0.074571 0.453127 0.0751039 0.481343 0.0689662 0.481373 0.074571 0.453127 0.0689662 0.481373 0.0664643 0.453159 0.121323 0.507063 0.128129 0.509798 0.128909 0.512098 0.125411 0.510711 0.121323 0.507063 0.128909 0.512098 0.172459 0.535407 0.171865 0.532963 0.17717 0.535312 0.172459 0.535407 0.17717 0.535312 0.17704 0.536875 0.0659115 0.557289 0.0629709 0.561012 0.0610567 0.556204 0.143427 0.57316 0.146057 0.568532 0.149669 0.573336 0.107276 0.510118 0.109654 0.510664 0.103886 0.512521 0.133505 0.534459 0.136488 0.534678 0.130993 0.536851 0.121323 0.507063 0.122382 0.50509 0.128129 0.509798 0.0695297 0.573455 0.069531 0.569185 0.0731016 0.571042 0.16922 0.532544 0.171865 0.532963 0.172459 0.535407 0.0683914 0.556254 0.0683907 0.560734 0.0659115 0.557289 0.143427 0.57316 0.142382 0.568998 0.146057 0.568532 0.111568 0.507288 0.113684 0.507145 0.109654 0.510664 0.111568 0.507288 0.109654 0.510664 0.107276 0.510118 0.137428 0.531411 0.136488 0.534678 0.133505 0.534459 0.0362342 0.537421 0.0383609 0.537778 0.0427833 0.540684 0.0362342 0.537421 0.0427833 0.540684 0.0421877 0.541915 0.130963 0.469096 0.156053 0.476876 0.149995 0.481244 0.0805249 0.453316 0.0803377 0.481218 0.0751039 0.481343 0.0805249 0.453316 0.0751039 0.481343 0.074571 0.453127 0.0524664 0.512102 0.051357 0.483478 0.0574588 0.483509 0.0524664 0.512102 0.0574588 0.483509 0.0578116 0.512407 0.0958958 0.531752 0.109425 0.535838 0.102945 0.536603 0.114352 0.503107 0.113684 0.507145 0.111568 0.507288 0.137428 0.531411 0.140256 0.529978 0.136488 0.534678 0.0362342 0.537421 0.0362594 0.53504 0.0383609 0.537778 0.173653 0.482123 0.175267 0.453167 0.177604 0.481981 0.118204 0.498507 0.122382 0.50509 0.121323 0.507063 0.120928 0.567654 0.116232 0.562345 0.12169 0.562528 0.118611 0.501849 0.118204 0.498507 0.121323 0.507063 0.166794 0.527066 0.168335 0.526719 0.171865 0.532963 0.166794 0.527066 0.171865 0.532963 0.16922 0.532544 0.0579047 0.54482 0.0527607 0.548899 0.0523989 0.544049 0.116046 0.570549 0.121693 0.56866 0.121834 0.573336 0.114352 0.503107 0.116792 0.500158 0.113684 0.507145 0.13947 0.526672 0.140256 0.529978 0.137428 0.531411 0.0332524 0.530306 0.0345373 0.529943 0.0362594 0.53504 0.0332524 0.530306 0.0362594 0.53504 0.0362342 0.537421 0.130963 0.469096 0.158929 0.471035 0.156053 0.476876 0.113297 0.453172 0.115574 0.481393 0.107763 0.481339 0.113297 0.453172 0.107763 0.481339 0.107137 0.453124 0.118204 0.498507 0.12022 0.496637 0.122382 0.50509 0.110972 0.56404 0.116232 0.562345 0.120928 0.567654 0.115208 0.496247 0.116792 0.500158 0.114352 0.503107 0.0765372 0.556489 0.080321 0.559241 0.0728789 0.559147 0.13947 0.526672 0.14111 0.524016 0.140256 0.529978 0.119507 0.453163 0.115574 0.481393 0.113297 0.453172 0.166914 0.481895 0.169135 0.453122 0.175267 0.453167 0.166914 0.481895 0.175267 0.453167 0.173653 0.482123 0.0938234 0.525392 0.0949154 0.520946 0.0958958 0.531752 0.0949154 0.520946 0.109425 0.535838 0.0958958 0.531752</float_array>
                    <technique_common>
                        <accessor count="2250" source="#shape0-lib-map-array" stride="2">
                            <param name="U" type="float"/>
                            <param name="V" type="float"/>
                        </accessor>
                    </technique_common>
                </source>
                <vertices id="shape0-lib-vertices">
                    <input semantic="POSITION" source="#shape0-lib-positions"/>
                </vertices>
                <triangles count="750" material="material0">
                    <input offset="0" semantic="VERTEX" source="#shape0-lib-vertices"/>
                    <input offset="1" semantic="COLOR" source="#shape0-lib-vcolor"/>
                    <input offset="2" semantic="NORMAL" source="#shape0-lib-normals"/>
                    <input offset="3" semantic="TEXCOORD" source="#shape0-lib-map"/>
                    <p>355 355 0 0 360 360 0 1 356 356 0 2 348 348 1 3 349 349 1 4 347 347 1 5 341 341 2 6 340 340 2 7 338 338 2 8 357 357 3 9 356 356 3 10 360 360 3 11 347 347 4 12 349 349 4 13 346 346 4 14 367 367 5 15 370 370 5 16 369 369 5 17 340 340 6 18 339 339 6 19 338 338 6 20 367 367 7 21 369 369 7 22 368 368 7 23 361 361 8 24 360 360 8 25 355 355 8 26 361 361 9 27 355 355 9 28 358 358 9 29 354 354 10 30 352 352 10 31 351 351 10 32 341 341 11 33 342 342 11 34 340 340 11 35 374 374 12 36 370 370 12 37 376 376 12 38 342 342 13 39 339 339 13 40 340 340 13 41 351 351 14 42 353 353 14 43 354 354 14 44 372 372 15 45 376 376 15 46 370 370 15 47 343 343 16 48 345 345 16 49 342 342 16 50 342 342 17 51 345 345 17 52 344 344 17 53 337 337 18 54 335 335 18 55 339 339 18 56 361 361 19 57 362 362 19 58 360 360 19 59 354 354 20 60 356 356 20 61 352 352 20 62 336 336 21 63 334 334 21 64 337 337 21 65 360 360 22 66 363 363 22 67 359 359 22 68 356 356 23 69 353 353 23 70 352 352 23 71 365 365 24 72 364 364 24 73 362 362 24 74 336 336 25 75 339 339 25 76 335 335 25 77 336 336 26 78 335 335 26 79 334 334 26 80 361 361 27 81 359 359 27 82 363 363 27 83 361 361 28 84 363 363 28 85 362 362 28 86 347 347 29 87 343 343 29 88 344 344 29 89 365 365 30 90 362 362 30 91 363 363 30 92 379 379 31 93 380 380 31 94 382 382 31 95 356 356 32 96 357 357 32 97 353 353 32 98 378 378 33 99 374 374 33 100 376 376 33 101 347 347 34 102 345 345 34 103 343 343 34 104 381 381 35 105 379 379 35 106 382 382 35 107 354 354 36 108 353 353 36 109 357 357 36 110 373 373 37 111 374 374 37 112 378 378 37 113 373 373 38 114 378 378 38 115 375 375 38 116 381 381 39 117 384 384 39 118 383 383 39 119 373 373 40 120 375 375 40 121 376 376 40 122 347 347 41 123 344 344 41 124 348 348 41 125 347 347 42 126 346 346 42 127 345 345 42 128 381 381 43 129 382 382 43 130 384 384 43 131 345 345 44 132 346 346 44 133 348 348 44 134 345 345 45 135 348 348 45 136 344 344 45 137 341 341 46 138 337 337 46 139 339 339 46 140 341 341 47 141 338 338 47 142 337 337 47 143 367 367 48 144 365 365 48 145 370 370 48 146 375 375 49 147 378 378 49 148 377 377 49 149 367 367 50 150 368 368 50 151 366 366 50 152 375 375 51 153 377 377 51 154 376 376 51 155 351 351 52 156 349 349 52 157 348 348 52 158 370 370 53 159 365 365 53 160 366 366 53 161 370 370 54 162 366 366 54 163 368 368 54 164 358 358 55 165 357 357 55 166 360 360 55 167 355 355 56 168 357 357 56 169 358 358 56 170 351 351 57 171 348 348 57 172 346 346 57 173 369 369 58 174 371 371 58 175 368 368 58 176 370 370 59 177 368 368 59 178 371 371 59 179 383 383 60 180 384 384 60 181 382 382 60 182 334 334 61 183 332 332 61 184 333 333 61 185 376 376 62 186 381 381 62 187 380 380 62 188 376 376 63 189 380 380 63 190 378 378 63 191 349 349 64 192 350 350 64 193 346 346 64 194 334 334 65 195 335 335 65 196 332 332 65 197 377 377 66 198 378 378 66 199 380 380 66 200 351 351 67 201 346 346 67 202 350 350 67 203 377 377 68 204 381 381 68 205 376 376 68 206 351 351 69 207 352 352 69 208 349 349 69 209 360 360 70 210 359 359 70 211 358 358 70 212 352 352 71 213 353 353 71 214 350 350 71 215 352 352 72 216 350 350 72 217 349 349 72 218 374 374 73 219 369 369 73 220 370 370 73 221 361 361 74 222 358 358 74 223 359 359 74 224 351 351 75 225 350 350 75 226 353 353 75 227 374 374 76 228 372 372 76 229 371 371 76 230 374 374 77 231 371 371 77 232 369 369 77 233 341 341 78 234 339 339 78 235 344 344 78 236 341 341 79 237 344 344 79 238 343 343 79 239 371 371 80 240 372 372 80 241 370 370 80 242 343 343 81 243 342 342 81 244 341 341 81 245 377 377 82 246 380 380 82 247 379 379 82 248 342 342 83 249 344 344 83 250 339 339 83 251 381 381 84 252 377 377 84 253 379 379 84 254 374 374 85 255 373 373 85 256 372 372 85 257 337 337 86 258 333 333 86 259 335 335 86 260 373 373 87 261 376 376 87 262 372 372 87 263 334 334 88 264 333 333 88 265 337 337 88 266 362 362 89 267 364 364 89 268 360 360 89 269 360 360 90 270 364 364 90 271 363 363 90 272 365 365 91 273 367 367 91 274 364 364 91 275 364 364 92 276 367 367 92 277 366 366 92 278 364 364 93 279 366 366 93 280 363 363 93 281 381 381 94 282 383 383 94 283 380 380 94 284 356 356 95 285 354 354 95 286 355 355 95 287 365 365 96 288 363 363 96 289 366 366 96 290 337 337 97 291 338 338 97 292 336 336 97 293 380 380 98 294 383 383 98 295 382 382 98 296 338 338 99 297 339 339 99 298 336 336 99 299 354 354 100 300 357 357 100 301 355 355 100 302 332 332 101 303 335 335 101 304 333 333 101 305 324 324 102 306 325 325 102 307 327 327 102 308 324 324 103 309 327 327 103 310 323 323 103 311 321 321 104 312 318 318 104 313 316 316 104 314 295 295 105 315 292 292 105 316 293 293 105 317 326 326 106 318 323 323 106 319 327 327 106 320 318 318 107 321 321 321 107 322 317 317 107 323 295 295 108 324 291 291 108 325 292 292 108 326 310 310 109 327 315 315 109 328 309 309 109 329 324 324 110 330 326 326 110 331 325 325 110 332 315 315 111 333 311 311 111 334 309 309 111 335 286 286 112 336 285 285 112 337 284 284 112 338 287 287 113 339 285 285 113 340 286 286 113 341 315 315 114 342 313 313 114 343 311 311 114 344 297 297 115 345 295 295 115 346 294 294 115 347 312 312 116 348 311 311 116 349 313 313 116 350 315 315 117 351 312 312 117 352 314 314 117 353 297 297 118 354 294 294 118 355 296 296 118 356 325 325 119 357 328 328 119 358 327 327 119 359 320 320 120 360 321 321 120 361 319 319 120 362 312 312 121 363 313 313 121 364 314 314 121 365 300 300 122 366 299 299 122 367 296 296 122 368 289 289 123 369 287 287 123 370 286 286 123 371 325 325 124 372 326 326 124 373 328 328 124 374 322 322 125 375 320 320 125 376 319 319 125 377 297 297 126 378 296 296 126 379 299 299 126 380 289 289 127 381 288 288 127 382 287 287 127 383 328 328 128 384 329 329 128 385 327 327 128 386 298 298 129 387 300 300 129 388 297 297 129 389 327 327 130 390 329 329 130 391 331 331 130 392 327 327 131 393 331 331 131 394 326 326 131 395 328 328 132 396 326 326 132 397 331 331 132 398 297 297 133 399 299 299 133 400 298 298 133 401 287 287 134 402 282 282 134 403 285 285 134 404 315 315 135 405 317 317 135 406 313 313 135 407 287 287 136 408 284 284 136 409 282 282 136 410 292 292 137 411 286 286 137 412 290 290 137 413 292 292 138 414 290 290 138 415 293 293 138 416 314 314 139 417 313 313 139 418 317 317 139 419 292 292 140 420 291 291 140 421 289 289 140 422 292 292 141 423 289 289 141 424 286 286 141 425 291 291 142 426 293 293 142 427 290 290 142 428 291 291 143 429 290 290 143 430 289 289 143 431 328 328 144 432 330 330 144 433 329 329 144 434 328 328 145 435 331 331 145 436 330 330 145 437 310 310 146 438 309 309 146 439 308 308 146 440 302 302 147 441 301 301 147 442 299 299 147 443 305 305 148 444 303 303 148 445 299 299 148 446 310 310 149 447 308 308 149 448 311 311 149 449 302 302 150 450 299 299 150 451 303 303 150 452 283 283 151 453 279 279 151 454 281 281 151 455 280 280 152 456 279 279 152 457 283 283 152 458 321 321 153 459 316 316 153 460 319 319 153 461 295 295 154 462 293 293 154 463 294 294 154 464 310 310 155 465 312 312 155 466 315 315 155 467 304 304 156 468 305 305 156 469 302 302 156 470 317 317 157 471 319 319 157 472 316 316 157 473 294 294 158 474 293 293 158 475 291 291 158 476 282 282 159 477 280 280 159 478 283 283 159 479 282 282 160 480 281 281 160 481 280 280 160 482 310 310 161 483 311 311 161 484 312 312 161 485 302 302 162 486 303 303 162 487 304 304 162 488 317 317 163 489 321 321 163 490 322 322 163 491 295 295 164 492 296 296 164 493 291 291 164 494 306 306 165 495 305 305 165 496 304 304 165 497 317 317 166 498 322 322 166 499 319 319 166 500 329 329 167 501 330 330 167 502 331 331 167 503 294 294 168 504 291 291 168 505 296 296 168 506 297 297 169 507 300 300 169 508 295 295 169 509 286 286 170 510 284 284 170 511 288 288 170 512 306 306 171 513 304 304 171 514 303 303 171 515 305 305 172 516 301 301 172 517 302 302 172 518 300 300 173 519 296 296 173 520 295 295 173 521 283 283 174 522 281 281 174 523 284 284 174 524 306 306 175 525 307 307 175 526 305 305 175 527 287 287 176 528 288 288 176 529 284 284 176 530 305 305 177 531 307 307 177 532 311 311 177 533 305 305 178 534 311 311 178 535 303 303 178 536 282 282 179 537 284 284 179 538 281 281 179 539 306 306 180 540 303 303 180 541 311 311 180 542 285 285 181 543 283 283 181 544 284 284 181 545 282 282 182 546 283 283 182 547 285 285 182 548 320 320 183 549 323 323 183 550 321 321 183 551 286 286 184 552 288 288 184 553 290 290 184 554 322 322 185 555 321 321 185 556 323 323 185 557 318 318 186 558 315 315 186 559 314 314 186 560 318 318 187 561 314 314 187 562 316 316 187 563 308 308 188 564 307 307 188 565 306 306 188 566 289 289 189 567 290 290 189 568 288 288 189 569 315 315 190 570 318 318 190 571 317 317 190 572 320 320 191 573 324 324 191 574 323 323 191 575 301 301 192 576 300 300 192 577 298 298 192 578 317 317 193 579 316 316 193 580 314 314 193 581 308 308 194 582 306 306 194 583 311 311 194 584 322 322 195 585 324 324 195 586 320 320 195 587 301 301 196 588 298 298 196 589 299 299 196 590 300 300 197 591 301 301 197 592 305 305 197 593 326 326 198 594 322 322 198 595 323 323 198 596 300 300 199 597 305 305 199 598 299 299 199 599 308 308 200 600 309 309 200 601 307 307 200 602 326 326 201 603 324 324 201 604 322 322 201 605 307 307 202 606 309 309 202 607 311 311 202 608 279 279 203 609 280 280 203 610 281 281 203 611 251 251 204 612 254 254 204 613 253 253 204 614 276 276 205 615 275 275 205 616 278 278 205 617 236 236 206 618 233 233 206 619 232 232 206 620 265 265 207 621 263 263 207 622 268 268 207 623 235 235 208 624 233 233 208 625 236 236 208 626 251 251 209 627 258 258 209 628 254 254 209 629 257 257 210 630 262 262 210 631 258 258 210 632 277 277 211 633 278 278 211 634 275 275 211 635 266 266 212 636 268 268 212 637 263 263 212 638 254 254 213 639 255 255 213 640 253 253 213 641 256 256 214 642 258 258 214 643 262 262 214 644 253 253 215 645 255 255 215 646 258 258 215 647 266 266 216 648 267 267 216 649 270 270 216 650 266 266 217 651 270 270 217 652 268 268 217 653 247 247 218 654 245 245 218 655 248 248 218 656 236 236 219 657 232 232 219 658 240 240 219 659 232 232 220 660 233 233 220 661 231 231 220 662 247 247 221 663 246 246 221 664 244 244 221 665 247 247 222 666 244 244 222 667 245 245 222 668 248 248 223 669 244 244 223 670 246 246 223 671 235 235 224 672 240 240 224 673 232 232 224 674 260 260 225 675 259 259 225 676 263 263 225 677 254 254 226 678 256 256 226 679 257 257 226 680 254 254 227 681 257 257 227 682 255 255 227 683 259 259 228 684 262 262 228 685 263 263 228 686 255 255 229 687 257 257 229 688 258 258 229 689 274 274 230 690 277 277 230 691 273 273 230 692 256 256 231 693 254 254 231 694 258 258 231 695 275 275 232 696 273 273 232 697 277 277 232 698 248 248 233 699 251 251 233 700 250 250 233 701 242 242 234 702 240 240 234 703 243 243 234 704 239 239 235 705 237 237 235 706 240 240 235 707 239 239 236 708 241 241 236 709 238 238 236 710 239 239 237 711 238 238 237 712 237 237 237 713 248 248 238 714 252 252 238 715 251 251 238 716 243 243 239 717 240 240 239 718 241 241 239 719 238 238 240 720 241 241 240 721 240 240 240 722 245 245 241 723 242 242 241 724 243 243 241 725 242 242 242 726 245 245 242 727 244 244 242 728 242 242 243 729 244 244 243 730 241 241 243 731 243 243 244 732 241 241 244 733 244 244 244 734 251 251 245 735 253 253 245 736 250 250 245 737 252 252 246 738 250 250 246 739 253 253 246 740 235 235 247 741 234 234 247 742 233 233 247 743 235 235 248 744 232 232 248 745 234 234 248 746 253 253 249 747 258 258 249 748 252 252 249 749 251 251 250 750 252 252 250 751 258 258 250 752 248 248 251 753 245 245 251 754 243 243 251 755 265 265 252 756 268 268 252 757 267 267 252 758 256 256 253 759 259 259 253 760 257 257 253 761 266 266 254 762 265 265 254 763 267 267 254 764 243 243 255 765 244 244 255 766 248 248 255 767 259 259 256 768 256 256 256 769 262 262 256 770 271 271 257 771 275 275 257 772 272 272 257 773 257 257 258 774 259 259 258 775 260 260 258 776 276 276 259 777 278 278 259 778 277 277 259 779 257 257 260 780 260 260 260 781 262 262 260 782 271 271 261 783 273 273 261 784 275 275 261 785 237 237 262 786 236 236 262 787 240 240 262 788 275 275 263 789 274 274 263 790 272 272 263 791 268 268 264 792 269 269 264 793 267 267 264 794 238 238 265 795 235 235 265 796 236 236 265 797 238 238 266 798 236 236 266 799 237 237 266 800 273 273 267 801 272 272 267 802 274 274 267 803 270 270 268 804 267 267 268 805 269 269 268 806 238 238 269 807 240 240 269 808 235 235 269 809 249 249 270 810 247 247 270 811 248 248 270 812 261 261 271 813 260 260 271 814 263 263 271 815 249 249 272 816 252 252 272 817 246 246 272 818 249 249 273 819 246 246 273 820 247 247 273 821 234 234 274 822 231 231 274 823 233 233 274 824 261 261 275 825 262 262 275 826 260 260 275 827 248 248 276 828 246 246 276 829 252 252 276 830 234 234 277 831 232 232 277 832 231 231 277 833 248 248 278 834 250 250 278 835 249 249 278 836 239 239 279 837 240 240 279 838 242 242 279 839 271 271 280 840 272 272 280 841 269 269 280 842 271 271 281 843 269 269 281 844 268 268 281 845 264 264 282 846 261 261 282 847 263 263 282 848 249 249 283 849 250 250 283 850 252 252 283 851 239 239 284 852 242 242 284 853 241 241 284 854 270 270 285 855 269 269 285 856 272 272 285 857 261 261 286 858 264 264 286 859 262 262 286 860 270 270 287 861 271 271 287 862 268 268 287 863 275 275 288 864 276 276 288 865 274 274 288 866 274 274 289 867 276 276 289 868 277 277 289 869 273 273 290 870 270 270 290 871 272 272 290 872 264 264 291 873 266 266 291 874 262 262 291 875 271 271 292 876 270 270 292 877 273 273 292 878 266 266 293 879 263 263 293 880 262 262 293 881 265 265 294 882 264 264 294 883 263 263 294 884 265 265 295 885 266 266 295 886 264 264 295 887 88 88 296 888 9 9 296 889 5 5 296 890 5 5 297 891 14 14 297 892 89 89 297 893 14 14 298 894 15 15 298 895 10 10 298 896 14 14 299 897 10 10 299 898 89 89 299 899 11 11 300 900 14 14 300 901 5 5 300 902 9 9 301 903 11 11 301 904 5 5 301 905 21 21 302 906 95 95 302 907 6 6 302 908 12 12 303 909 8 8 303 910 7 7 303 911 8 8 304 912 9 9 304 913 88 88 304 914 19 19 305 915 21 21 305 916 6 6 305 917 11 11 306 918 17 17 306 919 14 14 306 920 16 16 307 921 11 11 307 922 9 9 307 923 21 21 308 924 20 20 308 925 95 95 308 926 22 22 309 927 12 12 309 928 7 7 309 929 14 14 310 930 13 13 310 931 15 15 310 932 16 16 311 933 9 9 311 934 8 8 311 935 15 15 312 936 19 19 312 937 10 10 312 938 19 19 313 939 6 6 313 940 10 10 313 941 91 91 314 942 22 22 314 943 7 7 314 944 20 20 315 945 39 39 315 946 95 95 315 947 18 18 316 948 17 17 316 949 11 11 316 950 16 16 317 951 18 18 317 952 11 11 317 953 34 34 318 954 13 13 318 955 14 14 318 956 22 22 319 957 29 29 319 958 8 8 319 959 22 22 320 960 8 8 320 961 12 12 320 962 17 17 321 963 34 34 321 964 14 14 321 965 29 29 322 966 16 16 322 967 8 8 322 968 26 26 323 969 19 19 323 970 15 15 323 971 13 13 324 972 26 26 324 973 15 15 324 974 29 29 325 975 25 25 325 976 16 16 325 977 18 18 326 978 24 24 326 979 17 17 326 980 25 25 327 981 18 18 327 982 16 16 327 983 21 21 328 984 27 27 328 985 20 20 328 986 34 34 329 987 26 26 329 988 13 13 329 989 24 24 330 990 34 34 330 991 17 17 330 992 27 27 331 993 39 39 331 994 20 20 331 995 23 23 332 996 21 21 332 997 19 19 332 998 28 28 333 999 25 25 333 1000 29 29 333 1001 25 25 334 1002 24 24 334 1003 18 18 334 1004 23 23 335 1005 27 27 335 1006 21 21 335 1007 32 32 336 1008 29 29 336 1009 22 22 336 1010 33 33 337 1011 19 19 337 1012 26 26 337 1013 28 28 338 1014 31 31 338 1015 25 25 338 1016 25 25 339 1017 30 30 339 1018 24 24 339 1019 34 34 340 1020 33 33 340 1021 26 26 340 1022 30 30 341 1023 34 34 341 1024 24 24 341 1025 33 33 342 1026 35 35 342 1027 19 19 342 1028 35 35 343 1029 23 23 343 1030 19 19 343 1031 91 91 344 1032 37 37 344 1033 22 22 344 1034 37 37 345 1035 32 32 345 1036 22 22 345 1037 36 36 346 1038 30 30 346 1039 25 25 346 1040 31 31 347 1041 36 36 347 1042 25 25 347 1043 32 32 348 1044 40 40 348 1045 29 29 348 1046 40 40 349 1047 28 28 349 1048 29 29 349 1049 27 27 350 1050 38 38 350 1051 39 39 350 1052 40 40 351 1053 42 42 351 1054 31 31 351 1055 40 40 352 1056 31 31 352 1057 28 28 352 1058 36 36 353 1059 43 43 353 1060 30 30 353 1061 42 42 354 1062 36 36 354 1063 31 31 354 1064 35 35 355 1065 44 44 355 1066 27 27 355 1067 35 35 356 1068 27 27 356 1069 23 23 356 1070 37 37 357 1071 51 51 357 1072 32 32 357 1073 43 43 358 1074 46 46 358 1075 33 33 358 1076 43 43 359 1077 33 33 359 1078 34 34 359 1079 51 51 360 1080 40 40 360 1081 32 32 360 1082 43 43 361 1083 34 34 361 1084 30 30 361 1085 47 47 362 1086 35 35 362 1087 33 33 362 1088 91 91 363 1089 51 51 363 1090 37 37 363 1091 46 46 364 1092 47 47 364 1093 33 33 364 1094 41 41 365 1095 43 43 365 1096 36 36 365 1097 42 42 366 1098 41 41 366 1099 36 36 366 1100 44 44 367 1101 38 38 367 1102 27 27 367 1103 50 50 368 1104 49 49 368 1105 42 42 368 1106 50 50 369 1107 42 42 369 1108 40 40 369 1109 41 41 370 1110 45 45 370 1111 43 43 370 1112 49 49 371 1113 41 41 371 1114 42 42 371 1115 35 35 372 1116 52 52 372 1117 44 44 372 1118 45 45 373 1119 46 46 373 1120 43 43 373 1121 51 51 374 1122 50 50 374 1123 40 40 374 1124 52 52 375 1125 38 38 375 1126 44 44 375 1127 55 55 376 1128 49 49 376 1129 50 50 376 1130 49 49 377 1131 45 45 377 1132 41 41 377 1133 48 48 378 1134 52 52 378 1135 35 35 378 1136 45 45 379 1137 54 54 379 1138 46 46 379 1139 53 53 380 1140 50 50 380 1141 51 51 380 1142 38 38 381 1143 57 57 381 1144 39 39 381 1145 54 54 382 1146 47 47 382 1147 46 46 382 1148 55 55 383 1149 62 62 383 1150 49 49 383 1151 49 49 384 1152 56 56 384 1153 45 45 384 1154 58 58 385 1155 35 35 385 1156 47 47 385 1157 58 58 386 1158 48 48 386 1159 35 35 386 1160 91 91 387 1161 63 63 387 1162 51 51 387 1163 54 54 388 1164 58 58 388 1165 47 47 388 1166 63 63 389 1167 53 53 389 1168 51 51 389 1169 61 61 390 1170 56 56 390 1171 49 49 390 1172 62 62 391 1173 61 61 391 1174 49 49 391 1175 48 48 392 1176 64 64 392 1177 52 52 392 1178 56 56 393 1179 58 58 393 1180 54 54 393 1181 56 56 394 1182 54 54 394 1183 45 45 394 1184 53 53 395 1185 60 60 395 1186 50 50 395 1187 60 60 396 1188 55 55 396 1189 50 50 396 1190 64 64 397 1191 57 57 397 1192 38 38 397 1193 52 52 398 1194 64 64 398 1195 38 38 398 1196 60 60 399 1197 62 62 399 1198 55 55 399 1199 61 61 400 1200 65 65 400 1201 56 56 400 1202 59 59 401 1203 64 64 401 1204 48 48 401 1205 63 63 402 1206 60 60 402 1207 53 53 402 1208 58 58 403 1209 59 59 403 1210 48 48 403 1211 66 66 404 1212 62 62 404 1213 60 60 404 1214 68 68 405 1215 65 65 405 1216 61 61 405 1217 66 66 406 1218 68 68 406 1219 61 61 406 1220 66 66 407 1221 61 61 407 1222 62 62 407 1223 70 70 408 1224 58 58 408 1225 56 56 408 1226 69 69 409 1227 67 67 409 1228 60 60 409 1229 69 69 410 1230 60 60 410 1231 63 63 410 1232 67 67 411 1233 66 66 411 1234 60 60 411 1235 75 75 412 1236 57 57 412 1237 64 64 412 1238 91 91 413 1239 72 72 413 1240 63 63 413 1241 72 72 414 1242 69 69 414 1243 63 63 414 1244 67 67 415 1245 71 71 415 1246 66 66 415 1247 71 71 416 1248 68 68 416 1249 66 66 416 1250 59 59 417 1251 80 80 417 1252 64 64 417 1253 68 68 418 1254 70 70 418 1255 56 56 418 1256 68 68 419 1257 56 56 419 1258 65 65 419 1259 70 70 420 1260 79 79 420 1261 58 58 420 1262 80 80 421 1263 75 75 421 1264 64 64 421 1265 73 73 422 1266 71 71 422 1267 67 67 422 1268 71 71 423 1269 74 74 423 1270 68 68 423 1271 85 85 424 1272 80 80 424 1273 59 59 424 1274 72 72 425 1275 67 67 425 1276 69 69 425 1277 74 74 426 1278 79 79 426 1279 70 70 426 1280 74 74 427 1281 70 70 427 1282 68 68 427 1283 79 79 428 1284 85 85 428 1285 58 58 428 1286 85 85 429 1287 59 59 429 1288 58 58 429 1289 73 73 430 1290 76 76 430 1291 71 71 430 1292 84 84 431 1293 78 78 431 1294 67 67 431 1295 84 84 432 1296 67 67 432 1297 72 72 432 1298 78 78 433 1299 73 73 433 1300 67 67 433 1301 80 80 434 1302 94 94 434 1303 75 75 434 1304 77 77 435 1305 74 74 435 1306 71 71 435 1307 76 76 436 1308 77 77 436 1309 71 71 436 1310 77 77 437 1311 86 86 437 1312 79 79 437 1313 77 77 438 1314 79 79 438 1315 74 74 438 1316 78 78 439 1317 76 76 439 1318 73 73 439 1319 94 94 440 1320 57 57 440 1321 75 75 440 1322 91 91 441 1323 84 84 441 1324 72 72 441 1325 82 82 442 1326 86 86 442 1327 77 77 442 1328 83 83 443 1329 82 82 443 1330 77 77 443 1331 83 83 444 1332 77 77 444 1333 76 76 444 1334 81 81 445 1335 96 96 445 1336 80 80 445 1337 81 81 446 1338 80 80 446 1339 85 85 446 1340 84 84 447 1341 92 92 447 1342 78 78 447 1343 83 83 448 1344 76 76 448 1345 78 78 448 1346 92 92 449 1347 83 83 449 1348 78 78 449 1349 86 86 450 1350 93 93 450 1351 79 79 450 1352 10 10 451 1353 85 85 451 1354 79 79 451 1355 93 93 452 1356 10 10 452 1357 79 79 452 1358 96 96 453 1359 94 94 453 1360 80 80 453 1361 92 92 454 1362 90 90 454 1363 83 83 454 1364 87 87 455 1365 86 86 455 1366 82 82 455 1367 90 90 456 1368 87 87 456 1369 82 82 456 1370 90 90 457 1371 82 82 457 1372 83 83 457 1373 91 91 458 1374 92 92 458 1375 84 84 458 1376 10 10 459 1377 81 81 459 1378 85 85 459 1379 88 88 460 1380 90 90 460 1381 92 92 460 1382 87 87 461 1383 89 89 461 1384 86 86 461 1385 89 89 462 1386 93 93 462 1387 86 86 462 1388 94 94 463 1389 39 39 463 1390 57 57 463 1391 96 96 464 1392 95 95 464 1393 94 94 464 1394 88 88 465 1395 5 5 465 1396 90 90 465 1397 5 5 466 1398 89 89 466 1399 87 87 466 1400 5 5 467 1401 87 87 467 1402 90 90 467 1403 6 6 468 1404 95 95 468 1405 96 96 468 1406 6 6 469 1407 96 96 469 1408 81 81 469 1409 7 7 470 1410 8 8 470 1411 92 92 470 1412 7 7 471 1413 92 92 471 1414 91 91 471 1415 89 89 472 1416 10 10 472 1417 93 93 472 1418 8 8 473 1419 88 88 473 1420 92 92 473 1421 10 10 474 1422 6 6 474 1423 81 81 474 1424 95 95 475 1425 39 39 475 1426 94 94 475 1427 101 101 476 1428 97 97 476 1429 1 1 476 1430 98 98 477 1431 101 101 477 1432 1 1 477 1433 97 97 478 1434 102 102 478 1435 3 3 478 1436 97 97 479 1437 3 3 479 1438 224 224 479 1439 98 98 480 1440 1 1 480 1441 2 2 480 1442 102 102 481 1443 103 103 481 1444 3 3 481 1445 99 99 482 1446 98 98 482 1447 2 2 482 1448 103 103 483 1449 105 105 483 1450 3 3 483 1451 104 104 484 1452 99 99 484 1453 226 226 484 1454 104 104 485 1455 226 226 485 1456 227 227 485 1457 0 0 486 1458 100 100 486 1459 229 229 486 1460 100 100 487 1461 104 104 487 1462 227 227 487 1463 105 105 488 1464 106 106 488 1465 4 4 488 1466 101 101 489 1467 107 107 489 1468 97 97 489 1469 108 108 490 1470 101 101 490 1471 98 98 490 1472 109 109 491 1473 108 108 491 1474 98 98 491 1475 109 109 492 1476 98 98 492 1477 99 99 492 1478 103 103 493 1479 110 110 493 1480 105 105 493 1481 104 104 494 1482 109 109 494 1483 99 99 494 1484 110 110 495 1485 111 111 495 1486 105 105 495 1487 0 0 496 1488 112 112 496 1489 100 100 496 1490 112 112 497 1491 104 104 497 1492 100 100 497 1493 115 115 498 1494 107 107 498 1495 101 101 498 1496 107 107 499 1497 114 114 499 1498 97 97 499 1499 114 114 500 1500 116 116 500 1501 102 102 500 1502 114 114 501 1503 102 102 501 1504 97 97 501 1505 108 108 502 1506 115 115 502 1507 101 101 502 1508 116 116 503 1509 118 118 503 1510 103 103 503 1511 116 116 504 1512 103 103 504 1513 102 102 504 1514 118 118 505 1515 110 110 505 1516 103 103 505 1517 119 119 506 1518 109 109 506 1519 104 104 506 1520 112 112 507 1521 119 119 507 1522 104 104 507 1523 111 111 508 1524 113 113 508 1525 106 106 508 1526 111 111 509 1527 106 106 509 1528 105 105 509 1529 115 115 510 1530 121 121 510 1531 107 107 510 1532 121 121 511 1533 114 114 511 1534 107 107 511 1535 117 117 512 1536 115 115 512 1537 108 108 512 1538 122 122 513 1539 117 117 513 1540 108 108 513 1541 122 122 514 1542 108 108 514 1543 109 109 514 1544 118 118 515 1545 123 123 515 1546 110 110 515 1547 119 119 516 1548 122 122 516 1549 109 109 516 1550 123 123 517 1551 111 111 517 1552 110 110 517 1553 0 0 518 1554 120 120 518 1555 112 112 518 1556 120 120 519 1557 119 119 519 1558 112 112 519 1559 123 123 520 1560 124 124 520 1561 113 113 520 1562 123 123 521 1563 113 113 521 1564 111 111 521 1565 124 124 522 1566 106 106 522 1567 113 113 522 1568 124 124 523 1569 195 195 523 1570 106 106 523 1571 131 131 524 1572 121 121 524 1573 115 115 524 1574 121 121 525 1575 125 125 525 1576 114 114 525 1577 117 117 526 1578 131 131 526 1579 115 115 526 1580 125 125 527 1581 126 126 527 1582 116 116 527 1583 125 125 528 1584 116 116 528 1585 114 114 528 1586 126 126 529 1587 118 118 529 1588 116 116 529 1589 127 127 530 1590 117 117 530 1591 122 122 530 1592 126 126 531 1593 123 123 531 1594 118 118 531 1595 128 128 532 1596 122 122 532 1597 119 119 532 1598 0 0 533 1599 129 129 533 1600 120 120 533 1601 129 129 534 1602 128 128 534 1603 119 119 534 1604 129 129 535 1605 119 119 535 1606 120 120 535 1607 131 131 536 1608 130 130 536 1609 121 121 536 1610 130 130 537 1611 125 125 537 1612 121 121 537 1613 132 132 538 1614 131 131 538 1615 117 117 538 1616 127 127 539 1617 132 132 539 1618 117 117 539 1619 133 133 540 1620 127 127 540 1621 122 122 540 1622 126 126 541 1623 134 134 541 1624 123 123 541 1625 128 128 542 1626 133 133 542 1627 122 122 542 1628 134 134 543 1629 136 136 543 1630 124 124 543 1631 134 134 544 1632 124 124 544 1633 123 123 544 1634 130 130 545 1635 137 137 545 1636 125 125 545 1637 137 137 546 1638 138 138 546 1639 126 126 546 1640 137 137 547 1641 126 126 547 1642 125 125 547 1643 138 138 548 1644 139 139 548 1645 126 126 548 1646 140 140 549 1647 132 132 549 1648 127 127 549 1649 133 133 550 1650 140 140 550 1651 127 127 550 1652 139 139 551 1653 134 134 551 1654 126 126 551 1655 141 141 552 1656 133 133 552 1657 128 128 552 1658 0 0 553 1659 135 135 553 1660 129 129 553 1661 135 135 554 1662 141 141 554 1663 128 128 554 1664 135 135 555 1665 128 128 555 1666 129 129 555 1667 136 136 556 1668 150 150 556 1669 124 124 556 1670 150 150 557 1671 195 195 557 1672 124 124 557 1673 143 143 558 1674 142 142 558 1675 130 130 558 1676 143 143 559 1677 130 130 559 1678 131 131 559 1679 142 142 560 1680 137 137 560 1681 130 130 560 1682 145 145 561 1683 143 143 561 1684 131 131 561 1685 145 145 562 1686 131 131 562 1687 132 132 562 1688 140 140 563 1689 145 145 563 1690 132 132 563 1691 139 139 564 1692 148 148 564 1693 134 134 564 1694 141 141 565 1695 140 140 565 1696 133 133 565 1697 149 149 566 1698 141 141 566 1699 135 135 566 1700 134 134 567 1701 150 150 567 1702 136 136 567 1703 142 142 568 1704 144 144 568 1705 137 137 568 1706 144 144 569 1707 154 154 569 1708 138 138 569 1709 144 144 570 1710 138 138 570 1711 137 137 570 1712 154 154 571 1713 152 152 571 1714 139 139 571 1715 154 154 572 1716 139 139 572 1717 138 138 572 1718 146 146 573 1719 145 145 573 1720 140 140 573 1721 152 152 574 1722 148 148 574 1723 139 139 574 1724 147 147 575 1725 146 146 575 1726 140 140 575 1727 147 147 576 1728 140 140 576 1729 141 141 576 1730 0 0 577 1731 149 149 577 1732 135 135 577 1733 149 149 578 1734 147 147 578 1735 141 141 578 1736 148 148 579 1737 150 150 579 1738 134 134 579 1739 160 160 580 1740 195 195 580 1741 150 150 580 1742 153 153 581 1743 151 151 581 1744 142 142 581 1745 153 153 582 1746 142 142 582 1747 143 143 582 1748 151 151 583 1749 144 144 583 1750 142 142 583 1751 155 155 584 1752 153 153 584 1753 143 143 584 1754 151 151 585 1755 154 154 585 1756 144 144 585 1757 155 155 586 1758 143 143 586 1759 145 145 586 1760 156 156 587 1761 155 155 587 1762 145 145 587 1763 156 156 588 1764 145 145 588 1765 146 146 588 1766 152 152 589 1767 158 158 589 1768 148 148 589 1769 157 157 590 1770 156 156 590 1771 146 146 590 1772 157 157 591 1773 146 146 591 1774 147 147 591 1775 0 0 592 1776 159 159 592 1777 149 149 592 1778 159 159 593 1779 157 157 593 1780 147 147 593 1781 159 159 594 1782 147 147 594 1783 149 149 594 1784 158 158 595 1785 160 160 595 1786 150 150 595 1787 158 158 596 1788 150 150 596 1789 148 148 596 1790 153 153 597 1791 161 161 597 1792 151 151 597 1793 154 154 598 1794 164 164 598 1795 152 152 598 1796 163 163 599 1797 155 155 599 1798 156 156 599 1799 164 164 600 1800 158 158 600 1801 152 152 600 1802 167 167 601 1803 161 161 601 1804 153 153 601 1805 161 161 602 1806 166 166 602 1807 151 151 602 1808 162 162 603 1809 167 167 603 1810 153 153 603 1811 166 166 604 1812 171 171 604 1813 154 154 604 1814 166 166 605 1815 154 154 605 1816 151 151 605 1817 162 162 606 1818 153 153 606 1819 155 155 606 1820 171 171 607 1821 164 164 607 1822 154 154 607 1823 163 163 608 1824 162 162 608 1825 155 155 608 1826 168 168 609 1827 163 163 609 1828 156 156 609 1829 169 169 610 1830 168 168 610 1831 156 156 610 1832 169 169 611 1833 156 156 611 1834 157 157 611 1835 164 164 612 1836 175 175 612 1837 158 158 612 1838 0 0 613 1839 169 169 613 1840 157 157 613 1841 0 0 614 1842 157 157 614 1843 159 159 614 1844 175 175 615 1845 165 165 615 1846 160 160 615 1847 175 175 616 1848 160 160 616 1849 158 158 616 1850 165 165 617 1851 176 176 617 1852 160 160 617 1853 176 176 618 1854 195 195 618 1855 160 160 618 1856 167 167 619 1857 170 170 619 1858 161 161 619 1859 170 170 620 1860 166 166 620 1861 161 161 620 1862 172 172 621 1863 167 167 621 1864 162 162 621 1865 171 171 622 1866 173 173 622 1867 164 164 622 1868 174 174 623 1869 172 172 623 1870 162 162 623 1871 174 174 624 1872 162 162 624 1873 163 163 624 1874 168 168 625 1875 174 174 625 1876 163 163 625 1877 173 173 626 1878 175 175 626 1879 164 164 626 1880 175 175 627 1881 176 176 627 1882 165 165 627 1883 178 178 628 1884 170 170 628 1885 167 167 628 1886 170 170 629 1887 177 177 629 1888 166 166 629 1889 177 177 630 1890 171 171 630 1891 166 166 630 1892 172 172 631 1893 178 178 631 1894 167 167 631 1895 180 180 632 1896 174 174 632 1897 168 168 632 1898 180 180 633 1899 168 168 633 1900 169 169 633 1901 182 182 634 1902 180 180 634 1903 169 169 634 1904 182 182 635 1905 169 169 635 1906 0 0 635 1907 185 185 636 1908 184 184 636 1909 170 170 636 1910 185 185 637 1911 170 170 637 1912 178 178 637 1913 184 184 638 1914 177 177 638 1915 170 170 638 1916 177 177 639 1917 190 190 639 1918 171 171 639 1919 186 186 640 1920 178 178 640 1921 172 172 640 1922 190 190 641 1923 187 187 641 1924 173 173 641 1925 190 190 642 1926 173 173 642 1927 171 171 642 1928 179 179 643 1929 186 186 643 1930 172 172 643 1931 179 179 644 1932 172 172 644 1933 174 174 644 1934 187 187 645 1935 181 181 645 1936 175 175 645 1937 187 187 646 1938 175 175 646 1939 173 173 646 1940 180 180 647 1941 179 179 647 1942 174 174 647 1943 181 181 648 1944 183 183 648 1945 176 176 648 1946 181 181 649 1947 176 176 649 1948 175 175 649 1949 184 184 650 1950 189 189 650 1951 177 177 650 1952 189 189 651 1953 190 190 651 1954 177 177 651 1955 186 186 652 1956 185 185 652 1957 178 178 652 1958 192 192 653 1959 186 186 653 1960 179 179 653 1961 187 187 654 1962 194 194 654 1963 181 181 654 1964 193 193 655 1965 192 192 655 1966 179 179 655 1967 193 193 656 1968 179 179 656 1969 180 180 656 1970 0 0 657 1971 188 188 657 1972 182 182 657 1973 188 188 658 1974 193 193 658 1975 180 180 658 1976 188 188 659 1977 180 180 659 1978 182 182 659 1979 194 194 660 1980 195 195 660 1981 183 183 660 1982 194 194 661 1983 183 183 661 1984 181 181 661 1985 195 195 662 1986 176 176 662 1987 183 183 662 1988 197 197 663 1989 196 196 663 1990 184 184 663 1991 197 197 664 1992 184 184 664 1993 185 185 664 1994 196 196 665 1995 189 189 665 1996 184 184 665 1997 191 191 666 1998 197 197 666 1999 185 185 666 2000 191 191 667 2001 185 185 667 2002 186 186 667 2003 190 190 668 2004 199 199 668 2005 187 187 668 2006 192 192 669 2007 191 191 669 2008 186 186 669 2009 199 199 670 2010 194 194 670 2011 187 187 670 2012 201 201 671 2013 193 193 671 2014 188 188 671 2015 196 196 672 2016 203 203 672 2017 189 189 672 2018 203 203 673 2019 204 204 673 2020 190 190 673 2021 203 203 674 2022 190 190 674 2023 189 189 674 2024 205 205 675 2025 197 197 675 2026 191 191 675 2027 204 204 676 2028 199 199 676 2029 190 190 676 2030 198 198 677 2031 205 205 677 2032 191 191 677 2033 198 198 678 2034 191 191 678 2035 192 192 678 2036 199 199 679 2037 206 206 679 2038 194 194 679 2039 200 200 680 2040 198 198 680 2041 192 192 680 2042 200 200 681 2043 192 192 681 2044 193 193 681 2045 0 0 682 2046 201 201 682 2047 188 188 682 2048 201 201 683 2049 200 200 683 2050 193 193 683 2051 206 206 684 2052 213 213 684 2053 195 195 684 2054 206 206 685 2055 195 195 685 2056 194 194 685 2057 202 202 686 2058 207 207 686 2059 196 196 686 2060 202 202 687 2061 196 196 687 2062 197 197 687 2063 207 207 688 2064 203 203 688 2065 196 196 688 2066 205 205 689 2067 202 202 689 2068 197 197 689 2069 204 204 690 2070 210 210 690 2071 199 199 690 2072 209 209 691 2073 205 205 691 2074 198 198 691 2075 210 210 692 2076 206 206 692 2077 199 199 692 2078 211 211 693 2079 209 209 693 2080 198 198 693 2081 211 211 694 2082 198 198 694 2083 200 200 694 2084 0 0 695 2085 212 212 695 2086 201 201 695 2087 212 212 696 2088 211 211 696 2089 200 200 696 2090 212 212 697 2091 200 200 697 2092 201 201 697 2093 216 216 698 2094 207 207 698 2095 202 202 698 2096 208 208 699 2097 216 216 699 2098 202 202 699 2099 207 207 700 2100 218 218 700 2101 204 204 700 2102 207 207 701 2103 204 204 701 2104 203 203 701 2105 208 208 702 2106 202 202 702 2107 205 205 702 2108 218 218 703 2109 210 210 703 2110 204 204 703 2111 209 209 704 2112 208 208 704 2113 205 205 704 2114 210 210 705 2115 215 215 705 2116 206 206 705 2117 216 216 706 2118 223 223 706 2119 207 207 706 2120 223 223 707 2121 217 217 707 2122 207 207 707 2123 217 217 708 2124 218 218 708 2125 207 207 708 2126 219 219 709 2127 216 216 709 2128 208 208 709 2129 218 218 710 2130 220 220 710 2131 210 210 710 2132 214 214 711 2133 219 219 711 2134 208 208 711 2135 214 214 712 2136 208 208 712 2137 209 209 712 2138 220 220 713 2139 215 215 713 2140 210 210 713 2141 221 221 714 2142 214 214 714 2143 209 209 714 2144 221 221 715 2145 209 209 715 2146 211 211 715 2147 0 0 716 2148 222 222 716 2149 212 212 716 2150 222 222 717 2151 221 221 717 2152 211 211 717 2153 222 222 718 2154 211 211 718 2155 212 212 718 2156 215 215 719 2157 230 230 719 2158 213 213 719 2159 215 215 720 2160 213 213 720 2161 206 206 720 2162 230 230 721 2163 195 195 721 2164 213 213 721 2165 225 225 722 2166 219 219 722 2167 214 214 722 2168 220 220 723 2169 228 228 723 2170 215 215 723 2171 221 221 724 2172 225 225 724 2173 214 214 724 2174 228 228 725 2175 230 230 725 2176 215 215 725 2177 1 1 726 2178 223 223 726 2179 216 216 726 2180 223 223 727 2181 224 224 727 2182 217 217 727 2183 2 2 728 2184 1 1 728 2185 216 216 728 2186 224 224 729 2187 3 3 729 2188 218 218 729 2189 224 224 730 2190 218 218 730 2191 217 217 730 2192 2 2 731 2193 216 216 731 2194 219 219 731 2195 3 3 732 2196 220 220 732 2197 218 218 732 2198 225 225 733 2199 2 2 733 2200 219 219 733 2201 3 3 734 2202 228 228 734 2203 220 220 734 2204 227 227 735 2205 226 226 735 2206 225 225 735 2207 227 227 736 2208 225 225 736 2209 221 221 736 2210 0 0 737 2211 229 229 737 2212 222 222 737 2213 229 229 738 2214 227 227 738 2215 221 221 738 2216 229 229 739 2217 221 221 739 2218 222 222 739 2219 1 1 740 2220 97 97 740 2221 223 223 740 2222 97 97 741 2223 224 224 741 2224 223 223 741 2225 99 99 742 2226 2 2 742 2227 225 225 742 2228 226 226 743 2229 99 99 743 2230 225 225 743 2231 3 3 744 2232 105 105 744 2233 228 228 744 2234 100 100 745 2235 227 227 745 2236 229 229 745 2237 105 105 746 2238 4 4 746 2239 230 230 746 2240 105 105 747 2241 230 230 747 2242 228 228 747 2243 4 4 748 2244 106 106 748 2245 230 230 748 2246 106 106 749 2247 195 195 749 2248 230 230 749 2249</p>
                </triangles>
            </mesh>
        </geometry>
    </library_geometries>
    <library_visual_scenes>
        <visual_scene id="VisualSceneNode" name="VisualScene">
            <node id="node" name="node">
                <instance_geometry url="#shape0-lib">
                    <bind_material>
                        <technique_common>
                            <instance_material symbol="material0" target="#material0">
                                <bind_vertex_input semantic="UVSET0" input_semantic="TEXCOORD"/>
                            </instance_material>
                        </technique_common>
                    </bind_material>
                </instance_geometry>
            </node>
        </visual_scene>
    </library_visual_scenes>
    <scene>
        <instance_visual_scene url="#VisualSceneNode"/>
    </scene>
</COLLADA>
