<?xml version="1.0" encoding="UTF-8"?>
<COLLADA xmlns="http://www.collada.org/2005/11/COLLADASchema" version="1.4.1">
    <asset>
        <contributor>
            <author>VCGLab</author>
            <authoring_tool>VCGLib | MeshLab</authoring_tool>
        </contributor>
        <created>Thu Jul 3 02:00:16 2025 GMT</created>
        <modified>Thu Jul 3 02:00:16 2025 GMT</modified>
        <up_axis>Y_UP</up_axis>
    </asset>
    <library_images>
        <image id="texture0" name="texture0">
            <init_from>./image/shelf_items.png</init_from>
        </image>
    </library_images>
    <library_materials>
        <material id="material0" name="material0">
            <instance_effect url="#material0-fx"/>
        </material>
    </library_materials>
    <library_effects>
        <effect id="material0-fx">
            <profile_COMMON>
                <newparam sid="texture0-surface">
                    <surface type="2D">
                        <init_from>texture0</init_from>
                        <format>R8G8B8</format>
                    </surface>
                </newparam>
                <newparam sid="texture0-sampler">
                    <sampler2D>
                        <source>texture0-surface</source>
                        <minfilter>LINEAR</minfilter>
                        <magfilter>LINEAR</magfilter>
                    </sampler2D>
                </newparam>
                <technique sid="common">
                    <blinn>
                        <diffuse>
                            <texture texture="texture0-sampler" texcoord="UVSET0"/>
                        </diffuse>
                    </blinn>
                </technique>
            </profile_COMMON>
        </effect>
    </library_effects>
    <library_geometries>
        <geometry id="shape0-lib" name="shape0">
            <mesh>
                <source id="shape0-lib-positions" name="position">
                    <float_array id="shape0-lib-positions-array" count="2352">-0.0163583 0.00260329 -0.0859227 -0.0194839 0.0348876 -0.133847 -0.06578 0.035 -0.116666 -0.0934412 0.035 -0.0954412 -0.1241 0.0349665 -0.0507471 -0.13256 0.035 -0.00100001 -0.122644 0.0349667 0.0522626 -0.0934412 0.035 0.0934412 -0.0487471 0.0349665 0.1241 0.000999999 0.035 0.13256 0.0542626 0.0349667 0.122644 0.0954412 0.035 0.0934412 0.1261 0.0349665 0.048747 0.134216 0.0349667 -0.0204496 0.113081 0.0294584 -0.0660059 0.0954412 0.035 -0.0954412 0.0503029 0.0352524 -0.126235 0.000999999 0.031 -0.13456 -0.0475205 0.0309218 -0.126503 -0.0934412 0.031 -0.0954412 -0.121638 0.030775 -0.0564127 -0.132918 0.0310916 0.0116155 -0.114666 0.031 0.06578 -0.0934412 0.031 0.0934412 -0.0534165 0.0309222 0.122062 -0.00926392 0.0277116 0.130913 0.0355679 0.031 0.128009 0.0587615 0.0277408 0.117997 0.0954412 0.031 0.0934412 0.122858 0.0309402 0.055955 0.13501 0.0309404 -0.0125941 0.11132 0.0308823 -0.077699 0.06778 0.031 -0.116666 0.0355679 0.031 -0.130009 -0.102362 0.0217575 0.0509977 0.00986798 0.0223793 0.113061 0.104213 0.0223793 0.0483512 0.0192618 0.0223611 -0.113317 -0.0622983 0.010111 -0.0556148 0.098371 0.0126273 0.0468551 0.0757778 0.00183889 -0.0444939 -0.0874771 0.00605023 -0.0359073 -0.0723921 0.00389184 0.0501905 0.0203726 0.000539983 0.0719685 -0.0193582 0.0146033 -0.0849227 -0.0224841 0.0468876 -0.132847 -0.06878 0.047 -0.115666 -0.0964412 0.047 -0.0944412 -0.1271 0.0469665 -0.049747 -0.13556 0.047 -2.27615e-09 -0.125644 0.0469667 0.0532627 -0.0964412 0.047 0.0944412 -0.0517471 0.0469665 0.1251 -0.00174373 0.0414585 0.129568 0.0512627 0.0469667 0.123644 0.0924412 0.047 0.0944412 0.1231 0.0469665 0.049747 0.13156 0.047 -2.27615e-09 0.121644 0.0469667 -0.0532626 0.0924412 0.047 -0.0944412 0.0473029 0.0472524 -0.125234 -0.00200002 0.043 -0.13356 -0.0505205 0.0429218 -0.125503 -0.0964412 0.043 -0.0944412 -0.124638 0.042775 -0.0554127 -0.135918 0.0430916 0.0126154 -0.117666 0.043 0.06678 -0.0964412 0.043 0.0944412 -0.0564164 0.0429222 0.123062 -0.0122639 0.0397115 0.131913 0.0325679 0.043 0.129009 0.0557615 0.0397408 0.118997 0.0924412 0.043 0.0944412 0.119858 0.0429402 0.056955 0.13201 0.0429404 -0.0115942 0.10832 0.0428823 -0.0766991 0.06478 0.043 -0.115666 0.0325679 0.043 -0.129009 -0.0889232 0.0343793 -0.0743832 -0.105362 0.0337576 0.0519978 0.0849232 0.0343792 0.0743831 0.0162619 0.0343611 -0.112317 0.0774108 0.0220769 -0.0260469 0.0953711 0.0246275 0.0478555 0.0727778 0.0138389 -0.0434939 -0.0904773 0.0180503 -0.0349077 -0.0753922 0.0158919 0.0511906 0.0173724 0.0125399 0.0729685 -0.0193582 0.0266032 -0.0849226 -0.0224841 0.0588876 -0.132847 -0.06878 0.059 -0.115666 -0.0964412 0.059 -0.0944412 -0.1271 0.0589665 -0.0497471 -0.13556 0.059 -2.27615e-09 -0.125644 0.0589667 0.0532626 -0.0964412 0.059 0.0944412 -0.0517471 0.0589665 0.1251 -0.00200002 0.059 0.13356 0.0512627 0.0589667 0.123644 0.0924412 0.059 0.0944412 0.113666 0.059 0.06678 0.12375 0.054237 0.0357342 0.13156 0.059 -2.27615e-09 0.121644 0.0589667 -0.0532626 0.0924412 0.059 -0.0944412 0.0473029 0.0592524 -0.125234 -0.00200002 0.055 -0.13356 -0.0505205 0.0549218 -0.125503 -0.0964412 0.055 -0.0944412 -0.124638 0.054775 -0.0554127 -0.135918 0.0550916 0.0126155 -0.117666 0.055 0.06678 -0.0964412 0.055 0.0944412 -0.0564164 0.0549222 0.123062 -0.012264 0.0517116 0.131913 0.0325679 0.055 0.129009 0.0557612 0.0517409 0.118997 0.0924412 0.055 0.0944412 0.119858 0.0549402 0.056955 0.13201 0.0549404 -0.0115942 0.113666 0.055 -0.06678 0.0924412 0.055 -0.0944412 0.06478 0.055 -0.115666 0.0325679 0.055 -0.129009 -0.106738 0.0447074 -0.0509577 -0.0763833 0.0463793 0.0869232 0.0360867 0.0463793 0.107879 0.105879 0.0463793 -0.0380866 0.0162617 0.0463611 -0.112317 -0.00200002 0.033 -1.34483e-09 0.095371 0.0366274 0.0478552 0.0727778 0.0258389 -0.0434938 -0.0904772 0.0300503 -0.0349075 -0.0753923 0.0278919 0.0511905 0.0173724 0.0245399 0.0729685 -0.0193581 0.0386032 -0.0849226 -0.0224841 0.0708876 -0.132847 -0.06878 0.071 -0.115666 -0.0964412 0.071 -0.0944412 -0.1271 0.0709665 -0.0497471 -0.13556 0.071 -2.27615e-09 -0.125644 0.0709667 0.0532627 -0.0964412 0.071 0.0944412 -0.0517471 0.0709665 0.1251 -0.00200002 0.071 0.13356 0.0299283 0.0662371 0.12677 0.06478 0.071 0.115666 0.0924412 0.071 0.0944412 0.1231 0.0709665 0.0497471 0.13156 0.071 -2.27615e-09 0.121644 0.0709667 -0.0532626 0.0924412 0.071 -0.0944412 0.0473029 0.0712524 -0.125234 -0.00200002 0.067 -0.13356 -0.0505205 0.0669219 -0.125503 -0.0964412 0.067 -0.0944412 -0.124638 0.066775 -0.0554127 -0.135918 0.0670916 0.0126155 -0.117666 0.067 0.06678 -0.0964412 0.067 0.0944412 -0.0564164 0.0669222 0.123062 -0.0122639 0.0637116 0.131913 0.0325679 0.067 0.129009 0.0557609 0.0637408 0.118997 0.0924412 0.067 0.0944412 0.119858 0.0669402 0.056955 0.13201 0.0669404 -0.0115942 0.10832 0.0668823 -0.076699 0.06478 0.067 -0.115666 0.0325679 0.067 -0.129009 -0.0987119 0.0577577 -0.0635166 -0.0883828 0.0577576 0.0769775 0.0849233 0.0583793 0.0743829 0.0162617 0.0583612 -0.112317 0.0774106 0.046077 -0.0260467 0.0953711 0.0486274 0.0478553 0.0727778 0.0378389 -0.0434938 -0.0904773 0.0420503 -0.0349075 -0.0753923 0.0398919 0.0511905 0.0173725 0.03654 0.0729685 -0.0163583 0.0506033 -0.0859227 -0.0194839 0.0828876 -0.133847 -0.06578 0.083 -0.116666 -0.0934412 0.083 -0.0954412 -0.1241 0.0829665 -0.0507471 -0.13256 0.083 -0.00100001 -0.122644 0.0829667 0.0522626 -0.0934412 0.083 0.0934412 -0.0487471 0.0829665 0.1241 0.000999999 0.083 0.13256 0.0542626 0.0829667 0.122644 0.0954412 0.083 0.0934412 0.1261 0.0829665 0.048747 0.134216 0.0829667 -0.0204496 0.113081 0.0774584 -0.0660062 0.0954412 0.083 -0.0954412 0.0503029 0.0832524 -0.126234 0.000999999 0.079 -0.13456 -0.0475205 0.0789219 -0.126503 -0.0934412 0.079 -0.0954412 -0.121638 0.078775 -0.0564127 -0.132918 0.0790916 0.0116155 -0.114666 0.079 0.06578 -0.0934412 0.079 0.0934412 -0.0534165 0.0789222 0.122062 -0.00926397 0.0757116 0.130913 0.0355679 0.079 0.128009 0.0587613 0.0757408 0.117997 0.0954412 0.079 0.0934412 0.122858 0.0789402 0.055955 0.13501 0.0789404 -0.0125941 0.11132 0.0788823 -0.077699 0.06778 0.079 -0.116666 0.0355679 0.079 -0.130009 -0.00981241 0.0688625 -0.116736 -0.115185 0.0687075 0.00723885 -0.00565023 0.0697577 0.114514 0.104213 0.0703792 0.0483512 0.000999999 0.057 -0.00100001 0.0983711 0.0606274 0.0468552 0.0757778 0.0498389 -0.0444939 -0.0874771 0.0540502 -0.0359074 -0.0723921 0.0518918 0.0501906 0.0203728 0.04854 0.0719684 -0.0143582 0.0626033 -0.0849226 -0.017484 0.0948876 -0.132847 -0.06378 0.095 -0.115666 -0.0914412 0.095 -0.0944412 -0.1221 0.0949665 -0.0497471 -0.13056 0.095 -2.27615e-09 -0.120644 0.0949667 0.0532626 -0.0914412 0.095 0.0944412 -0.0467471 0.0949665 0.1251 0.00299997 0.095 0.13356 0.0562627 0.0949667 0.123644 0.0974412 0.095 0.0944412 0.1281 0.0949665 0.0497471 0.13656 0.095 -2.27615e-09 0.126644 0.0949667 -0.0532626 0.0974412 0.095 -0.0944412 0.0701079 0.0895168 -0.110981 0.0375679 0.095 -0.129009 0.00299997 0.091 -0.13356 -0.0455204 0.0909218 -0.125503 -0.0914412 0.091 -0.0944412 -0.119638 0.090775 -0.0554127 -0.130918 0.0910916 0.0126155 -0.112666 0.091 0.06678 -0.0914412 0.091 0.0944412 -0.0514165 0.0909222 0.123062 -0.00726395 0.0877116 0.131913 0.0375679 0.091 0.129009 0.0607614 0.0877408 0.118997 0.0974412 0.091 0.0944412 0.124858 0.0909402 0.056955 0.13701 0.0909404 -0.0115942 0.118666 0.091 -0.06678 0.0974412 0.091 -0.0944412 0.06978 0.091 -0.115666 0.0375679 0.091 -0.129009 -0.0350867 0.0823793 -0.107879 -0.0713832 0.0823793 0.0869232 0.0549979 0.0817575 0.103362 0.117061 0.0823793 -0.00886797 -0.0787471 0.0699646 -0.0165074 0.100371 0.0726272 0.0478547 0.0777775 0.0618388 -0.0434937 -0.0854772 0.0660502 -0.0349074 -0.0703922 0.0638918 0.0511905 0.0223723 0.0605399 0.0729685 -0.0143582 0.0746033 -0.0849226 -0.0174841 0.106888 -0.132847 -0.06378 0.107 -0.115666 -0.0914412 0.107 -0.0944412 -0.1221 0.106967 -0.049747 -0.13056 0.107 -2.27615e-09 -0.120644 0.106967 0.0532627 -0.0914412 0.107 0.0944412 -0.0467472 0.106967 0.125099 0.00299997 0.107 0.13356 0.0562627 0.106967 0.123644 0.0974412 0.107 0.0944412 0.115337 0.101458 0.0645627 0.136711 0.106967 0.0156853 0.126644 0.106967 -0.0532626 0.0974412 0.107 -0.0944412 0.0523029 0.107252 -0.125235 0.00299997 0.103 -0.13356 -0.0455205 0.102922 -0.125503 -0.0914412 0.103 -0.0944412 -0.119638 0.102775 -0.0554127 -0.130918 0.103092 0.0126155 -0.112666 0.103 0.06678 -0.0914412 0.103 0.0944412 -0.0514165 0.102922 0.123062 -0.00726405 0.0997116 0.131913 0.0375679 0.103 0.129009 0.0607612 0.0997408 0.118997 0.0974412 0.103 0.0944412 0.124858 0.10294 0.056955 0.13701 0.10294 -0.0115942 0.118666 0.103 -0.06678 0.0974412 0.103 -0.0944412 0.06978 0.103 -0.115666 0.0375679 0.103 -0.129009 -0.100362 0.0937575 0.0519978 0.011868 0.0943793 0.114061 0.110879 0.0943793 -0.0380867 0.0212617 0.0943611 -0.112317 -0.0602983 0.082111 -0.0546147 0.100371 0.0846273 0.047855 0.0777775 0.0738388 -0.0434937 -0.0854773 0.0780503 -0.0349075 -0.0703923 0.0758918 0.0511905 0.0223724 0.0725399 0.0729684 -0.0143582 0.0866033 -0.0849227 -0.0174841 0.118888 -0.132847 -0.06378 0.119 -0.115666 -0.0914412 0.119 -0.0944412 -0.1221 0.118967 -0.0497471 -0.13056 0.119 -2.27615e-09 -0.120644 0.118967 0.0532626 -0.0914412 0.119 0.0944412 -0.0467472 0.118967 0.125099 0.0224496 0.118967 0.133216 0.0680061 0.113458 0.112081 0.0974412 0.119 0.0944412 0.1281 0.118967 0.0497471 0.13656 0.119 -2.27615e-09 0.126644 0.118967 -0.0532626 0.0974412 0.119 -0.0944412 0.0523029 0.119252 -0.125234 0.00299997 0.115 -0.13356 -0.0455205 0.114922 -0.125503 -0.0914412 0.115 -0.0944412 -0.119638 0.114775 -0.0554127 -0.130918 0.115092 0.0126155 -0.112666 0.115 0.06678 -0.0914412 0.115 0.0944412 -0.0514165 0.114922 0.123062 -0.00726414 0.111712 0.131913 0.0375679 0.115 0.129009 0.0607611 0.111741 0.118997 0.0974412 0.115 0.0944412 0.124858 0.11494 0.056955 0.13701 0.11494 -0.0115942 0.118666 0.115 -0.06678 0.0974412 0.115 -0.0944412 0.06978 0.115 -0.115666 0.0375679 0.115 -0.129009 -0.0489979 0.105758 -0.103362 -0.111061 0.106379 0.00886786 -0.0463512 0.106379 0.103213 0.0775501 0.106457 -0.0874729 0.0847291 0.0939187 0.0161035 0.100371 0.0966272 0.0478547 0.0777775 0.0858388 -0.0434937 -0.0854772 0.0900503 -0.0349074 -0.0703922 0.0878918 0.0511905 0.0223727 0.08454 0.0729685 -0.0163581 0.0986033 -0.0859227 0.000999999 0.131 -0.13456 -0.0327824 0.125458 -0.126087 -0.06578 0.131 -0.116666 -0.0934412 0.131 -0.0954412 -0.1241 0.130967 -0.0507471 -0.132216 0.130967 0.0184497 -0.111081 0.125458 0.0640061 -0.0934412 0.131 0.0934412 -0.0487471 0.130967 0.1241 0.000999999 0.131 0.13256 0.0542626 0.130967 0.122644 0.0954412 0.131 0.0934412 0.1261 0.130967 0.048747 0.13456 0.131 -0.00100001 0.124644 0.130967 -0.0542627 0.0954412 0.131 -0.0954412 0.0503029 0.131252 -0.126234 0.000999999 0.127 -0.13456 -0.0475205 0.126922 -0.126503 -0.0934412 0.127 -0.0954412 -0.121638 0.126775 -0.0564127 -0.132918 0.127092 0.0116155 -0.114666 0.127 0.06578 -0.0934412 0.127 0.0934412 -0.0534165 0.126922 0.122062 -0.0092637 0.123712 0.130913 0.0355679 0.127 0.128009 0.0587611 0.123741 0.117997 0.0954412 0.127 0.0934412 0.122858 0.12694 0.055955 0.13501 0.12694 -0.0125941 0.11132 0.126882 -0.077699 0.06778 0.127 -0.116666 0.0355679 0.127 -0.130009 -0.0199557 0.118379 0.111469 0.105738 0.116707 0.0499577 0.0755502 0.118457 -0.0884728 -0.0740492 0.106046 -0.0376809 0.0983711 0.108627 0.0468554 0.0757778 0.0978389 -0.044494 -0.0874771 0.10205 -0.0359075 -0.0723922 0.0998918 0.0501906 0.0203726 0.09654 0.0719684 -0.0163582 0.110603 -0.0859226 0.0898099 0.112159 -0.00276115 0.0629781 0.111856 -0.0637711 -0.0194839 0.142888 -0.133847 -0.06578 0.143 -0.116666 -0.0934412 0.143 -0.0954412 -0.1241 0.142967 -0.050747 -0.13256 0.143 -0.00100001 -0.122644 0.142967 0.0522626 -0.0934412 0.143 0.0934412 -0.0635624 0.137458 0.111337 -0.0146852 0.142967 0.132711 0.0542626 0.142967 0.122644 0.0954412 0.143 0.0934412 0.116666 0.143 0.06578 0.12675 0.138237 0.034734 0.13456 0.143 -0.00100001 0.124644 0.142967 -0.0542627 0.0954412 0.143 -0.0954412 0.0503029 0.143252 -0.126234 0.000999999 0.139 -0.13456 -0.0475205 0.138922 -0.126503 -0.0934412 0.139 -0.0954412 -0.121638 0.138775 -0.0564127 -0.132918 0.139092 0.0116156 -0.114666 0.139 0.06578 -0.0934412 0.139 0.0934412 -0.0534165 0.138922 0.122062 -0.00926393 0.135712 0.130913 0.0355679 0.139 0.128009 0.0587615 0.135741 0.117997 0.0954412 0.139 0.0934412 0.122858 0.13894 0.055955 0.13501 0.13894 -0.0125942 0.116666 0.139 -0.06778 0.0954412 0.139 -0.0954412 0.06778 0.139 -0.116666 0.0355679 0.139 -0.130009 -0.0751879 0.130719 -0.0844891 0.0390868 0.130379 0.106879 0.108879 0.130379 -0.0390868 0.0192617 0.130361 -0.113317 -0.0820651 0.117871 0.00364308 -0.0874771 0.11405 -0.0359074 -0.0723921 0.111892 0.0501905 0.0409477 0.10962 0.0740203 -0.0163581 0.122603 -0.0859226 -0.0194839 0.154888 -0.133847 -0.06578 0.155 -0.116666 -0.0934412 0.155 -0.0954412 -0.1241 0.154967 -0.050747 -0.13256 0.155 -0.00100001 -0.122644 0.154967 0.0522626 -0.0934412 0.155 0.0934412 -0.0487471 0.154967 0.1241 0.000999999 0.155 0.13256 0.0542626 0.154967 0.122644 0.0954412 0.155 0.0934412 0.113337 0.149458 0.0635625 0.134711 0.154967 0.0146853 0.124644 0.154967 -0.0542627 0.0954412 0.155 -0.0954412 0.0503029 0.155252 -0.126234 0.000999999 0.151 -0.13456 -0.0475205 0.150922 -0.126503 -0.0934412 0.151 -0.0954412 -0.121638 0.150775 -0.0564127 -0.132918 0.151092 0.0116155 -0.114666 0.151 0.06578 -0.0934412 0.151 0.0934412 -0.0534165 0.150922 0.122062 -0.00926383 0.147712 0.130913 0.0355679 0.151 0.128009 0.0587609 0.147741 0.117997 0.0954412 0.151 0.0934412 0.122858 0.15094 0.055955 0.13501 0.15094 -0.0125941 0.116666 0.151 -0.06778 0.0954412 0.151 -0.0954412 0.06778 0.151 -0.116666 0.0355679 0.151 -0.130009 -0.0957119 0.141758 -0.0645165 -0.0933452 0.142379 0.0637108 0.00986799 0.142379 0.113061 0.108879 0.142379 -0.0390866 0.0192617 0.142361 -0.113317 0.000999999 0.129 -0.00100001 0.0983712 0.132627 0.0468552 0.0757778 0.121839 -0.0444939 -0.0874772 0.12605 -0.0359074 -0.072392 0.123892 0.0501905 0.0203725 0.12054 0.0719685 -0.0173584 0.134603 -0.0849227 1.19209e-08 0.167 -0.13356 -0.0337823 0.161458 -0.125087 -0.06678 0.167 -0.115666 -0.0944412 0.167 -0.0944412 -0.1251 0.166967 -0.0497471 -0.133216 0.166967 0.0194496 -0.112081 0.161458 0.0650057 -0.0944412 0.167 0.0944412 -0.0497472 0.166967 0.125099 1.19209e-08 0.167 0.13356 0.0532627 0.166967 0.123644 0.0944412 0.167 0.0944412 0.1251 0.166967 0.0497471 0.13356 0.167 -2.27615e-09 0.12677 0.162237 -0.0319281 0.115666 0.167 -0.06678 0.0944412 0.167 -0.0944412 0.0493029 0.167252 -0.125234 1.19209e-08 0.163 -0.13356 -0.0485205 0.162922 -0.125503 -0.0944412 0.163 -0.0944412 -0.122638 0.162775 -0.0554127 -0.133918 0.163092 0.0126154 -0.115666 0.163 0.06678 -0.0944412 0.163 0.0944412 -0.0544165 0.162922 0.123062 -0.0102638 0.159712 0.131913 0.0345679 0.163 0.129009 0.0577616 0.159741 0.118997 0.0944412 0.163 0.0944412 0.121858 0.16294 0.0569551 0.13401 0.16294 -0.0115942 0.11032 0.162882 -0.076699 0.06678 0.163 -0.115666 0.0345679 0.163 -0.129009 -0.103213 0.154379 -0.0493512 -0.0209556 0.154379 0.112469 0.0869234 0.154379 0.074383 0.0745501 0.154457 -0.0874729 1.19209e-08 0.141 -1.34483e-09 0.097371 0.144627 0.0478553 0.0747777 0.133839 -0.0434938 -0.088477 0.13805 -0.0349075 -0.073392 0.135892 0.0511906 0.0193728 0.13254 0.0729684 -0.0173581 0.146603 -0.0849227 -0.0204839 0.178888 -0.132847 -0.06678 0.179 -0.115666 -0.0944412 0.179 -0.0944412 -0.1251 0.178967 -0.0497471 -0.13356 0.179 -2.27615e-09 -0.123644 0.178967 0.0532627 -0.0944412 0.179 0.0944412 -0.0645623 0.173458 0.112337 -0.0156851 0.178967 0.133711 0.0532627 0.178967 0.123644 0.0944412 0.179 0.0944412 0.1251 0.178967 0.0497471 0.13356 0.179 -2.27615e-09 0.123644 0.178967 -0.0532627 0.0944412 0.179 -0.0944412 0.06678 0.179 -0.115666 0.0315949 0.173569 -0.125486 1.19209e-08 0.175 -0.13356 -0.0485205 0.174922 -0.125503 -0.0944412 0.175 -0.0944412 -0.122638 0.174775 -0.0554127 -0.133918 0.175092 0.0126154 -0.115666 0.175 0.06678 -0.0944412 0.175 0.0944412 -0.0544165 0.174922 0.123062 -0.0102636 0.171712 0.131913 0.0345679 0.175 0.129009 0.0577612 0.171741 0.118997 0.0944412 0.175 0.0944412 0.121858 0.17494 0.0569551 0.13401 0.17494 -0.0115942 0.115666 0.175 -0.06678 0.0944412 0.175 -0.0944412 0.06678 0.175 -0.115666 0.0345679 0.175 -0.129009 -0.0647109 0.166379 -0.0943452 0.0652272 0.164707 0.0964992 0.107879 0.166379 -0.0380868 -0.0830651 0.153871 0.0046431 0.0973713 0.156628 0.0478554 0.0747778 0.145839 -0.0434939 -0.0884772 0.15005 -0.0349078 -0.0733919 0.147892 0.0511907 0.0193726 0.14454 0.0729684 0.0898098 0.160159 -0.00276116 0.000999999 0.191 -0.13456 -0.0327824 0.185458 -0.126087 -0.06578 0.191 -0.116666 -0.0934412 0.191 -0.0954412 -0.1241 0.190967 -0.050747 -0.132216 0.190967 0.0184497 -0.111081 0.185458 0.064006 -0.0934412 0.191 0.0934412 -0.0487471 0.190967 0.1241 0.000999999 0.191 0.13256 0.0542626 0.190967 0.122644 0.0954412 0.191 0.0934412 0.1261 0.190967 0.0487471 0.13456 0.191 -0.00100001 0.12777 0.186237 -0.0329281 0.116666 0.191 -0.06778 0.0954412 0.191 -0.0954412 0.0503029 0.191252 -0.126234 0.000999999 0.187 -0.13456 -0.0475205 0.186922 -0.126503 -0.0934412 0.187 -0.0954412 -0.121638 0.186775 -0.0564127 -0.132918 0.187092 0.0116155 -0.114666 0.187 0.06578 -0.0934412 0.187 0.0934412 -0.0534165 0.186922 0.122062 -0.00926383 0.183712 0.130913 0.0485174 0.186775 0.124907 0.0954412 0.187 0.0934412 0.122858 0.18694 0.055955 0.13501 0.18694 -0.0125942 0.116666 0.187 -0.06778 0.0954412 0.187 -0.0954412 0.0831897 0.179495 -0.1013 0.0355679 0.187 -0.130009 -0.0199557 0.178379 0.111469 0.0879233 0.178379 0.0733831 0.0755502 0.178457 -0.0884728 -0.0740492 0.166046 -0.0376808 -0.00518587 0.157129 -0.0831911 -0.0710218 0.168199 -0.0787149 -0.0942326 0.163104 -0.00277629 -0.0525381 0.158217 0.0645462 0.0533649 0.159876 0.0708185 -0.0536714 0.171449 -0.0721158 0.0542269 0.171222 0.0675533 0.0186072 0.168872 -0.0739269 -0.0194839 0.202888 -0.134847 -0.06578 0.203 -0.117666 -0.0934412 0.203 -0.0964412 -0.1241 0.202967 -0.0517471 -0.13256 0.203 -0.00200001 -0.122644 0.202967 0.0512626 -0.0934412 0.203 0.0924412 -0.0487471 0.202967 0.123099 0.000999999 0.203 0.13156 0.0542626 0.202967 0.121644 0.0954412 0.203 0.0924412 0.1261 0.202967 0.0477471 0.134216 0.202967 -0.0214496 0.113081 0.197458 -0.0670059 0.0954412 0.203 -0.0964412 0.0503029 0.203252 -0.127234 0.0142989 0.195332 -0.133707 -0.0475205 0.198922 -0.127503 -0.0934412 0.199 -0.0964412 -0.121638 0.198775 -0.0574127 -0.132918 0.199092 0.0106155 -0.114666 0.199 0.06478 -0.0934412 0.199 0.0924412 -0.06578 0.199 0.113666 -0.0214682 0.199092 0.130622 0.0485173 0.198775 0.123907 0.0954412 0.199 0.0924412 0.122858 0.19894 0.054955 0.13501 0.19894 -0.0135942 0.116666 0.199 -0.06878 0.0954412 0.199 -0.0964412 0.0831899 0.191495 -0.1023 0.0355679 0.199 -0.131009 -0.102362 0.189758 0.0499978 0.0098681 0.190379 0.112061 0.104213 0.190379 0.0473512 0.0192618 0.190361 -0.114317 -0.0622982 0.178111 -0.0566147 -0.0917884 0.173471 0.00545113 -0.0383731 0.171764 0.0787491 0.091691 0.172896 -0.00391155 0.0542268 0.183222 0.0675533 0.00911843 0.182755 -0.086922 -0.0194839 0.214888 -0.134847 -0.06578 0.215 -0.117666 -0.0934412 0.215 -0.0964412 -0.1241 0.214967 -0.0517471 -0.13256 0.215 -0.00200001 -0.124087 0.209458 0.0317825 -0.114666 0.215 0.06478 -0.0934412 0.215 0.0924412 -0.0487471 0.214967 0.123099 0.000999999 0.215 0.13156 0.0542626 0.214967 0.121644 0.0954412 0.215 0.0924412 0.1261 0.214967 0.047747 0.13456 0.215 -0.00200001 0.124644 0.214967 -0.0552626 0.0954412 0.215 -0.0964412 0.0503029 0.215252 -0.127234 0.000999999 0.211 -0.13556 -0.0475204 0.210922 -0.127503 -0.0934412 0.211 -0.0964412 -0.121638 0.210775 -0.0574127 -0.132918 0.211092 0.0106155 -0.114666 0.211 0.06478 -0.0934412 0.211 0.0924412 -0.06578 0.211 0.113666 -0.0214682 0.211092 0.130622 0.0485174 0.210775 0.123907 0.0954412 0.211 0.0924412 0.122858 0.21094 0.054955 0.13501 0.21094 -0.0135942 0.11132 0.210882 -0.078699 0.0831898 0.203495 -0.1023 0.0355679 0.211 -0.131009 -0.0859234 0.202379 -0.076383 -0.0353215 0.201758 0.107856 0.0879233 0.202379 0.0723831 0.0192617 0.202361 -0.114317 0.0804108 0.190077 -0.028047 -0.0168455 0.182929 0.081089 -0.0761696 0.184046 -0.0514354 -0.0752506 0.18496 0.0498334 0.091691 0.184896 -0.0039115 -0.00953564 0.194868 -0.0843537 -0.0877511 0.196277 -0.0146076 -0.0769168 0.195505 0.0448157 -0.00200002 0.227 -0.13256 -0.0365679 0.227 -0.128009 -0.06878 0.227 -0.114666 -0.0964412 0.227 -0.0934412 -0.118734 0.222281 -0.0555282 -0.131009 0.227 -0.0335679 -0.13556 0.227 0.000999998 -0.131009 0.227 0.0355679 -0.117666 0.227 0.06778 -0.0964412 0.227 0.0954412 -0.06878 0.227 0.116666 -0.0365679 0.227 0.130009 -0.00200002 0.227 0.13456 0.0325679 0.227 0.130009 0.06478 0.227 0.116666 0.0924412 0.227 0.0954412 0.113666 0.227 0.06778 0.127009 0.227 0.0355679 0.13156 0.227 0.000999998 0.127009 0.227 -0.0335679 0.113666 0.227 -0.06578 0.0924412 0.227 -0.0934412 0.06478 0.227 -0.114666 0.0325679 0.227 -0.128009 -0.00200002 0.223 -0.13256 -0.0365679 0.223 -0.128009 -0.06878 0.223 -0.114666 -0.0964412 0.223 -0.0934412 -0.117666 0.223 -0.06578 -0.131009 0.223 -0.0335679 -0.13556 0.223 0.000999998 -0.131009 0.223 0.0355679 -0.117666 0.223 0.06778 -0.0964412 0.223 0.0954412 -0.06878 0.223 0.116666 -0.0365679 0.223 0.130009 -0.00200002 0.223 0.13456 0.0325679 0.223 0.130009 0.06478 0.223 0.116666 0.0924412 0.223 0.0954412 0.113666 0.223 0.06778 0.127009 0.223 0.0355679 0.13156 0.223 0.000999998 0.127009 0.223 -0.0335679 0.113666 0.223 -0.06578 0.0924412 0.223 -0.0934412 0.06478 0.223 -0.114666 0.0325679 0.223 -0.128009 -0.0416629 0.213607 -0.104158 -0.107158 0.213607 0.040663 -0.0333627 0.214308 0.10854 0.0743105 0.212572 0.0836459 0.106814 0.214307 -0.0256093 0.0563844 0.214312 -0.0946676 -0.00200002 0.201 0.000999999 -0.0731436 0.202802 -0.0732625 -0.0299097 0.202946 0.100586 0.0279751 0.193627 0.0762486 0.079238 0.203776 0.0650891 0.0894384 0.197068 -0.00760253 0.0501248 0.195067 -0.0658379</float_array>
                    <technique_common>
                        <accessor count="784" source="#shape0-lib-positions-array" stride="3">
                            <param name="X" type="float"/>
                            <param name="Y" type="float"/>
                            <param name="Z" type="float"/>
                        </accessor>
                    </technique_common>
                </source>
                <source id="shape0-lib-normals" name="normal">
                    <float_array id="shape0-lib-normals-array" count="4500">-0.134804 -0.560292 -0.817252 -0.282202 0.579917 -0.764237 -0.498784 -0.457356 -0.736233 -0.608754 0 -0.793359 -0.81059 0 -0.585615 -0.794191 0.269614 -0.544581 -0.928257 -0.339307 -0.152351 -0.899122 -0.410221 -0.152637 -0.812037 0.56359 0.151531 -0.732089 -0.635385 0.245626 -0.71556 0.431867 0.549058 -0.815701 0 0.578474 -0.581663 0 0.81343 -0.550248 0.231003 0.802412 -0.207534 -0.238395 0.948735 -0.167656 0.0133953 0.985755 0.0852231 -0.332235 0.939339 0.166174 0.422148 0.891166 0.327013 -0.358675 0.874308 0.558455 -0.173927 0.811097 0.578474 0 0.815701 0.807155 0 0.590339 0.778858 0.328944 0.534018 0.887595 -0.432914 0.157353 0.914641 0.389772 0.107285 0.84698 -0.433448 -0.307811 -0.601696 0.776956 0.185207 0.145886 0.984444 0.097911 0.559234 -0.542909 -0.626505 0.512144 0.423459 -0.747256 0.341463 -0.451504 -0.824346 0.12001 0.393269 -0.911557 0.0843617 0.591645 -0.801772 -0.0710658 0.786209 0.61386 0.13846 0.919822 0.367091 0.111874 0.928088 0.355159 0.26888 0.897168 0.350418 0.377866 0.888643 0.259866 0.32151 0.945363 0.0540429 0.375547 0.925941 0.0399766 0.538649 0.836604 -0.0997583 0.495327 0.794233 -0.351916 0.229468 0.914389 -0.333523 0.150472 0.947661 -0.281597 0.0867094 0.853864 -0.513223 -0.106339 0.811983 -0.573913 -0.214761 0.928876 -0.301774 -0.20151 0.934386 -0.293798 -0.467713 0.823356 -0.321448 -0.496907 0.865844 -0.0582832 -0.319699 0.946915 0.0338271 -0.232355 0.908228 0.348041 -0.225832 0.923778 0.309247 0.0451912 0.994762 -0.0916867 -0.0384784 0.997683 -0.056102 -0.106381 0.9929 0.0532152 -0.105873 0.992503 0.0610585 -0.0858144 -0.846762 -0.525005 -0.306316 -0.874838 -0.375272 -0.241286 -0.903414 -0.354436 -0.426404 -0.848671 -0.312949 -0.549208 -0.831123 -0.0872058 -0.437841 -0.897416 0.0542157 -0.489147 -0.856762 0.163385 -0.422892 -0.84609 0.324491 -0.28987 -0.868077 0.40301 -0.142845 -0.913378 0.38123 0.0955562 -0.859977 0.501306 0.321855 -0.873685 0.364806 0.474823 -0.808112 0.348565 0.571408 -0.81439 0.101298 0.442491 -0.896766 -0.00353136 0.511995 -0.838708 -0.185555 0.341691 -0.857612 -0.384382 0.159464 -0.909048 -0.384971 0.16675 -0.906632 -0.387573 0.063989 -0.871592 -0.486038 -0.119185 -0.92311 0.365598 0.0863066 -0.887563 0.45253 0.247771 -0.910392 0.331356 0.175506 -0.981802 0.0725443 -0.134803 -0.560292 -0.817252 -0.282202 0.579919 -0.764236 -0.498785 -0.457355 -0.736234 -0.608755 0 -0.793359 -0.81059 0 -0.585615 -0.794191 0.269618 -0.54458 -0.928256 -0.339308 -0.152351 -0.899123 -0.410219 -0.152638 -0.812038 0.563589 0.151531 -0.732089 -0.635385 0.245626 -0.71556 0.431866 0.549059 -0.815701 0 0.578474 -0.581663 0 0.81343 -0.550249 0.231003 0.802411 -0.207533 -0.238395 0.948735 0.0232981 0.748849 0.662331 -0.030502 0.862287 0.505501 -0.0296402 0.850327 0.525419 0.327014 -0.35868 0.874306 0.558454 -0.173935 0.811096 0.578474 0 0.815701 0.807155 0 0.590339 0.778858 0.328945 0.534018 0.887595 -0.432914 0.157353 0.924996 -0.34599 0.157081 0.830654 0.534786 -0.154979 0.629368 -0.7428 -0.228351 0.682401 0.548231 -0.483499 0.559234 -0.542907 -0.626506 0.512145 0.423457 -0.747256 0.341463 -0.451506 -0.824345 0.12001 0.393271 -0.911557 0.0843611 0.591649 -0.80177 -0.0710656 0.786209 0.613861 0.131353 0.928291 0.347883 0.122255 0.932974 0.338546 0.31926 0.851442 0.416076 0.481058 0.811968 0.330594 0.32151 0.945363 0.0540429 0.34113 0.938739 0.0489912 0.53865 0.836603 -0.0997587 0.495328 0.794232 -0.351916 0.229469 0.914388 -0.333524 0.12907 0.954953 -0.267218 -0.134005 0.934312 -0.330309 -0.301549 0.853868 -0.424238 -0.481057 0.811968 -0.330593 -0.390883 0.918081 -0.0658595 -0.361932 0.928171 -0.0866247 -0.44937 0.889472 0.0831042 -0.352822 0.901413 0.250941 -0.232355 0.908228 0.348041 -0.222526 0.930717 0.290254 0.0407408 0.992817 0.112492 0.0697137 0.997469 0.0139751 0.0136063 0.993066 -0.116764 0.00349053 0.992543 -0.121845 -0.085814 -0.846762 -0.525005 -0.306315 -0.874838 -0.375272 -0.241287 -0.903413 -0.354437 -0.426405 -0.84867 -0.31295 -0.549209 -0.831122 -0.0872062 -0.437841 -0.897416 0.0542152 -0.489148 -0.856761 0.163385 -0.422893 -0.846089 0.324491 -0.28987 -0.868077 0.403011 -0.142845 -0.913378 0.38123 0.0955568 -0.859977 0.501307 0.321856 -0.873684 0.364807 0.474824 -0.808111 0.348567 0.571408 -0.81439 0.101298 0.442491 -0.896766 -0.00353044 0.511996 -0.838707 -0.185556 0.341691 -0.857612 -0.384382 0.159464 -0.909048 -0.384972 0.16675 -0.906632 -0.387574 0.063989 -0.871592 -0.486039 -0.119185 -0.92311 0.365599 0.0863069 -0.887563 0.45253 0.24777 -0.910392 0.331356 0.175508 -0.981802 0.0725448 -0.134803 -0.560292 -0.817252 -0.282202 0.579919 -0.764236 -0.498785 -0.457355 -0.736234 -0.608754 0 -0.793359 -0.81059 0 -0.585615 -0.794191 0.269615 -0.544581 -0.928257 -0.339306 -0.152351 -0.899122 -0.41022 -0.152638 -0.812038 0.56359 0.151531 -0.73209 -0.635384 0.245626 -0.71556 0.431867 0.549058 -0.815701 0 0.578474 -0.581663 0 0.81343 -0.550249 0.231003 0.802411 -0.207534 -0.238394 0.948735 -0.167656 0.0133977 0.985754 0.0852232 -0.332236 0.939338 0.166174 0.422147 0.891167 0.327013 -0.358673 0.874309 0.558454 -0.173935 0.811096 0.578474 0 0.815701 0.807155 0 0.590339 0.767227 -0.254541 0.588703 0.64511 0.758386 0.0931908 -0.968702 -0.179234 -0.171733 0.925788 -0.344145 0.156465 0.830654 0.534786 -0.154978 0.729869 -0.638822 -0.243307 0.71556 0.431866 -0.549058 0.815701 0 -0.578474 0.608754 0 -0.793359 0.512145 0.423456 -0.747257 0.341463 -0.451506 -0.824346 0.12001 0.393271 -0.911557 0.0843611 0.591649 -0.80177 -0.0710655 0.78621 0.61386 0.103216 0.956781 0.271878 0.140998 0.940881 0.307998 0.274974 0.89217 0.35836 0.54653 0.748556 0.375458 0.574777 0.812516 0.0972056 0.349506 0.934713 -0.064484 0.295684 0.952206 -0.076641 0.424239 0.853867 -0.30155 0.330594 0.811968 -0.481057 0.0614979 0.928865 -0.365279 0.0652493 0.934402 -0.350192 -0.10336 0.823412 -0.557951 -0.291302 0.864423 -0.409776 -0.317696 0.916321 -0.243772 -0.262164 0.940512 -0.216119 -0.461585 0.886927 0.0173359 -0.557951 0.823412 0.10336 -0.409776 0.864423 0.291301 -0.232355 0.908229 0.34804 -0.217552 0.940111 0.262416 0.0494914 0.990806 0.125911 0.130555 0.990603 -0.0407533 0.0245127 0.991005 -0.13156 -0.146563 0.986677 -0.0706245 -0.146898 0.986709 -0.0694669 -0.0862216 0.990849 0.103851 -0.0858139 -0.846762 -0.525005 -0.306315 -0.874838 -0.375272 -0.241287 -0.903413 -0.354436 -0.426404 -0.848671 -0.31295 -0.549209 -0.831123 -0.0872062 -0.437841 -0.897416 0.0542154 -0.489148 -0.856761 0.163385 -0.422893 -0.846089 0.324491 -0.28987 -0.868077 0.403011 -0.142845 -0.913378 0.38123 0.0955559 -0.859976 0.501309 0.321855 -0.873685 0.364807 0.474823 -0.808112 0.348566 0.571408 -0.814391 0.101298 0.442491 -0.896766 -0.00353094 0.506541 -0.845432 -0.169293 0.420759 -0.847777 -0.322854 0.296069 -0.873763 -0.385852 0.159464 -0.909048 -0.384971 0.16675 -0.906632 -0.387573 0.063989 -0.871592 -0.486039 -0.119185 -0.92311 0.365599 0.086306 -0.887563 0.45253 0.24777 -0.910392 0.331356 0.175507 -0.981802 0.0725446 -0.134803 -0.560292 -0.817252 -0.282202 0.579919 -0.764235 -0.498785 -0.457355 -0.736234 -0.608754 0 -0.793359 -0.81059 0 -0.585615 -0.794191 0.269615 -0.544581 -0.928257 -0.339306 -0.152351 -0.899123 -0.41022 -0.152638 -0.812038 0.563589 0.151531 -0.73209 -0.635384 0.245626 -0.71556 0.431866 0.549059 -0.815701 0 0.578474 -0.581663 0 0.81343 -0.550249 0.231003 0.802411 -0.207533 -0.238394 0.948735 -0.167656 0.0133953 0.985754 0.0852238 -0.332233 0.939339 0.0565967 0.922774 -0.381161 -0.00412792 0.948023 -0.318175 0.29378 0.0723868 0.953128 0.546029 -0.323843 0.772643 0.608754 0 0.793359 0.807155 0 0.590339 0.778859 0.328942 0.534019 0.887596 -0.432913 0.157353 0.924995 -0.345991 0.157081 0.830654 0.534786 -0.154979 0.62937 -0.742798 -0.228352 0.682401 0.548232 -0.483498 0.559233 -0.542909 -0.626505 0.512145 0.423456 -0.747256 0.341463 -0.451506 -0.824345 0.12001 0.393271 -0.911557 0.0843611 0.591649 -0.80177 -0.0710651 0.786213 0.613856 0.116039 0.944769 0.306508 0.132043 0.937252 0.322681 0.302244 0.868039 0.393899 0.532598 0.763183 0.365912 0.450738 0.88941 0.0760586 0.37187 0.925743 -0.0686532 0.303797 0.952475 -0.022335 0.506823 0.783254 -0.36006 0.324357 0.819786 -0.471957 0.0612615 0.929425 -0.363891 0.0612746 0.949634 -0.307312 -0.245811 0.886923 -0.391081 -0.319257 0.851445 -0.416072 -0.481055 0.81197 -0.330592 -0.390881 0.918082 -0.0658592 -0.36193 0.928172 -0.0866241 -0.449367 0.889474 0.0831035 -0.35282 0.901414 0.250939 -0.232353 0.90823 0.348037 -0.222524 0.930718 0.290252 0.0421229 0.992869 0.111519 0.067222 0.997726 -0.00494206 -0.0141492 0.990731 -0.135097 0.0242558 0.992068 -0.12334 -0.085814 -0.846762 -0.525005 -0.306315 -0.874839 -0.375272 -0.241287 -0.903413 -0.354436 -0.426404 -0.848671 -0.31295 -0.549209 -0.831122 -0.0872062 -0.437841 -0.897416 0.0542153 -0.489148 -0.856761 0.163385 -0.422893 -0.846089 0.324491 -0.28987 -0.868077 0.403011 -0.142845 -0.913378 0.38123 0.0955568 -0.859973 0.501314 0.321854 -0.873686 0.364807 0.474823 -0.808112 0.348566 0.571408 -0.81439 0.101298 0.442491 -0.896766 -0.00353091 0.511995 -0.838708 -0.185556 0.341691 -0.857612 -0.384382 0.159464 -0.909048 -0.384971 0.166751 -0.906632 -0.387574 0.063989 -0.871592 -0.486039 -0.119185 -0.92311 0.365599 0.0863058 -0.887563 0.45253 0.247771 -0.910391 0.331357 0.175507 -0.981802 0.0725448 -0.134804 -0.560294 -0.817251 -0.282202 0.579918 -0.764236 -0.498784 -0.457357 -0.736233 -0.608754 0 -0.793359 -0.81059 0 -0.585615 -0.794191 0.269614 -0.544581 -0.928256 -0.339307 -0.152351 -0.899122 -0.410221 -0.152637 -0.812037 0.563591 0.151531 -0.732088 -0.635385 0.245626 -0.71556 0.431868 0.549058 -0.815701 0 0.578474 -0.581663 0 0.81343 -0.550248 0.231003 0.802412 -0.207534 -0.238395 0.948735 -0.167656 0.0133965 0.985754 0.0852231 -0.332236 0.939338 0.166174 0.422148 0.891166 0.327014 -0.358679 0.874306 0.558453 -0.173939 0.811095 0.578474 0 0.815701 0.807155 0 0.590339 0.778859 0.328943 0.534018 0.887595 -0.432916 0.157353 0.914639 0.389775 0.107285 0.846981 -0.433447 -0.307812 -0.60169 0.776962 0.185204 0.145879 0.984445 0.0979173 0.559233 -0.542909 -0.626504 0.512145 0.423457 -0.747256 0.341463 -0.451506 -0.824345 0.12001 0.393271 -0.911557 0.0843616 0.591647 -0.801771 -0.0756179 0.749793 0.657337 0.205454 0.810631 0.548331 0.233638 0.923418 0.304489 0.275179 0.942538 0.189468 0.2079 0.961835 0.177907 0.602675 0.791445 0.101964 0.664634 0.736929 -0.123275 0.330124 0.914255 -0.234855 0.214421 0.925713 -0.311574 0.194519 0.958592 -0.208001 0.103722 0.783264 -0.612976 -0.104321 0.819776 -0.563102 -0.214761 0.928876 -0.301774 -0.171189 0.945972 -0.275375 -0.467712 0.823357 -0.321448 -0.496907 0.865844 -0.0582831 -0.319698 0.946915 0.0338275 -0.182463 0.943914 0.275199 -0.1844 0.939877 0.287451 0.106263 0.990114 0.0915556 0.0924078 0.99027 -0.104049 -0.0740696 0.990752 -0.113686 -0.151571 0.987213 0.0493591 -0.115242 0.987011 0.111931 -0.0858145 -0.846762 -0.525005 -0.306316 -0.874838 -0.375272 -0.241287 -0.903413 -0.354436 -0.426404 -0.848671 -0.312949 -0.549208 -0.831123 -0.0872058 -0.437841 -0.897416 0.0542157 -0.489147 -0.856762 0.163385 -0.422893 -0.84609 0.324491 -0.28987 -0.868077 0.403011 -0.142845 -0.913378 0.38123 0.0955561 -0.859977 0.501308 0.321855 -0.873685 0.364807 0.474824 -0.808111 0.348566 0.571409 -0.81439 0.101298 0.442491 -0.896766 -0.00353118 0.511995 -0.838707 -0.185556 0.341691 -0.857611 -0.384382 0.159464 -0.909048 -0.384972 0.16675 -0.906632 -0.387574 0.063989 -0.871592 -0.486039 -0.119184 -0.923111 0.365598 0.0863062 -0.887563 0.45253 0.247771 -0.910391 0.331356 0.175508 -0.981802 0.0725446 -0.134803 -0.560292 -0.817252 -0.282202 0.579918 -0.764236 -0.498784 -0.457358 -0.736233 -0.608755 0 -0.793359 -0.81059 0 -0.585615 -0.794191 0.269615 -0.544581 -0.928257 -0.339306 -0.152351 -0.899122 -0.41022 -0.152637 -0.812038 0.56359 0.151531 -0.732089 -0.635385 0.245626 -0.71556 0.431866 0.549059 -0.815701 0 0.578474 -0.581663 0 0.81343 -0.550248 0.231005 0.802411 -0.207534 -0.238396 0.948734 -0.167656 0.013397 0.985754 0.0852236 -0.332234 0.939339 0.166174 0.422148 0.891166 0.327013 -0.358674 0.874309 0.558455 -0.17393 0.811096 0.578474 0 0.815701 0.807155 0 0.590339 0.77886 0.328938 0.53402 0.887597 -0.432911 0.157353 0.924995 -0.345991 0.157081 0.830654 0.534786 -0.154979 0.72987 -0.638821 -0.243307 0.71556 0.431867 -0.549058 0.815701 0 -0.578474 0.608755 0 -0.793359 -0.360978 0.881527 0.304312 -0.127344 0.943012 0.307427 0.48463 0 -0.87472 0.130528 0 -0.991445 0.0601231 0.477647 -0.876492 -0.0317939 0.902419 0.429685 -0.0517493 0.925611 0.374921 0.206317 0.808824 0.550669 0.286651 0.882197 0.373577 0.343235 0.909084 0.236126 0.268757 0.92894 0.254636 0.453447 0.887993 0.07652 0.413925 0.907091 -0.0764942 0.33129 0.933725 -0.135661 0.424239 0.853867 -0.30155 0.330594 0.811968 -0.481057 0.0540429 0.945363 -0.321509 0.048991 0.938739 -0.34113 -0.0997586 0.836603 -0.538649 -0.351916 0.794232 -0.495328 -0.333524 0.914388 -0.229469 -0.281597 0.947661 -0.150472 -0.513224 0.853864 -0.0867091 -0.573913 0.811983 0.106339 -0.323333 0.917898 0.230042 -0.295312 0.934002 0.201074 -0.0642702 0.992484 0.104139 0.0205686 0.992489 -0.120592 -0.0621289 0.997652 -0.0288297 -0.0668479 0.992727 0.100127 -0.085814 -0.846762 -0.525005 -0.306316 -0.874838 -0.375272 -0.241287 -0.903413 -0.354436 -0.426404 -0.848671 -0.312949 -0.549209 -0.831123 -0.087206 -0.437841 -0.897416 0.0542156 -0.489148 -0.856761 0.163385 -0.422893 -0.84609 0.324491 -0.28987 -0.868077 0.403011 -0.142845 -0.913378 0.38123 0.0955565 -0.859976 0.501308 0.321854 -0.873687 0.364804 0.474819 -0.808115 0.348563 0.571406 -0.814392 0.101297 0.44249 -0.896766 -0.0035317 0.506539 -0.845434 -0.169293 0.420758 -0.847779 -0.322853 0.296069 -0.873763 -0.385851 0.159464 -0.909048 -0.384971 0.166751 -0.906632 -0.387573 0.063989 -0.871592 -0.486039 -0.119185 -0.92311 0.365599 0.0863066 -0.887563 0.45253 0.247771 -0.910392 0.331355 0.175506 -0.981802 0.0725446 -0.134803 -0.560294 -0.817251 -0.282202 0.579917 -0.764237 -0.498785 -0.457356 -0.736233 -0.608755 0 -0.793359 -0.81059 0 -0.585615 -0.79419 0.269619 -0.54458 -0.928256 -0.339308 -0.152351 -0.899124 -0.410218 -0.152637 -0.812038 0.563589 0.151531 -0.732089 -0.635384 0.245626 -0.71556 0.431866 0.549059 -0.815701 0 0.578474 -0.581663 0 0.81343 -0.550248 0.231004 0.802411 -0.207534 -0.238392 0.948736 -0.167657 0.0133979 0.985754 0.0852232 -0.332236 0.939338 0.166174 0.422148 0.891166 0.327013 -0.358673 0.874309 0.558454 -0.173935 0.811096 0.578474 0 0.815701 0.807155 0 0.590339 -0.457064 0.784429 -0.419242 -0.100068 0.992647 0.0681044 0.659197 -0.742835 0.116861 0.681596 0.724929 -0.0995225 0.729869 -0.638821 -0.243307 0.715559 0.431868 -0.549058 0.815701 0 -0.578474 0.608755 0 -0.793359 0.512145 0.423458 -0.747256 0.341463 -0.451506 -0.824346 0.12001 0.393267 -0.911559 0.0843612 0.591646 -0.801772 -0.0710655 0.78621 0.61386 0.138461 0.919822 0.367091 0.111874 0.928087 0.355159 0.26888 0.897168 0.350418 0.377867 0.888643 0.259867 0.32151 0.945363 0.0540428 0.375548 0.92594 0.0399763 0.538649 0.836603 -0.0997585 0.495328 0.794232 -0.351916 0.229469 0.914388 -0.333524 0.150472 0.947661 -0.281597 0.0867094 0.853864 -0.513223 -0.106339 0.811983 -0.573913 -0.21384 0.92951 -0.300474 -0.202648 0.935378 -0.28983 -0.353053 0.934314 -0.0491028 -0.571488 0.816357 0.0834468 -0.409776 0.864423 0.291302 -0.232355 0.908229 0.34804 -0.217552 0.940111 0.262416 0.0451914 0.994762 -0.091687 -0.0853088 0.995707 -0.0359225 -0.0650048 0.99571 -0.0658456 -0.0804543 0.992038 0.0968878 -0.0858142 -0.846762 -0.525005 -0.306315 -0.874838 -0.375272 -0.241287 -0.903413 -0.354436 -0.426404 -0.848671 -0.31295 -0.549209 -0.831122 -0.087206 -0.437841 -0.897416 0.0542153 -0.489148 -0.856761 0.163385 -0.422893 -0.846089 0.324491 -0.28987 -0.868077 0.403011 -0.142845 -0.913378 0.38123 0.0955559 -0.859976 0.501309 0.321854 -0.873686 0.364805 0.47482 -0.808115 0.348564 0.571405 -0.814393 0.101297 0.44249 -0.896767 -0.00353102 0.506539 -0.845433 -0.169293 0.420758 -0.847779 -0.322853 0.296069 -0.873763 -0.385851 0.159464 -0.909048 -0.384971 0.166751 -0.906632 -0.387573 0.063989 -0.871592 -0.486039 -0.119185 -0.92311 0.365599 0.0863059 -0.887563 0.45253 0.247771 -0.910392 0.331356 0.175507 -0.981802 0.0725446 -0.134803 -0.560294 -0.817251 -0.282202 0.579917 -0.764237 -0.498785 -0.457356 -0.736233 -0.608755 0 -0.793359 -0.81059 0 -0.585615 -0.794191 0.269615 -0.544581 -0.928257 -0.339306 -0.152351 -0.899122 -0.41022 -0.152637 -0.812038 0.56359 0.151531 -0.732089 -0.635384 0.245626 -0.71556 0.431867 0.549059 -0.815701 0 0.578474 -0.581663 0 0.81343 -0.550249 0.231004 0.802411 -0.207534 -0.238392 0.948735 -0.111623 0.286288 0.95162 0.0936133 -0.534248 0.840128 0.354021 0.732294 0.581734 0.347917 0.757411 0.552524 0.224027 0.864777 0.449413 0.514033 0 0.857771 0.807155 0 0.590339 0.77886 0.328938 0.53402 0.887597 -0.432911 0.157353 0.924995 -0.345991 0.157081 0.830654 0.534786 -0.154979 0.72987 -0.638821 -0.243307 0.715559 0.431868 -0.549058 0.815701 0 -0.578474 0.608755 0 -0.793359 0.512144 0.423458 -0.747256 0.341463 -0.451505 -0.824346 0.12001 0.393269 -0.911558 0.0843614 0.591646 -0.801772 -0.0447865 0.92951 0.366067 -0.0490952 0.935528 0.349825 0.217799 0.783648 0.581773 0.351062 0.816964 0.457521 0.333524 0.914388 0.229469 0.281598 0.947661 0.150472 0.513224 0.853864 0.0867091 0.573912 0.811984 -0.106339 0.301774 0.928876 -0.214761 0.293798 0.934386 -0.20151 0.321448 0.823356 -0.467713 0.0582836 0.865843 -0.496909 -0.0338274 0.946915 -0.319699 -0.34249 0.909497 -0.235616 -0.317623 0.916817 -0.241995 -0.453474 0.887978 -0.0765245 -0.414901 0.90663 0.0766763 -0.332578 0.933215 0.13602 -0.429204 0.850128 0.305068 -0.332949 0.802797 0.494633 -0.020749 0.992366 0.121567 0.0624204 0.997629 0.0289912 0.0650941 0.99688 -0.044646 -0.0444734 0.977386 -0.206732 -0.0858142 -0.846762 -0.525005 -0.306316 -0.874838 -0.375272 -0.241287 -0.903413 -0.354436 -0.426404 -0.848671 -0.312949 -0.549209 -0.831123 -0.087206 -0.437841 -0.897416 0.0542156 -0.489148 -0.856761 0.163385 -0.422893 -0.84609 0.324491 -0.28987 -0.868077 0.403011 -0.142845 -0.913378 0.38123 0.0955555 -0.859976 0.501309 0.321853 -0.873687 0.364804 0.474819 -0.808115 0.348563 0.571406 -0.814392 0.101297 0.44249 -0.896766 -0.00353168 0.506539 -0.845434 -0.169293 0.420758 -0.847779 -0.322853 0.296069 -0.873763 -0.385851 0.159464 -0.909048 -0.384971 0.166751 -0.906632 -0.387573 0.063989 -0.871592 -0.486039 -0.119185 -0.92311 0.365599 0.0863056 -0.887563 0.45253 0.247772 -0.910391 0.331356 0.175506 -0.981802 0.0725446 -0.163809 0 -0.986492 0.0527546 0.726315 0.685335 0.102493 0.971747 -0.212611 -0.498784 -0.457356 -0.736233 -0.608754 0 -0.793359 -0.81059 0 -0.585614 -0.794191 0.269614 -0.544581 -0.928256 -0.339307 -0.152351 -0.926719 0.359689 -0.108701 -0.882959 -0.363619 0.296926 0.369423 0.92737 -0.0592601 0.290076 0.93076 -0.222579 -0.857771 0 0.514032 -0.581663 0 0.81343 -0.550248 0.231003 0.802411 -0.207533 -0.238396 0.948735 -0.167656 0.0133921 0.985755 0.0852238 -0.332231 0.93934 0.166174 0.422148 0.891166 0.327014 -0.358677 0.874307 0.558452 -0.173945 0.811095 0.578474 0 0.815701 0.807155 0 0.590339 0.778858 0.328945 0.534018 0.887595 -0.432915 0.157353 0.924996 -0.345989 0.157081 0.830654 0.534785 -0.154979 0.62937 -0.742798 -0.228351 0.682401 0.548232 -0.483498 0.559233 -0.542909 -0.626505 0.512145 0.423457 -0.747256 0.341463 -0.451507 -0.824345 0.12001 0.393271 -0.911556 0.166507 0 -0.98604 -0.064451 0.933255 0.353385 -0.0643048 0.931291 0.358557 0.241893 0.917664 0.315247 0.244026 0.917085 0.315288 0.375691 0.889999 0.258375 0.434448 0.899254 0.0509568 0.351942 0.934671 -0.0502671 0.2415 0.904669 -0.351073 0.235019 0.919869 -0.314018 0.0982823 0.807883 -0.58109 -0.0831437 0.889361 -0.449582 -0.120803 0.954459 -0.272792 -0.252932 0.899751 -0.355632 -0.54653 0.748556 -0.375458 -0.574777 0.812516 -0.0972052 -0.349505 0.934713 0.064484 -0.295974 0.952122 0.0765769 -0.429204 0.850128 0.305068 -0.332949 0.802798 0.494631 -0.00976935 0.977628 0.210114 0.14593 0.980181 -0.133979 -0.0230019 0.996985 -0.0741006 -0.0730233 0.996922 0.028524 -0.0858143 -0.846762 -0.525005 -0.306315 -0.874838 -0.375272 -0.241287 -0.903413 -0.354436 -0.426404 -0.848671 -0.312949 -0.549208 -0.831123 -0.0872059 -0.437841 -0.897416 0.0542154 -0.489148 -0.856761 0.163385 -0.422893 -0.84609 0.324491 -0.28987 -0.868077 0.403011 -0.142845 -0.913378 0.38123 0.0955574 -0.859973 0.501313 0.321855 -0.873685 0.364807 0.474824 -0.808111 0.348567 0.571408 -0.81439 0.101298 0.442491 -0.896766 -0.00353088 0.511995 -0.838707 -0.185555 0.341691 -0.857612 -0.384382 0.159464 -0.909048 -0.384972 0.16675 -0.906632 -0.387574 0.063989 -0.871592 -0.486039 -0.119185 -0.92311 0.365599 0.0863064 -0.887563 0.452529 0.24777 -0.910391 0.331357 0.175508 -0.981802 0.0725446 -0.134804 -0.560292 -0.817252 -0.282202 0.579916 -0.764238 -0.498785 -0.457355 -0.736234 -0.608754 0 -0.793359 -0.81059 0 -0.585615 -0.794191 0.269617 -0.54458 -0.928256 -0.339308 -0.152351 -0.899122 -0.410222 -0.152637 -0.812037 0.563591 0.15153 -0.73209 -0.635384 0.245626 -0.71556 0.431868 0.549058 -0.815701 0 0.578474 -0.581663 0 0.81343 0.447509 0.725828 -0.522408 -0.0899314 0.994658 -0.0506762 -0.208316 -0.379111 0.901598 0.0770526 -0.185222 0.979671 0.120731 0.549318 0.826846 0.327014 -0.358674 0.874308 0.558455 -0.173927 0.811097 0.578474 0 0.815701 0.807155 0 0.590339 0.767227 -0.25454 0.588703 0.645112 0.758384 0.0931917 -0.968701 -0.179237 -0.171733 0.925789 -0.344142 0.156465 0.830655 0.534784 -0.154979 0.72987 -0.63882 -0.243307 0.715561 0.431865 -0.549059 0.815701 0 -0.578474 0.608754 0 -0.793359 0.512145 0.423456 -0.747257 0.341463 -0.451505 -0.824346 0.12001 0.39327 -0.911557 0.0843617 0.591645 -0.801772 -0.0710658 0.78621 0.61386 0.146904 0.909058 0.389914 0.111905 0.928102 0.355111 0.320864 0.849814 0.418165 0.412382 0.865768 0.283526 0.343206 0.925243 0.161661 0.438842 0.895509 0.074031 0.450107 0.889086 -0.0832415 0.300471 0.929511 -0.213838 0.307409 0.925523 -0.221148 0.0491021 0.934314 -0.353053 -0.0834469 0.816357 -0.571487 -0.291302 0.864422 -0.409777 -0.317694 0.916322 -0.243771 -0.262164 0.940512 -0.216119 -0.461585 0.886927 0.0173366 -0.557951 0.823412 0.10336 -0.409777 0.864423 0.291302 -0.232355 0.908229 0.34804 -0.217552 0.940111 0.262417 0.0488589 0.987808 0.147813 0.059418 0.980274 -0.188499 -0.0958738 0.995361 -0.00808569 -0.0841254 0.992797 -0.0853111 -0.0514486 0.996757 0.0618689 -0.0858143 -0.846762 -0.525005 -0.306316 -0.874838 -0.375272 -0.241286 -0.903414 -0.354436 -0.426404 -0.848671 -0.312949 -0.549208 -0.831123 -0.0872059 -0.437841 -0.897416 0.0542156 -0.489147 -0.856762 0.163385 -0.422892 -0.84609 0.324491 -0.28987 -0.868077 0.40301 -0.142845 -0.913378 0.38123 0.0955563 -0.859977 0.501307 0.330716 -0.864149 0.379307 0.37744 -0.88349 0.277462 0.369652 -0.906212 0.205275 0.522385 -0.847666 0.0926069 0.477282 -0.864138 -0.159587 0.432274 -0.88241 -0.185721 0.409552 -0.856453 -0.314255 0.315005 -0.855708 -0.41053 0.180613 -0.881622 -0.436029 0.132032 -0.896852 -0.422166 0.063989 -0.871592 -0.486038 -0.0916849 -0.933332 0.347109 0.0916701 -0.872018 0.480812 -0.134804 -0.560292 -0.817252 -0.282202 0.579916 -0.764238 -0.498785 -0.457355 -0.736234 -0.608754 0 -0.793359 -0.81059 0 -0.585615 -0.794191 0.269619 -0.54458 -0.928256 -0.339308 -0.152351 -0.899123 -0.410218 -0.152637 -0.812038 0.563589 0.151531 -0.73209 -0.635384 0.245626 -0.71556 0.431866 0.549059 -0.815701 0 0.578474 -0.581663 0 0.81343 -0.550248 0.231003 0.802412 -0.207534 -0.238395 0.948735 -0.167656 0.0133952 0.985754 0.0852235 -0.332232 0.93934 0.166174 0.422147 0.891167 0.327013 -0.358671 0.87431 0.558452 -0.173942 0.811095 0.578474 0 0.815701 0.807155 0 0.590339 -0.457058 0.784434 -0.419239 -0.100074 0.992647 0.0681026 0.659196 -0.742835 0.116861 0.681598 0.724928 -0.0995228 0.72987 -0.638821 -0.243307 0.715561 0.431865 -0.549059 0.815701 0 -0.578474 0.608754 0 -0.793359 0.512145 0.423456 -0.747257 0.341463 -0.451505 -0.824346 0.12001 0.39327 -0.911557 0.0843617 0.591645 -0.801772 -0.0710657 0.78621 0.613859 0.116039 0.944768 0.306509 0.132044 0.937251 0.322683 0.302245 0.868038 0.393901 0.5326 0.76318 0.365914 0.45074 0.889409 0.0760585 0.418938 0.904707 -0.0774291 0.322053 0.946663 -0.010534 0.480461 0.807845 -0.341384 0.259071 0.889368 -0.376706 0.145086 0.941739 -0.303442 0.0867091 0.853864 -0.513223 -0.106339 0.811983 -0.573912 -0.213839 0.92951 -0.300472 -0.202648 0.935378 -0.28983 -0.353053 0.934314 -0.0491026 -0.571488 0.816357 0.0834471 -0.409776 0.864423 0.291301 -0.232354 0.908229 0.348039 -0.217552 0.940111 0.262416 0.0481545 0.990898 0.125705 0.13549 0.990752 -0.00730429 0.0577262 0.991005 -0.120733 -0.118532 0.987213 -0.106585 -0.144316 0.987597 -0.061842 -0.0862216 0.990849 0.103851 -0.0858142 -0.846762 -0.525005 -0.306315 -0.874839 -0.375271 -0.241287 -0.903414 -0.354436 -0.426404 -0.848671 -0.312949 -0.549209 -0.831123 -0.0872059 -0.437841 -0.897416 0.054216 -0.489147 -0.856762 0.163384 -0.422892 -0.84609 0.32449 -0.28987 -0.868077 0.40301 -0.142845 -0.913378 0.38123 0.0955568 -0.859973 0.501313 0.321853 -0.873686 0.364806 0.474824 -0.808112 0.348566 0.571409 -0.81439 0.101298 0.442491 -0.896766 -0.00353118 0.506541 -0.845432 -0.169293 0.420759 -0.847778 -0.322854 0.296069 -0.873763 -0.385852 0.159464 -0.909048 -0.384971 0.16675 -0.906632 -0.387574 0.063989 -0.871592 -0.486038 -0.119185 -0.92311 0.365599 0.0863058 -0.887563 0.452529 0.247771 -0.910391 0.331357 0.175507 -0.981802 0.0725449 -0.163809 0 -0.986492 0.0527548 0.726314 0.685336 0.102492 0.971747 -0.212612 -0.498785 -0.457356 -0.736233 -0.608755 0 -0.793359 -0.81059 0 -0.585615 -0.79419 0.26962 -0.54458 -0.928256 -0.339307 -0.152351 -0.92672 0.359687 -0.108702 -0.882958 -0.363621 0.296925 0.369436 0.927364 -0.0592653 0.290072 0.930762 -0.222576 -0.857771 0 0.514033 -0.581663 0 0.81343 -0.550249 0.231004 0.802411 -0.207534 -0.238395 0.948735 -0.167657 0.0133955 0.985754 0.0852239 -0.332233 0.939339 0.166174 0.422148 0.891166 0.327014 -0.35868 0.874306 0.558454 -0.173931 0.811096 0.578474 0 0.815701 0.807155 0 0.590339 0.778859 0.328941 0.534019 0.887595 -0.432914 0.157353 0.924995 -0.34599 0.157081 0.605683 0.758048 -0.241892 -0.918175 -0.212606 0.334295 0.877489 -0.350403 -0.32746 0.727131 0.399982 -0.557938 0.559233 -0.542909 -0.626504 0.512145 0.423457 -0.747256 0.341463 -0.451508 -0.824345 0.12001 0.393271 -0.911557 0.166507 0 -0.98604 -0.064451 0.933255 0.353385 -0.0643048 0.93129 0.358557 0.233199 0.923717 0.303916 0.242495 0.919866 0.30829 0.467712 0.823357 0.321448 0.496908 0.865844 0.0582832 0.3197 0.946915 -0.0338267 0.241499 0.904669 -0.351073 0.235019 0.91987 -0.314015 0.0982827 0.807882 -0.581091 -0.0831439 0.889361 -0.449583 -0.111968 0.941743 -0.317149 -0.301549 0.853868 -0.424238 -0.481058 0.811967 -0.330594 -0.363895 0.929423 -0.0612623 -0.347997 0.93549 -0.0612885 -0.394184 0.885334 0.246582 -0.421174 0.84745 0.323172 -0.33295 0.802797 0.494632 0.00854321 0.987216 0.159156 0.0583172 0.987597 0.145776 0.151571 0.987213 -0.0493589 0.125714 0.987597 -0.0940608 -0.0445506 0.991005 -0.12619 -0.16224 0.986677 0.0121186 -0.161798 0.986726 0.0139048 -0.0858143 -0.846762 -0.525005 -0.306316 -0.874838 -0.375272 -0.241287 -0.903413 -0.354436 -0.426404 -0.848671 -0.312949 -0.549208 -0.831123 -0.087206 -0.437841 -0.897417 0.0542153 -0.489147 -0.856762 0.163384 -0.422892 -0.84609 0.324491 -0.28987 -0.868077 0.403011 -0.142845 -0.913378 0.38123 0.0955569 -0.859977 0.501306 0.321857 -0.873684 0.364807 0.474823 -0.808112 0.348566 0.571409 -0.81439 0.101298 0.442491 -0.896766 -0.00353111 0.511995 -0.838708 -0.185555 0.341691 -0.857612 -0.384382 0.159464 -0.909048 -0.384971 0.16675 -0.906632 -0.387573 0.063989 -0.871592 -0.486038 -0.119184 -0.92311 0.365598 0.0863073 -0.887563 0.45253 0.247771 -0.910392 0.331356 0.175507 -0.981802 0.0725446 -0.134804 -0.560291 -0.817253 -0.282202 0.579917 -0.764237 -0.498785 -0.457355 -0.736234 -0.608755 0 -0.793359 -0.81059 0 -0.585615 -0.794191 0.269614 -0.544581 -0.928257 -0.339304 -0.152351 -0.899123 -0.410219 -0.152638 -0.812038 0.563589 0.151531 -0.73209 -0.635383 0.245626 -0.715561 0.431865 0.549059 -0.815701 0 0.578474 -0.581663 0 0.81343 0.447507 0.725832 -0.522404 -0.0899302 0.994658 -0.050679 -0.208315 -0.379116 0.901596 0.0770531 -0.185221 0.979671 0.120732 0.549318 0.826846 0.327013 -0.358676 0.874308 0.558453 -0.173942 0.811095 0.578474 0 0.815701 0.807155 0 0.590339 0.778859 0.32894 0.53402 0.887596 -0.432913 0.157353 0.924996 -0.345989 0.157081 0.830655 0.534784 -0.154979 0.72987 -0.63882 -0.243307 0.71556 0.431865 -0.549059 0.815701 0 -0.578474 0.608755 0 -0.793359 0.608755 0 -0.793359 0.382691 0 -0.923877 -0.206875 0.954861 0.213177 -0.0451476 0.938277 0.342925 0.152586 0.884779 -0.440322 0.0451473 0.933698 0.355203 0.183011 0.853686 0.487574 0.347221 0.821382 0.452515 0.376706 0.889368 0.259071 0.324794 0.928959 0.177605 0.438843 0.895509 0.0740314 0.450108 0.889086 -0.0832418 0.30047 0.929511 -0.213837 0.307409 0.925523 -0.221149 0.026766 0.951522 -0.306412 -0.0713027 0.86975 -0.488314 -0.396132 0.729379 -0.557751 -0.436204 0.848419 -0.299853 -0.365278 0.928865 -0.061498 -0.289565 0.953816 -0.0799177 -0.557952 0.823411 0.103361 -0.409777 0.864422 0.291302 -0.225346 0.928962 0.293682 -0.210413 0.942085 0.261156 -0.0356786 0.992281 0.118768 0.0434865 0.981587 -0.186001 -0.0673584 0.997689 -0.00895273 -0.0391053 0.992505 0.115782 -0.0858142 -0.846762 -0.525005 -0.306314 -0.874838 -0.375272 -0.241287 -0.903413 -0.354437 -0.426405 -0.84867 -0.31295 -0.549208 -0.831123 -0.0872061 -0.43784 -0.897417 0.0542154 -0.489147 -0.856762 0.163384 -0.422892 -0.84609 0.324491 -0.28987 -0.868077 0.403011 -0.142845 -0.913378 0.381231 0.0955576 -0.859974 0.501312 0.321855 -0.873685 0.364807 0.474825 -0.808111 0.348567 0.571409 -0.814389 0.101298 0.442491 -0.896766 -0.00353071 0.506541 -0.845432 -0.169293 0.42076 -0.847777 -0.322854 0.29607 -0.873762 -0.385853 0.159464 -0.909048 -0.384972 0.16675 -0.906632 -0.387574 0.063989 -0.871592 -0.486039 -0.119184 -0.92311 0.365599 0.0863067 -0.887563 0.452529 0.247771 -0.910391 0.331356 0.175508 -0.981802 0.072545 -0.163809 0 -0.986492 0.0527541 0.726317 0.685333 0.102493 0.971747 -0.21261 -0.498784 -0.457356 -0.736233 -0.608754 0 -0.793359 -0.81059 0 -0.585614 -0.79419 0.269619 -0.54458 -0.928256 -0.339309 -0.152351 -0.926719 0.359689 -0.108701 -0.882959 -0.363619 0.296926 0.369427 0.927368 -0.0592618 0.290075 0.93076 -0.222579 -0.857771 0 0.514033 -0.581663 0 0.81343 -0.550247 0.231008 0.802411 -0.207533 -0.238397 0.948734 -0.167656 0.0133928 0.985755 0.115454 -0.370779 0.921517 0.17643 0.269267 0.946767 0.531928 -0.302036 0.791093 0.578474 0 0.815701 0.807155 0 0.590339 0.778859 0.328943 0.534019 0.887597 -0.432911 0.157353 0.924995 -0.345991 0.157081 0.605683 0.758048 -0.241892 -0.80295 0.532656 0.267486 0.952809 0 -0.30357 0.793359 0 -0.608755 0.793359 0 -0.608755 0.4314 0 -0.902161 0.554112 -0.175725 -0.813684 0.354681 -0.573684 -0.738301 0.12001 0.393272 -0.911556 0.166507 0 -0.98604 -0.0644509 0.933255 0.353385 -0.0643047 0.93129 0.358557 0.241893 0.917664 0.315247 0.244026 0.917085 0.315288 0.375691 0.889999 0.258375 0.434448 0.899254 0.0509565 0.351943 0.934671 -0.0502668 0.2415 0.904669 -0.351074 0.235019 0.919869 -0.314017 0.0982822 0.807883 -0.58109 -0.0831437 0.889361 -0.449582 -0.111968 0.941743 -0.317149 -0.301549 0.853867 -0.424239 -0.481058 0.811967 -0.330594 -0.363895 0.929423 -0.0612623 -0.347996 0.935491 -0.0612885 -0.394185 0.885334 0.246582 -0.421174 0.84745 0.323172 -0.332949 0.802798 0.494632 -0.00976921 0.977628 0.210114 0.14593 0.980181 -0.133979 -0.0258022 0.996992 -0.0730855 -0.100322 0.994308 0.0358899 -0.0983496 0.994052 -0.0467723 -0.0830413 -0.857104 -0.508406 -0.178017 -0.883337 -0.433619 -0.325685 -0.814908 -0.47943 -0.449908 -0.82994 -0.329822 -0.409414 -0.893378 -0.185081 -0.548161 -0.831833 -0.0870288 -0.476796 -0.864475 0.159209 -0.409704 -0.892435 0.188952 -0.395567 -0.866833 0.303524 -0.30329 -0.854451 0.421815 -0.152474 -0.88522 0.439475 0.0938705 -0.888049 0.450064 0.303103 -0.842153 0.445991 0.400856 -0.867495 0.294563 0.39136 -0.90033 0.190374 0.522385 -0.847666 0.0926069 0.477282 -0.864138 -0.159587 0.402636 -0.892742 -0.202228 0.613509 -0.634033 -0.470754 0.131579 -0.883658 -0.449261 0.0652651 -0.86602 -0.495732 -0.172478 -0.97788 -0.11833 -0.00687212 -0.931962 0.362491 0.201279 -0.95856 -0.201616 -0.113796 -0.625218 -0.772109 -0.282202 0.579917 -0.764237 -0.498784 -0.457357 -0.736233 -0.608754 0 -0.793359 -0.81059 0 -0.585614 -0.794191 0.269615 -0.544581 -0.928257 -0.339306 -0.152351 -0.899122 -0.410222 -0.152637 -0.812037 0.563591 0.15153 -0.732088 -0.635386 0.245626 -0.71556 0.431868 0.549058 -0.815701 0 0.578474 -0.608754 0 0.793359 -0.512426 0.422715 0.747483 -0.292696 -0.569649 0.768004 -0.135807 0.589592 0.796202 0.0730058 -0.609251 0.789609 0.176429 0.269269 0.946767 0.531927 -0.302038 0.791092 0.578474 0 0.815701 0.807155 0 0.590339 0.778859 0.328943 0.534019 0.887597 -0.432911 0.157353 0.91464 0.389775 0.107285 0.871938 -0.394295 -0.290269 -0.369428 0.927368 0.059262 -0.290074 0.930761 0.222578 0.857771 0 -0.514032 0.431396 0 -0.902163 0.554111 -0.175728 -0.813683 0.354681 -0.573686 -0.738299 -0.0434858 0.743258 -0.66759 0.101444 0.311107 -0.944945 -0.0710659 0.786209 0.613861 0.13846 0.919822 0.367091 0.111874 0.928087 0.355159 0.26888 0.897168 0.350418 0.377866 0.888643 0.259866 0.321509 0.945363 0.0540429 0.375548 0.925941 0.0399765 0.538648 0.836604 -0.0997582 0.495328 0.794233 -0.351916 0.229468 0.914389 -0.333523 0.150472 0.947661 -0.281597 0.0867093 0.853864 -0.513223 -0.106339 0.811982 -0.573914 -0.214761 0.928876 -0.301773 -0.20151 0.934386 -0.293798 -0.467713 0.823357 -0.321448 -0.496908 0.865844 -0.0582833 -0.319699 0.946915 0.0338271 -0.232355 0.908229 0.34804 -0.225832 0.923778 0.309247 0.0451912 0.994762 -0.0916872 -0.0384785 0.997683 -0.0561024 -0.106381 0.9929 0.0532151 -0.105873 0.992503 0.0610589 -0.0967776 -0.887325 -0.450874 -0.305888 -0.838952 -0.450102 -0.411136 -0.8601 -0.301985 -0.399372 -0.900361 -0.172777 -0.534461 -0.840937 -0.0847147 -0.505741 -0.845971 0.168995 -0.365473 -0.897885 0.245421 -0.367968 -0.885935 0.282347 -0.318382 -0.852329 0.414931 -0.191739 -0.841173 0.505633 0.0396888 -0.889313 0.455574 0.0482807 -0.895383 0.442672 0.301303 -0.84422 0.443293 0.40395 -0.865287 0.296822 0.397212 -0.898434 0.187186 0.528289 -0.843884 0.0936535 0.481834 -0.861327 -0.161098 0.40373 -0.891959 -0.203495 0.61351 -0.634032 -0.470754 0.209274 -0.803574 -0.557202 -0.0426831 -0.91473 -0.401804 0.244282 -0.948759 -0.200456 0.13629 -0.902224 -0.409167 -0.134804 -0.560292 -0.817252 -0.282202 0.579917 -0.764237 -0.498784 -0.457357 -0.736233 -0.608754 0 -0.793359 -0.81059 0 -0.585614 -0.794191 0.269614 -0.544581 -0.928257 -0.339305 -0.152351 -0.899122 -0.410221 -0.152637 -0.447722 0.857639 0.252981 0.667627 0.71007 -0.223777 -0.961579 0 0.274528 -0.793359 0 0.608754 -0.793359 0 0.608754 -0.608754 0 0.793359 -0.512427 0.422714 0.747484 -0.292696 -0.569647 0.768005 -0.135807 0.589589 0.796204 0.0730057 -0.609252 0.789609 0.17643 0.269267 0.946767 0.531928 -0.302034 0.791093 0.578474 0 0.815701 0.807155 0 0.590339 0.778859 0.328944 0.534018 0.887595 -0.432914 0.157353 0.924996 -0.345987 0.157081 0.830655 0.534783 -0.154979 0.629371 -0.742797 -0.228352 0.682402 0.54823 -0.483499 0.653714 -0.356118 -0.667711 0.554111 -0.175726 -0.813683 0.354681 -0.573684 -0.7383 0.12001 0.39327 -0.911557 0.0843622 0.591644 -0.801774 -0.071066 0.78621 0.61386 0.131352 0.928292 0.347882 0.122257 0.932973 0.338547 0.319259 0.851443 0.416074 0.481058 0.811968 0.330594 0.363739 0.929486 0.0612357 0.348185 0.935398 0.0616279 0.269104 0.940716 -0.206487 0.283763 0.929132 -0.23705 0.310359 0.836538 -0.451532 0.10134 0.794297 -0.599018 -0.073548 0.914378 -0.398124 -0.0927116 0.947666 -0.305505 -0.30155 0.853867 -0.424239 -0.481058 0.811967 -0.330594 -0.390883 0.918081 -0.0658595 -0.361932 0.928171 -0.0866246 -0.449371 0.889472 0.0831044 -0.352823 0.901412 0.250942 -0.232355 0.908229 0.34804 -0.222526 0.930717 0.290255 0.0407411 0.992817 0.112491 0.0839826 0.995833 -0.0355443 0.0923369 0.995704 -0.00694727 -0.0391433 0.992169 -0.11861 -0.0800584 -0.86773 -0.490546 -0.174205 -0.906019 -0.385722 -0.280066 -0.867143 -0.411857 -0.446505 -0.83274 -0.327379 -0.497535 -0.863886 -0.0784845 -0.419468 -0.907691 0.0120046 -0.498745 -0.850581 0.166629 -0.430041 -0.840346 0.329976 -0.305519 -0.864939 0.398168 -0.243287 -0.884944 0.397095 -0.179413 -0.862308 0.473536 0.0437535 -0.86672 0.496872 0.0883764 -0.891292 0.444734 0.301303 -0.844221 0.443292 0.40395 -0.865287 0.296822 0.397212 -0.898434 0.187186 0.528288 -0.843884 0.0936534 0.478694 -0.860685 -0.173418 0.404836 -0.891458 -0.203496 0.14616 -0.87048 -0.470002 0.0670649 -0.857912 -0.509402 0.225525 -0.953542 -0.199739 -0.130527 0 -0.991445 -0.130527 0 -0.991445 -0.382691 0 -0.923876 -0.382691 0 -0.923876 -0.608754 0 -0.793359 -0.608754 0 -0.793359 -0.793359 0 -0.608754 -0.111457 0.992079 0.0579386 0.219673 0.971321 0.0909938 -0.872899 0 -0.487901 -0.991445 0 -0.130528 -0.991445 0 -0.130528 -0.991445 0 0.130528 -0.991445 0 0.130528 -0.923876 0 0.382691 -0.923876 0 0.382691 -0.793359 0 0.608755 -0.793359 0 0.608755 -0.608754 0 0.793359 -0.608754 0 0.793359 -0.382691 0 0.923876 -0.382691 0 0.923876 -0.130528 0 0.991445 -0.130528 0 0.991445 0.130528 0 0.991445 0.130528 0 0.991445 0.382691 0 0.923876 0.382691 0 0.923876 0.608754 0 0.793359 0.608754 0 0.793359 0.793359 0 0.608755 0.793359 0 0.608755 0.923876 0 0.382691 0.923876 0 0.382691 0.991445 0 0.130527 0.991445 0 0.130527 0.991445 0 -0.130527 0.991445 0 -0.130527 0.923876 0 -0.382691 0.923876 0 -0.382691 0.793359 0 -0.608754 0.793359 0 -0.608754 0.608754 0 -0.793359 0.608754 0 -0.793359 0.382691 0 -0.923876 0.382691 0 -0.923876 0.130527 0 -0.991445 0.130527 0 -0.991445 -0.193243 0.863144 0.466518 -0.0486611 0.92791 0.369614 -0.0436514 0.922955 0.382424 0.0657221 0.863988 0.499204 0.212311 0.831995 0.512552 0.288872 0.88024 0.376472 0.279178 0.918955 0.278535 0.369614 0.92791 0.0486612 0.409445 0.91174 0.0329452 0.499204 0.863988 -0.0657223 0.512552 0.831994 -0.212311 0.376473 0.880239 -0.288873 0.251282 0.91083 -0.327484 0.244242 0.929863 -0.275137 0.197533 0.856487 -0.476876 0.0658943 0.863219 -0.50051 -0.043787 0.942054 -0.332591 -0.0700959 0.927248 -0.367828 -0.181099 0.880942 -0.437201 -0.351574 0.816369 -0.458189 -0.441173 0.831127 -0.338518 -0.397328 0.902797 -0.164582 -0.409244 0.910833 -0.0538785 -0.33409 0.938748 -0.0844788 -0.511753 0.856487 0.0673742 -0.4664 0.863219 0.193194 -0.328834 0.910057 0.252318 -0.321666 0.91724 0.234949 -0.31507 0.855644 0.410615 -0.0193459 0.991816 0.126198 0.150004 0.986757 0.0617169 0.145272 0.986804 0.0715082 0.081578 0.991745 -0.0989314 -0.0132837 0.991863 -0.126611 -0.126642 0.991706 -0.021921 -0.102907 0.991844 0.0752058 -0.067236 -0.857124 -0.510703 -0.187116 -0.874427 -0.447621 -0.184975 -0.875425 -0.44656 -0.338494 -0.831153 -0.441142 -0.435389 -0.835959 -0.33408 -0.432748 -0.877798 -0.205423 -0.455028 -0.870301 -0.188483 -0.503232 -0.861608 -0.0662526 -0.468086 -0.880587 0.0739047 -0.460508 -0.885583 0.0606278 -0.470713 -0.860472 0.19498 -0.405035 -0.859859 0.310789 -0.294406 -0.882845 0.365938 -0.293631 -0.87598 0.382675 -0.213999 -0.829036 0.516628 -0.072472 -0.831702 0.550472 0.0617764 -0.880911 0.469232 0.0582569 -0.87815 0.474824 0.189806 -0.868335 0.458223 0.261086 -0.878291 0.400549 0.312645 -0.858041 0.407454 0.438855 -0.833074 0.336739 0.473502 -0.868508 0.146594 0.41724 -0.892211 0.17283 0.513027 -0.855711 0.067542 0.533329 -0.842989 -0.0702148 0.464019 -0.864721 -0.192208 0.391473 -0.89002 -0.233696 0.384728 -0.87455 -0.295207 0.307817 -0.862739 -0.401162 0.184616 -0.875942 -0.445693 0.138965 -0.88805 -0.438241 0.0652117 -0.866255 -0.495327 -0.1474 -0.97831 -0.145541 -0.0757508 -0.978005 0.194339 0.21788 -0.968576 0.119958 -0.00270299 -0.999919 -0.012438 -0.0349533 -0.999377 -0.00492839 -0.0587386 -0.998165 -0.0147316 -0.00270243 -0.999919 -0.0124383 -0.034954 -0.999377 -0.00492841 -0.0587398 -0.998165 -0.0147318 -0.00270246 -0.999919 -0.0124381 -0.0349539 -0.999377 -0.00492829 -0.0587395 -0.998165 -0.0147317 -0.00270259 -0.999919 -0.012438 -0.0349538 -0.999377 -0.00492825 -0.0587395 -0.998165 -0.0147317 -0.00270273 -0.999919 -0.0124381 -0.0349534 -0.999377 -0.0049284 -0.0587387 -0.998165 -0.0147316 -0.00270332 -0.999919 -0.012438 -0.0349538 -0.999377 -0.00492838 -0.0587392 -0.998165 -0.0147317 -0.00270323 -0.999919 -0.0124381 -0.034954 -0.999377 -0.00492843 -0.0587398 -0.998165 -0.0147319 -0.00270359 -0.999919 -0.0124378 -0.0349534 -0.999377 -0.00492829 -0.0587393 -0.998165 -0.0147317 -0.00270259 -0.999919 -0.0124381 -0.0349538 -0.999377 -0.00492833 -0.0587389 -0.998165 -0.0147315 0.0353242 -0.99932 -0.0105638 0.0194426 -0.999725 -0.0131095 -0.0202721 -0.999794 0.00111945 -0.058739 -0.998165 -0.0147317 -0.00270263 -0.999919 -0.012438 -0.0349534 -0.999377 -0.00492836 -0.0587396 -0.998165 -0.0147319 -0.00270315 -0.999919 -0.0124381 -0.0349534 -0.999377 -0.00492842 -0.0587386 -0.998165 -0.0147315 -0.00270267 -0.999919 -0.0124381 -0.0349534 -0.999377 -0.00492842 -0.0587402 -0.998165 -0.0147322 0.0247651 -0.999658 0.00841244 0.0149403 -0.999815 0.0121504 -0.0847555 -0.996204 -0.0198303 -0.0404278 -0.999163 0.0061871 -0.0354893 -0.999354 0.00568672 -0.00372997 -0.999839 0.0175488 0.051525 -0.998665 0.00361808 -0.0397764 -0.999165 0.00938516 -0.0157135 -0.999876 -0.00139253 0.00445384 -0.999989 0.00172419 0.0323853 -0.999455 -0.0064337 0.0534698 -0.998568 -0.00178611 0.00617426 -0.999939 -0.00917284 -0.0167612 -0.999852 -0.00381529 -0.0254442 -0.999641 -0.00834579</float_array>
                    <technique_common>
                        <accessor count="1500" source="#shape0-lib-normals-array" stride="3">
                            <param name="X" type="float"/>
                            <param name="Y" type="float"/>
                            <param name="Z" type="float"/>
                        </accessor>
                    </technique_common>
                </source>
                <source id="shape0-lib-vcolor" name="vcolor">
                    <float_array id="shape0-lib-vcolor-array" count="3136">1 1 1 1 1 1 1 1 1 1 1 1 1 1 1 1 1 1 1 1 1 1 1 1 1 1 1 1 1 1 1 1 1 1 1 1 1 1 1 1 1 1 1 1 1 1 1 1 1 1 1 1 1 1 1 1 1 1 1 1 1 1 1 1 1 1 1 1 1 1 1 1 1 1 1 1 1 1 1 1 1 1 1 1 1 1 1 1 1 1 1 1 1 1 1 1 1 1 1 1 1 1 1 1 1 1 1 1 1 1 1 1 1 1 1 1 1 1 1 1 1 1 1 1 1 1 1 1 1 1 1 1 1 1 1 1 1 1 1 1 1 1 1 1 1 1 1 1 1 1 1 1 1 1 1 1 1 1 1 1 1 1 1 1 1 1 1 1 1 1 1 1 1 1 1 1 1 1 1 1 1 1 1 1 1 1 1 1 1 1 1 1 1 1 1 1 1 1 1 1 1 1 1 1 1 1 1 1 1 1 1 1 1 1 1 1 1 1 1 1 1 1 1 1 1 1 1 1 1 1 1 1 1 1 1 1 1 1 1 1 1 1 1 1 1 1 1 1 1 1 1 1 1 1 1 1 1 1 1 1 1 1 1 1 1 1 1 1 1 1 1 1 1 1 1 1 1 1 1 1 1 1 1 1 1 1 1 1 1 1 1 1 1 1 1 1 1 1 1 1 1 1 1 1 1 1 1 1 1 1 1 1 1 1 1 1 1 1 1 1 1 1 1 1 1 1 1 1 1 1 1 1 1 1 1 1 1 1 1 1 1 1 1 1 1 1 1 1 1 1 1 1 1 1 1 1 1 1 1 1 1 1 1 1 1 1 1 1 1 1 1 1 1 1 1 1 1 1 1 1 1 1 1 1 1 1 1 1 1 1 1 1 1 1 1 1 1 1 1 1 1 1 1 1 1 1 1 1 1 1 1 1 1 1 1 1 1 1 1 1 1 1 1 1 1 1 1 1 1 1 1 1 1 1 1 1 1 1 1 1 1 1 1 1 1 1 1 1 1 1 1 1 1 1 1 1 1 1 1 1 1 1 1 1 1 1 1 1 1 1 1 1 1 1 1 1 1 1 1 1 1 1 1 1 1 1 1 1 1 1 1 1 1 1 1 1 1 1 1 1 1 1 1 1 1 1 1 1 1 1 1 1 1 1 1 1 1 1 1 1 1 1 1 1 1 1 1 1 1 1 1 1 1 1 1 1 1 1 1 1 1 1 1 1 1 1 1 1 1 1 1 1 1 1 1 1 1 1 1 1 1 1 1 1 1 1 1 1 1 1 1 1 1 1 1 1 1 1 1 1 1 1 1 1 1 1 1 1 1 1 1 1 1 1 1 1 1 1 1 1 1 1 1 1 1 1 1 1 1 1 1 1 1 1 1 1 1 1 1 1 1 1 1 1 1 1 1 1 1 1 1 1 1 1 1 1 1 1 1 1 1 1 1 1 1 1 1 1 1 1 1 1 1 1 1 1 1 1 1 1 1 1 1 1 1 1 1 1 1 1 1 1 1 1 1 1 1 1 1 1 1 1 1 1 1 1 1 1 1 1 1 1 1 1 1 1 1 1 1 1 1 1 1 1 1 1 1 1 1 1 1 1 1 1 1 1 1 1 1 1 1 1 1 1 1 1 1 1 1 1 1 1 1 1 1 1 1 1 1 1 1 1 1 1 1 1 1 1 1 1 1 1 1 1 1 1 1 1 1 1 1 1 1 1 1 1 1 1 1 1 1 1 1 1 1 1 1 1 1 1 1 1 1 1 1 1 1 1 1 1 1 1 1 1 1 1 1 1 1 1 1 1 1 1 1 1 1 1 1 1 1 1 1 1 1 1 1 1 1 1 1 1 1 1 1 1 1 1 1 1 1 1 1 1 1 1 1 1 1 1 1 1 1 1 1 1 1 1 1 1 1 1 1 1 1 1 1 1 1 1 1 1 1 1 1 1 1 1 1 1 1 1 1 1 1 1 1 1 1 1 1 1 1 1 1 1 1 1 1 1 1 1 1 1 1 1 1 1 1 1 1 1 1 1 1 1 1 1 1 1 1 1 1 1 1 1 1 1 1 1 1 1 1 1 1 1 1 1 1 1 1 1 1 1 1 1 1 1 1 1 1 1 1 1 1 1 1 1 1 1 1 1 1 1 1 1 1 1 1 1 1 1 1 1 1 1 1 1 1 1 1 1 1 1 1 1 1 1 1 1 1 1 1 1 1 1 1 1 1 1 1 1 1 1 1 1 1 1 1 1 1 1 1 1 1 1 1 1 1 1 1 1 1 1 1 1 1 1 1 1 1 1 1 1 1 1 1 1 1 1 1 1 1 1 1 1 1 1 1 1 1 1 1 1 1 1 1 1 1 1 1 1 1 1 1 1 1 1 1 1 1 1 1 1 1 1 1 1 1 1 1 1 1 1 1 1 1 1 1 1 1 1 1 1 1 1 1 1 1 1 1 1 1 1 1 1 1 1 1 1 1 1 1 1 1 1 1 1 1 1 1 1 1 1 1 1 1 1 1 1 1 1 1 1 1 1 1 1 1 1 1 1 1 1 1 1 1 1 1 1 1 1 1 1 1 1 1 1 1 1 1 1 1 1 1 1 1 1 1 1 1 1 1 1 1 1 1 1 1 1 1 1 1 1 1 1 1 1 1 1 1 1 1 1 1 1 1 1 1 1 1 1 1 1 1 1 1 1 1 1 1 1 1 1 1 1 1 1 1 1 1 1 1 1 1 1 1 1 1 1 1 1 1 1 1 1 1 1 1 1 1 1 1 1 1 1 1 1 1 1 1 1 1 1 1 1 1 1 1 1 1 1 1 1 1 1 1 1 1 1 1 1 1 1 1 1 1 1 1 1 1 1 1 1 1 1 1 1 1 1 1 1 1 1 1 1 1 1 1 1 1 1 1 1 1 1 1 1 1 1 1 1 1 1 1 1 1 1 1 1 1 1 1 1 1 1 1 1 1 1 1 1 1 1 1 1 1 1 1 1 1 1 1 1 1 1 1 1 1 1 1 1 1 1 1 1 1 1 1 1 1 1 1 1 1 1 1 1 1 1 1 1 1 1 1 1 1 1 1 1 1 1 1 1 1 1 1 1 1 1 1 1 1 1 1 1 1 1 1 1 1 1 1 1 1 1 1 1 1 1 1 1 1 1 1 1 1 1 1 1 1 1 1 1 1 1 1 1 1 1 1 1 1 1 1 1 1 1 1 1 1 1 1 1 1 1 1 1 1 1 1 1 1 1 1 1 1 1 1 1 1 1 1 1 1 1 1 1 1 1 1 1 1 1 1 1 1 1 1 1 1 1 1 1 1 1 1 1 1 1 1 1 1 1 1 1 1 1 1 1 1 1 1 1 1 1 1 1 1 1 1 1 1 1 1 1 1 1 1 1 1 1 1 1 1 1 1 1 1 1 1 1 1 1 1 1 1 1 1 1 1 1 1 1 1 1 1 1 1 1 1 1 1 1 1 1 1 1 1 1 1 1 1 1 1 1 1 1 1 1 1 1 1 1 1 1 1 1 1 1 1 1 1 1 1 1 1 1 1 1 1 1 1 1 1 1 1 1 1 1 1 1 1 1 1 1 1 1 1 1 1 1 1 1 1 1 1 1 1 1 1 1 1 1 1 1 1 1 1 1 1 1 1 1 1 1 1 1 1 1 1 1 1 1 1 1 1 1 1 1 1 1 1 1 1 1 1 1 1 1 1 1 1 1 1 1 1 1 1 1 1 1 1 1 1 1 1 1 1 1 1 1 1 1 1 1 1 1 1 1 1 1 1 1 1 1 1 1 1 1 1 1 1 1 1 1 1 1 1 1 1 1 1 1 1 1 1 1 1 1 1 1 1 1 1 1 1 1 1 1 1 1 1 1 1 1 1 1 1 1 1 1 1 1 1 1 1 1 1 1 1 1 1 1 1 1 1 1 1 1 1 1 1 1 1 1 1 1 1 1 1 1 1 1 1 1 1 1 1 1 1 1 1 1 1 1 1 1 1 1 1 1 1 1 1 1 1 1 1 1 1 1 1 1 1 1 1 1 1 1 1 1 1 1 1 1 1 1 1 1 1 1 1 1 1 1 1 1 1 1 1 1 1 1 1 1 1 1 1 1 1 1 1 1 1 1 1 1 1 1 1 1 1 1 1 1 1 1 1 1 1 1 1 1 1 1 1 1 1 1 1 1 1 1 1 1 1 1 1 1 1 1 1 1 1 1 1 1 1 1 1 1 1 1 1 1 1 1 1 1 1 1 1 1 1 1 1 1 1 1 1 1 1 1 1 1 1 1 1 1 1 1 1 1 1 1 1 1 1 1 1 1 1 1 1 1 1 1 1 1 1 1 1 1 1 1 1 1 1 1 1 1 1 1 1 1 1 1 1 1 1 1 1 1 1 1 1 1 1 1 1 1 1 1 1 1 1 1 1 1 1 1 1 1 1 1 1 1 1 1 1 1 1 1 1 1 1 1 1 1 1 1 1 1 1 1 1 1 1 1 1 1 1 1 1 1 1 1 1 1 1 1 1 1 1 1 1 1 1 1 1 1 1 1 1 1 1 1 1 1 1 1 1 1 1 1 1 1 1 1 1 1 1 1 1 1 1 1 1 1 1 1 1 1 1 1 1 1 1 1 1 1 1 1 1 1 1 1 1 1 1 1 1 1 1 1 1 1 1 1 1 1 1 1 1 1 1 1 1 1 1 1 1 1 1 1 1 1 1 1 1 1 1 1 1 1 1 1 1 1 1 1 1 1 1 1 1 1 1 1 1 1 1 1 1 1 1 1 1 1 1 1 1 1 1 1 1 1 1 1 1 1 1 1 1 1 1 1 1 1 1 1 1 1 1 1 1 1 1 1 1 1 1 1 1 1 1 1 1 1 1 1 1 1 1 1 1 1 1 1 1 1 1 1 1 1 1 1 1 1 1 1 1 1 1 1 1 1 1 1 1 1 1 1 1 1 1 1 1 1 1 1 1 1 1 1 1 1 1 1 1 1 1 1 1 1 1 1 1 1 1 1 1 1 1 1 1 1 1 1 1 1 1 1 1 1 1 1 1 1 1 1 1 1 1 1 1 1 1 1 1 1 1 1 1 1 1 1 1 1 1 1 1 1 1 1 1 1 1 1 1 1 1 1 1 1 1 1 1 1 1 1 1 1 1 1 1 1 1 1 1 1 1 1 1 1 1 1 1 1 1 1 1 1 1 1 1 1 1 1 1 1 1 1 1 1 1 1 1 1 1 1 1 1 1 1 1 1 1 1 1 1 1 1 1 1 1 1 1 1 1 1 1 1 1 1 1 1 1 1 1 1 1 1 1 1 1 1 1 1 1 1 1 1 1 1 1 1 1 1 1 1 1 1 1 1 1 1 1 1 1 1 1 1 1 1 1 1 1 1 1 1 1 1 1 1 1 1 1 1 1 1 1 1 1 1 1 1 1 1 1 1 1 1 1 1 1 1 1 1 1 1 1 1 1 1 1 1 1 1 1 1 1 1 1 1 1 1 1 1 1 1 1 1 1 1 1 1 1 1 1 1 1 1 1 1 1 1 1 1 1 1 1 1 1 1 1 1 1 1 1 1 1 1 1 1 1 1 1 1 1 1 1 1 1 1 1 1 1 1 1 1 1 1 1 1 1 1 1 1 1 1 1 1 1 1 1 1 1 1 1 1 1 1 1 1 1 1 1 1 1 1 1 1 1 1 1 1 1 1 1 1 1 1 1 1 1 1 1 1 1 1 1 1 1 1 1 1 1 1 1 1 1 1 1 1 1 1 1 1 1 1 1 1 1 1 1 1 1 1 1 1 1 1 1 1 1 1 1 1 1 1 1 1 1 1 1 1 1 1 1 1 1 1 1 1 1 1 1 1 1 1 1 1 1 1 1 1 1 1 1 1 1 1 1 1 1 1 1 1 1 1 1 1 1 1 1 1 1 1 1 1 1 1 1 1 1 1 1 1 1 1 1 1 1 1 1 1 1 1 1 1 1 1 1 1 1 1 1 1 1 1 1 1 1 1 1 1 1 1 1 1 1 1 1 1 1 1 1 1 1 1 1 1 1 1 1 1 1 1 1 1 1 1 1 1 1 1 1 1 1 1 1 1 1 1 1 1 1 1 1 1 1 1 1 1 1 1 1 1 1 1 1 1 1 1 1 1 1 1 1 1 1 1 1 1 1 1 1 1 1 1 1 1 1 1 1 1 1 1 1 1 1 1 1 1 1 1 1 1 1 1 1 1 1 1 1 1 1 1 1 1 1 1 1 1 1 1 1 1 1 1 1 1 1 1 1 1 1 1 1 1 1 1 1 1 1 1 1 1 1 1 1 1 1 1 1 1 1 1 1 1 1 1 1 1 1 1 1 1 1 1 1 1 1 1 1 1 1 1 1 1 1 1 1 1 1 1 1 1 1 1 1 1 1 1 1 1 1 1 1 1 1 1 1 1 1 1 1 1 1 1 1 1 1 1 1 1 1 1 1 1 1 1 1 1 1 1 1 1 1 1 1 1 1 1 1 1 1 1 1 1 1 1 1 1 1 1 1 1 1 1 1 1 1 1 1 1 1 1 1 1 1 1 1 1 1 1 1 1 1 1 1 1 1 1 1 1 1 1 1 1 1 1 1 1 1 1 1 1 1 1 1 1 1 1 1 1 1 1 1 1 1 1 1 1 1 1 1 1 1 1 1 1 1 1 1 1 1 1 1 1 1 1 1 1 1 1 1 1 1 1 1 1 1 1 1 1 1 1 1 1 1 1 1 1 1 1 1 1 1 1 1 1 1 1 1 1 1 1 1 1 1 1 1 1 1 1 1 1 1 1 1 1 1 1 1 1 1 1 1 1 1 1 1 1 1 1 1 1 1 1 1 1 1 1 1 1 1 1 1 1 1 1 1 1 1 1 1 1 1 1 1 1 1 1 1 1 1 1 1 1 1 1 1 1 1 1 1 1 1 1 1 1 1 1 1 1 1 1 1 1 1 1 1 1 1 1 1 1 1 1 1 1 1 1 1 1 1 1 1 1 1 1 1 1 1 1 1 1 1 1 1 1 1 1</float_array>
                    <technique_common>
                        <accessor count="784" source="#shape0-lib-vcolor-array" stride="4">
                            <param name="R" type="float"/>
                            <param name="G" type="float"/>
                            <param name="B" type="float"/>
                            <param name="A" type="float"/>
                        </accessor>
                    </technique_common>
                </source>
                <source id="shape0-lib-map" name="map">
                    <float_array id="shape0-lib-map-array" count="9000">0.753384 0.361419 0.752159 0.347315 0.755424 0.3473 0.753384 0.361419 0.755424 0.3473 0.756541 0.36144 0.756541 0.36144 0.755424 0.3473 0.758356 0.347315 0.756541 0.36144 0.758356 0.347315 0.758356 0.36144 0.732741 0.378389 0.732741 0.364265 0.735419 0.364228 0.732741 0.378389 0.735419 0.364228 0.73564 0.378383 0.73564 0.378383 0.735419 0.364228 0.739845 0.364284 0.73564 0.378383 0.739845 0.364284 0.738938 0.378389 0.738938 0.378389 0.739845 0.364284 0.742336 0.378383 0.742336 0.378383 0.739845 0.364284 0.74332 0.364265 0.742336 0.378383 0.74332 0.364265 0.745135 0.364265 0.742336 0.378383 0.745135 0.364265 0.745135 0.378389 0.719521 0.36144 0.719521 0.347315 0.722288 0.347301 0.719521 0.36144 0.722288 0.347301 0.72242 0.361434 0.72242 0.361434 0.722288 0.347301 0.725718 0.347315 0.72242 0.361434 0.725718 0.347315 0.725718 0.36144 0.725718 0.36144 0.725718 0.347315 0.727986 0.347315 0.725718 0.36144 0.727986 0.347315 0.729116 0.361434 0.729116 0.361434 0.727986 0.347315 0.7301 0.347315 0.729116 0.361434 0.7301 0.347315 0.731915 0.347315 0.729116 0.361434 0.731915 0.347315 0.731915 0.36144 0.825284 0.36144 0.825284 0.347315 0.82783 0.347304 0.825284 0.36144 0.82783 0.347304 0.828183 0.361434 0.828183 0.361434 0.82783 0.347304 0.832296 0.347304 0.828183 0.361434 0.832296 0.347304 0.832677 0.361434 0.832677 0.361434 0.832296 0.347304 0.836603 0.347299 0.832677 0.361434 0.836603 0.347299 0.835863 0.36144 0.835863 0.36144 0.836603 0.347299 0.837678 0.36144 0.745961 0.36144 0.745961 0.347315 0.747777 0.347315 0.745961 0.36144 0.747777 0.347315 0.748873 0.361487 0.748873 0.361487 0.747777 0.347315 0.74989 0.347315 0.748873 0.361487 0.74989 0.347315 0.752159 0.347315 0.748873 0.361487 0.752159 0.347315 0.753384 0.361419 0.937603 0.108391 0.943635 0.107708 0.940396 0.109548 0.943635 0.107708 0.947731 0.109167 0.94746 0.114508 0.943635 0.107708 0.94746 0.114508 0.940396 0.109548 0.947731 0.109167 0.950137 0.111013 0.94746 0.114508 0.950137 0.111013 0.952742 0.114881 0.94746 0.114508 0.952742 0.114881 0.953539 0.119227 0.950717 0.123752 0.952742 0.114881 0.950717 0.123752 0.94746 0.114508 0.953539 0.119227 0.952647 0.123803 0.950717 0.123752 0.952647 0.123803 0.950137 0.127441 0.950717 0.123752 0.950137 0.127441 0.946269 0.130046 0.950717 0.123752 0.946269 0.130046 0.941076 0.129027 0.950717 0.123752 0.946269 0.130046 0.941923 0.130843 0.941076 0.129027 0.941923 0.130843 0.937347 0.129951 0.941076 0.129027 0.937347 0.129951 0.933709 0.127441 0.933013 0.123393 0.937347 0.129951 0.933013 0.123393 0.941076 0.129027 0.933709 0.127441 0.931104 0.123573 0.933013 0.123393 0.931104 0.123573 0.93038 0.117582 0.933013 0.123393 0.93038 0.117582 0.932399 0.113709 0.933013 0.123393 0.933709 0.111013 0.937603 0.108391 0.940396 0.109548 0.933709 0.111013 0.940396 0.109548 0.932399 0.113709 0.950717 0.123752 0.941076 0.129027 0.94746 0.114508 0.941076 0.129027 0.933013 0.123393 0.94746 0.114508 0.933013 0.123393 0.932399 0.113709 0.94746 0.114508 0.932399 0.113709 0.940396 0.109548 0.94746 0.114508 0.839701 0.158722 0.838112 0.163025 0.835428 0.15949 0.835428 0.15949 0.838112 0.163025 0.83202 0.167459 0.835428 0.15949 0.83202 0.167459 0.831487 0.162124 0.829036 0.165612 0.831487 0.162124 0.83202 0.167459 0.829036 0.165612 0.83202 0.167459 0.828121 0.171555 0.828121 0.171555 0.83202 0.167459 0.833399 0.174844 0.829641 0.176146 0.828121 0.171555 0.833399 0.174844 0.829641 0.176146 0.833399 0.174844 0.831487 0.178552 0.831487 0.178552 0.833399 0.174844 0.835052 0.18103 0.835052 0.18103 0.833399 0.174844 0.838814 0.181606 0.842707 0.181558 0.838814 0.181606 0.84461 0.180501 0.84461 0.180501 0.848069 0.174465 0.847915 0.178552 0.85031 0.175152 0.847915 0.178552 0.848069 0.174465 0.851295 0.169203 0.85031 0.175152 0.848069 0.174465 0.851295 0.169203 0.848069 0.174465 0.846118 0.166612 0.84918 0.16358 0.851295 0.169203 0.846118 0.166612 0.845509 0.160278 0.84918 0.16358 0.846118 0.166612 0.842707 0.159118 0.845509 0.160278 0.846118 0.166612 0.842707 0.159118 0.846118 0.166612 0.838112 0.163025 0.842707 0.159118 0.838112 0.163025 0.839701 0.158722 0.833399 0.174844 0.841382 0.176636 0.838814 0.181606 0.838814 0.181606 0.841382 0.176636 0.84461 0.180501 0.84461 0.180501 0.841382 0.176636 0.848069 0.174465 0.846118 0.166612 0.848069 0.174465 0.841382 0.176636 0.964909 0.361419 0.963684 0.347315 0.966949 0.3473 0.964909 0.361419 0.966949 0.3473 0.968066 0.36144 0.968066 0.36144 0.966949 0.3473 0.969881 0.347315 0.968066 0.36144 0.969881 0.347315 0.969881 0.36144 0.785623 0.378389 0.785623 0.364265 0.788301 0.364228 0.785623 0.378389 0.788301 0.364228 0.788522 0.378383 0.788522 0.378383 0.788301 0.364228 0.792727 0.364284 0.788522 0.378383 0.792727 0.364284 0.79182 0.378389 0.79182 0.378389 0.792727 0.364284 0.795218 0.378383 0.795218 0.378383 0.792727 0.364284 0.796202 0.364265 0.795218 0.378383 0.796202 0.364265 0.798017 0.364265 0.795218 0.378383 0.798017 0.364265 0.798017 0.378389 0.878165 0.36144 0.878165 0.347315 0.880932 0.347301 0.878165 0.36144 0.880932 0.347301 0.881064 0.361434 0.881064 0.361434 0.880932 0.347301 0.884362 0.347315 0.881064 0.361434 0.884362 0.347315 0.884362 0.36144 0.884362 0.36144 0.884362 0.347315 0.88663 0.347315 0.884362 0.36144 0.88663 0.347315 0.88776 0.361434 0.88776 0.361434 0.88663 0.347315 0.888744 0.347315 0.88776 0.361434 0.888744 0.347315 0.890559 0.347315 0.88776 0.361434 0.890559 0.347315 0.890559 0.36144 0.944267 0.36144 0.944267 0.347315 0.946813 0.347304 0.944267 0.36144 0.946813 0.347304 0.947166 0.361434 0.947166 0.361434 0.946813 0.347304 0.951279 0.347304 0.947166 0.361434 0.951279 0.347304 0.950464 0.36144 0.950464 0.36144 0.951279 0.347304 0.953862 0.361434 0.953862 0.361434 0.951279 0.347304 0.955585 0.347299 0.953862 0.361434 0.955585 0.347299 0.956661 0.36144 0.957487 0.36144 0.957487 0.347315 0.959302 0.347315 0.957487 0.36144 0.959302 0.347315 0.960398 0.361487 0.960398 0.361487 0.959302 0.347315 0.961416 0.347315 0.960398 0.361487 0.961416 0.347315 0.963684 0.347315 0.960398 0.361487 0.963684 0.347315 0.964909 0.361419 0.886492 0.108391 0.892523 0.107708 0.889285 0.109548 0.892523 0.107708 0.89662 0.109167 0.89834 0.112896 0.892523 0.107708 0.89834 0.112896 0.889285 0.109548 0.89662 0.109167 0.899026 0.111013 0.89834 0.112896 0.899026 0.111013 0.901631 0.114881 0.89834 0.112896 0.901631 0.114881 0.902428 0.119227 0.899606 0.123752 0.901631 0.114881 0.899606 0.123752 0.89834 0.112896 0.902428 0.119227 0.901536 0.123803 0.899606 0.123752 0.901536 0.123803 0.899026 0.127441 0.899606 0.123752 0.899026 0.127441 0.895158 0.130046 0.899606 0.123752 0.895158 0.130046 0.890795 0.130234 0.899606 0.123752 0.886236 0.129951 0.883283 0.125558 0.890795 0.130234 0.886236 0.129951 0.882598 0.127441 0.883283 0.125558 0.882598 0.127441 0.879993 0.123573 0.883283 0.125558 0.879993 0.123573 0.879196 0.119227 0.883921 0.116904 0.879993 0.123573 0.883921 0.116904 0.883283 0.125558 0.879196 0.119227 0.880088 0.114651 0.883921 0.116904 0.880088 0.114651 0.882598 0.111013 0.883921 0.116904 0.882598 0.111013 0.886492 0.108391 0.889285 0.109548 0.882598 0.111013 0.889285 0.109548 0.883921 0.116904 0.889285 0.109548 0.89834 0.112896 0.883921 0.116904 0.89834 0.112896 0.899606 0.123752 0.883921 0.116904 0.899606 0.123752 0.890795 0.130234 0.883921 0.116904 0.890795 0.130234 0.883283 0.125558 0.883921 0.116904 0.916368 0.184277 0.914779 0.188581 0.912095 0.185046 0.912095 0.185046 0.914779 0.188581 0.908687 0.193015 0.912095 0.185046 0.908687 0.193015 0.908154 0.18768 0.905703 0.191168 0.908154 0.18768 0.908687 0.193015 0.905703 0.191168 0.908687 0.193015 0.904787 0.19711 0.904787 0.19711 0.908687 0.193015 0.910065 0.2004 0.906308 0.201702 0.904787 0.19711 0.910065 0.2004 0.906308 0.201702 0.910065 0.2004 0.908154 0.204107 0.908154 0.204107 0.910065 0.2004 0.911719 0.206586 0.911719 0.206586 0.910065 0.2004 0.915481 0.207162 0.919374 0.207114 0.915481 0.207162 0.921278 0.206057 0.921278 0.206057 0.924736 0.20002 0.924581 0.204107 0.926976 0.200708 0.924581 0.204107 0.924736 0.20002 0.927962 0.194759 0.926976 0.200708 0.924736 0.20002 0.927962 0.194759 0.924736 0.20002 0.922784 0.192168 0.925846 0.189135 0.927962 0.194759 0.922784 0.192168 0.922176 0.185834 0.925846 0.189135 0.922784 0.192168 0.919374 0.184673 0.922176 0.185834 0.922784 0.192168 0.919374 0.184673 0.922784 0.192168 0.914779 0.188581 0.919374 0.184673 0.914779 0.188581 0.916368 0.184277 0.910065 0.2004 0.918049 0.202192 0.915481 0.207162 0.915481 0.207162 0.918049 0.202192 0.921278 0.206057 0.921278 0.206057 0.918049 0.202192 0.924736 0.20002 0.922784 0.192168 0.924736 0.20002 0.918049 0.202192 0.726943 0.378368 0.725718 0.364265 0.728983 0.36425 0.726943 0.378368 0.728983 0.36425 0.7301 0.378389 0.7301 0.378389 0.728983 0.36425 0.731915 0.364265 0.7301 0.378389 0.731915 0.364265 0.731915 0.378389 0.772402 0.378389 0.772402 0.364265 0.77508 0.364228 0.772402 0.378389 0.77508 0.364228 0.775301 0.378383 0.775301 0.378383 0.77508 0.364228 0.779507 0.364284 0.775301 0.378383 0.779507 0.364284 0.778599 0.378389 0.778599 0.378389 0.779507 0.364284 0.781998 0.378383 0.781998 0.378383 0.779507 0.364284 0.782981 0.364265 0.781998 0.378383 0.782981 0.364265 0.784796 0.364265 0.781998 0.378383 0.784796 0.364265 0.784796 0.378389 0.772402 0.36144 0.772402 0.347315 0.775169 0.347301 0.772402 0.36144 0.775169 0.347301 0.775301 0.361434 0.775301 0.361434 0.775169 0.347301 0.778599 0.347315 0.775301 0.361434 0.778599 0.347315 0.778599 0.36144 0.778599 0.36144 0.778599 0.347315 0.780868 0.347315 0.778599 0.36144 0.780868 0.347315 0.781998 0.361434 0.781998 0.361434 0.780868 0.347315 0.782981 0.347315 0.781998 0.361434 0.782981 0.347315 0.784796 0.347315 0.781998 0.361434 0.784796 0.347315 0.784796 0.36144 0.798843 0.36144 0.798843 0.347315 0.801389 0.347304 0.798843 0.36144 0.801389 0.347304 0.800658 0.36144 0.800658 0.36144 0.801389 0.347304 0.802772 0.36144 0.802772 0.36144 0.801389 0.347304 0.805855 0.347304 0.802772 0.36144 0.805855 0.347304 0.80504 0.36144 0.80504 0.36144 0.805855 0.347304 0.808438 0.361434 0.808438 0.361434 0.805855 0.347304 0.809422 0.347315 0.808438 0.361434 0.809422 0.347315 0.811237 0.347315 0.808438 0.361434 0.811237 0.347315 0.811237 0.36144 0.719521 0.378389 0.719521 0.364265 0.721336 0.364265 0.719521 0.378389 0.721336 0.364265 0.722432 0.378436 0.722432 0.378436 0.721336 0.364265 0.72345 0.364265 0.722432 0.378436 0.72345 0.364265 0.725718 0.364265 0.722432 0.378436 0.725718 0.364265 0.726943 0.378368 0.758714 0.133947 0.764746 0.133263 0.761507 0.135103 0.764746 0.133263 0.768842 0.134722 0.771973 0.140536 0.764746 0.133263 0.771973 0.140536 0.761507 0.135103 0.768842 0.134722 0.771248 0.136569 0.771973 0.140536 0.771248 0.136569 0.773853 0.140436 0.771973 0.140536 0.773853 0.140436 0.77465 0.144782 0.771973 0.140536 0.77465 0.144782 0.773758 0.149359 0.771973 0.140536 0.773758 0.149359 0.769365 0.152311 0.771973 0.140536 0.773758 0.149359 0.771248 0.152996 0.769365 0.152311 0.771248 0.152996 0.76738 0.155601 0.769365 0.152311 0.76738 0.155601 0.763034 0.156399 0.75968 0.15403 0.76738 0.155601 0.75968 0.15403 0.769365 0.152311 0.763034 0.156399 0.758458 0.155506 0.75968 0.15403 0.758458 0.155506 0.75482 0.152996 0.75968 0.15403 0.75482 0.152996 0.752974 0.150591 0.752372 0.147949 0.75482 0.152996 0.752372 0.147949 0.75968 0.15403 0.752372 0.147949 0.751418 0.144782 0.753788 0.141427 0.751418 0.144782 0.75231 0.140206 0.753788 0.141427 0.75231 0.140206 0.75482 0.136569 0.753788 0.141427 0.75482 0.136569 0.758714 0.133947 0.761507 0.135103 0.75482 0.136569 0.761507 0.135103 0.753788 0.141427 0.761507 0.135103 0.771973 0.140536 0.763034 0.144782 0.771973 0.140536 0.769365 0.152311 0.763034 0.144782 0.769365 0.152311 0.75968 0.15403 0.763034 0.144782 0.75968 0.15403 0.752372 0.147949 0.763034 0.144782 0.752372 0.147949 0.753788 0.141427 0.763034 0.144782 0.753788 0.141427 0.761507 0.135103 0.763034 0.144782 0.916368 0.158722 0.914779 0.163025 0.912095 0.15949 0.912095 0.15949 0.914779 0.163025 0.908687 0.167459 0.912095 0.15949 0.908687 0.167459 0.908154 0.162124 0.905703 0.165612 0.908154 0.162124 0.908687 0.167459 0.905703 0.165612 0.908687 0.167459 0.904787 0.171555 0.904787 0.171555 0.908687 0.167459 0.910065 0.174844 0.906308 0.176146 0.904787 0.171555 0.910065 0.174844 0.906308 0.176146 0.910065 0.174844 0.908154 0.178552 0.908154 0.178552 0.910065 0.174844 0.911719 0.18103 0.911719 0.18103 0.910065 0.174844 0.915481 0.181606 0.919374 0.181558 0.915481 0.181606 0.921278 0.180501 0.921278 0.180501 0.924736 0.174465 0.924581 0.178552 0.926976 0.175152 0.924581 0.178552 0.924736 0.174465 0.927962 0.169203 0.926976 0.175152 0.924736 0.174465 0.927962 0.169203 0.924736 0.174465 0.922784 0.166612 0.926427 0.16453 0.927962 0.169203 0.922784 0.166612 0.926427 0.16453 0.922784 0.166612 0.924581 0.162124 0.922176 0.160278 0.924581 0.162124 0.922784 0.166612 0.919374 0.159118 0.922176 0.160278 0.922784 0.166612 0.919374 0.159118 0.922784 0.166612 0.914779 0.163025 0.919374 0.159118 0.914779 0.163025 0.916368 0.158722 0.910065 0.174844 0.918049 0.176636 0.915481 0.181606 0.915481 0.181606 0.918049 0.176636 0.921278 0.180501 0.921278 0.180501 0.918049 0.176636 0.924736 0.174465 0.922784 0.166612 0.924736 0.174465 0.918049 0.176636 0.898807 0.361419 0.897582 0.347315 0.900847 0.3473 0.898807 0.361419 0.900847 0.3473 0.901964 0.36144 0.901964 0.36144 0.900847 0.3473 0.903779 0.347315 0.901964 0.36144 0.903779 0.347315 0.903779 0.36144 0.812063 0.378389 0.812063 0.364265 0.814741 0.364228 0.812063 0.378389 0.814741 0.364228 0.814962 0.378383 0.814962 0.378383 0.814741 0.364228 0.819168 0.364284 0.814962 0.378383 0.819168 0.364284 0.81826 0.378389 0.81826 0.378389 0.819168 0.364284 0.821659 0.378383 0.821659 0.378383 0.819168 0.364284 0.822642 0.364265 0.821659 0.378383 0.822642 0.364265 0.824457 0.364265 0.821659 0.378383 0.824457 0.364265 0.824457 0.378389 0.891385 0.378389 0.891385 0.364265 0.894152 0.364251 0.891385 0.378389 0.894152 0.364251 0.894284 0.378383 0.894284 0.378383 0.894152 0.364251 0.897582 0.364265 0.894284 0.378383 0.897582 0.364265 0.897582 0.378389 0.897582 0.378389 0.897582 0.364265 0.89985 0.364265 0.897582 0.378389 0.89985 0.364265 0.89985 0.378389 0.89985 0.378389 0.89985 0.364265 0.901964 0.364265 0.89985 0.378389 0.901964 0.364265 0.901964 0.378389 0.901964 0.378389 0.901964 0.364265 0.903779 0.364265 0.901964 0.378389 0.903779 0.364265 0.903779 0.378389 0.719521 0.310592 0.719521 0.296468 0.722067 0.296457 0.719521 0.310592 0.722067 0.296457 0.72242 0.310586 0.72242 0.310586 0.722067 0.296457 0.726533 0.296457 0.72242 0.310586 0.726533 0.296457 0.725718 0.310592 0.725718 0.310592 0.726533 0.296457 0.729116 0.310586 0.729116 0.310586 0.726533 0.296457 0.73084 0.296452 0.729116 0.310586 0.73084 0.296452 0.731915 0.310592 0.891385 0.36144 0.891385 0.347315 0.8932 0.347315 0.891385 0.36144 0.8932 0.347315 0.894296 0.361487 0.894296 0.361487 0.8932 0.347315 0.895314 0.347315 0.894296 0.361487 0.895314 0.347315 0.897582 0.347315 0.894296 0.361487 0.897582 0.347315 0.898807 0.361419 0.78427 0.133947 0.790301 0.133263 0.787063 0.135103 0.790301 0.133263 0.794398 0.134722 0.796905 0.139429 0.790301 0.133263 0.796905 0.139429 0.787063 0.135103 0.794398 0.134722 0.796804 0.136569 0.796905 0.139429 0.796804 0.136569 0.799409 0.140436 0.796905 0.139429 0.799409 0.140436 0.800206 0.144782 0.796905 0.139429 0.800206 0.144782 0.799314 0.149359 0.795913 0.151429 0.800206 0.144782 0.795913 0.151429 0.796905 0.139429 0.799314 0.149359 0.796804 0.152996 0.795913 0.151429 0.796804 0.152996 0.792936 0.155601 0.795913 0.151429 0.792936 0.155601 0.78859 0.156399 0.786001 0.1556 0.792936 0.155601 0.786001 0.1556 0.795913 0.151429 0.786001 0.1556 0.782782 0.154842 0.781062 0.151113 0.782782 0.154842 0.780376 0.152996 0.781062 0.151113 0.780376 0.152996 0.777771 0.149129 0.781062 0.151113 0.777771 0.149129 0.776974 0.144782 0.781699 0.142459 0.777771 0.149129 0.781699 0.142459 0.781062 0.151113 0.776974 0.144782 0.777866 0.140206 0.781699 0.142459 0.777866 0.140206 0.780376 0.136569 0.781699 0.142459 0.780376 0.136569 0.78427 0.133947 0.787063 0.135103 0.780376 0.136569 0.787063 0.135103 0.781699 0.142459 0.787063 0.135103 0.796905 0.139429 0.781699 0.142459 0.796905 0.139429 0.795913 0.151429 0.781699 0.142459 0.795913 0.151429 0.786001 0.1556 0.781699 0.142459 0.786001 0.1556 0.781062 0.151113 0.781699 0.142459 0.865256 0.158722 0.863667 0.163025 0.860984 0.15949 0.860984 0.15949 0.863667 0.163025 0.857576 0.167459 0.860984 0.15949 0.857576 0.167459 0.857043 0.162124 0.854592 0.165612 0.857043 0.162124 0.857576 0.167459 0.854592 0.165612 0.857576 0.167459 0.853676 0.171555 0.853676 0.171555 0.857576 0.167459 0.858954 0.174844 0.855197 0.176146 0.853676 0.171555 0.858954 0.174844 0.855197 0.176146 0.858954 0.174844 0.857043 0.178552 0.857043 0.178552 0.858954 0.174844 0.860608 0.18103 0.860608 0.18103 0.858954 0.174844 0.864369 0.181606 0.868263 0.181558 0.864369 0.181606 0.870166 0.180501 0.870166 0.180501 0.873625 0.174465 0.87347 0.178552 0.875865 0.175152 0.87347 0.178552 0.873625 0.174465 0.876851 0.169203 0.875865 0.175152 0.873625 0.174465 0.876851 0.169203 0.873625 0.174465 0.871673 0.166612 0.874735 0.16358 0.876851 0.169203 0.871673 0.166612 0.871064 0.160278 0.874735 0.16358 0.871673 0.166612 0.868263 0.159118 0.871064 0.160278 0.871673 0.166612 0.868263 0.159118 0.871673 0.166612 0.863667 0.163025 0.868263 0.159118 0.863667 0.163025 0.865256 0.158722 0.858954 0.174844 0.866937 0.176636 0.864369 0.181606 0.864369 0.181606 0.866937 0.176636 0.870166 0.180501 0.870166 0.180501 0.866937 0.176636 0.873625 0.174465 0.871673 0.166612 0.873625 0.174465 0.866937 0.176636 0.806265 0.378368 0.80504 0.364265 0.808305 0.36425 0.806265 0.378368 0.808305 0.36425 0.809422 0.378389 0.809422 0.378389 0.808305 0.36425 0.811237 0.364265 0.809422 0.378389 0.811237 0.364265 0.811237 0.378389 0.917826 0.378389 0.917826 0.364265 0.920504 0.364228 0.917826 0.378389 0.920504 0.364228 0.920725 0.378383 0.920725 0.378383 0.920504 0.364228 0.92493 0.364284 0.920725 0.378383 0.92493 0.364284 0.924023 0.378389 0.924023 0.378389 0.92493 0.364284 0.927421 0.378383 0.927421 0.378383 0.92493 0.364284 0.928405 0.364265 0.927421 0.378383 0.928405 0.364265 0.93022 0.364265 0.927421 0.378383 0.93022 0.364265 0.93022 0.378389 0.812063 0.36144 0.812063 0.347315 0.81483 0.347301 0.812063 0.36144 0.81483 0.347301 0.814962 0.361434 0.814962 0.361434 0.81483 0.347301 0.81826 0.347315 0.814962 0.361434 0.81826 0.347315 0.81826 0.36144 0.81826 0.36144 0.81826 0.347315 0.820529 0.347315 0.81826 0.36144 0.820529 0.347315 0.821659 0.361434 0.821659 0.361434 0.820529 0.347315 0.822642 0.347315 0.821659 0.361434 0.822642 0.347315 0.824457 0.347315 0.821659 0.361434 0.824457 0.347315 0.824457 0.36144 0.904605 0.36144 0.904605 0.347315 0.907152 0.347304 0.904605 0.36144 0.907152 0.347304 0.907505 0.361434 0.907505 0.361434 0.907152 0.347304 0.911618 0.347304 0.907505 0.361434 0.911618 0.347304 0.911999 0.361434 0.911999 0.361434 0.911618 0.347304 0.915925 0.347299 0.911999 0.361434 0.915925 0.347299 0.915185 0.36144 0.915185 0.36144 0.915925 0.347299 0.917 0.36144 0.798843 0.378389 0.798843 0.364265 0.800658 0.364265 0.798843 0.378389 0.800658 0.364265 0.801754 0.378436 0.801754 0.378436 0.800658 0.364265 0.802772 0.364265 0.801754 0.378436 0.802772 0.364265 0.80504 0.364265 0.801754 0.378436 0.80504 0.364265 0.806265 0.378368 0.733159 0.210614 0.73919 0.20993 0.738453 0.211612 0.73919 0.20993 0.743287 0.211389 0.738453 0.211612 0.743287 0.211389 0.745693 0.213235 0.738453 0.211612 0.745693 0.213235 0.748298 0.217103 0.747343 0.222241 0.745693 0.213235 0.747343 0.222241 0.738453 0.211612 0.748298 0.217103 0.749095 0.221449 0.747343 0.222241 0.749095 0.221449 0.748203 0.226025 0.747343 0.222241 0.748203 0.226025 0.745693 0.229663 0.747343 0.222241 0.745693 0.229663 0.741825 0.232268 0.737957 0.231327 0.745693 0.229663 0.737957 0.231327 0.747343 0.222241 0.741825 0.232268 0.737479 0.233065 0.737957 0.231327 0.737479 0.233065 0.732903 0.232173 0.737957 0.231327 0.732903 0.232173 0.729265 0.229663 0.728568 0.225615 0.732903 0.232173 0.728568 0.225615 0.737957 0.231327 0.729265 0.229663 0.72666 0.225795 0.728568 0.225615 0.72666 0.225795 0.725936 0.219805 0.728568 0.225615 0.725936 0.219805 0.727955 0.215931 0.728568 0.225615 0.729265 0.213235 0.733159 0.210614 0.738453 0.211612 0.729265 0.213235 0.738453 0.211612 0.727955 0.215931 0.738453 0.211612 0.747343 0.222241 0.737479 0.221449 0.747343 0.222241 0.737957 0.231327 0.737479 0.221449 0.737957 0.231327 0.728568 0.225615 0.737479 0.221449 0.728568 0.225615 0.727955 0.215931 0.737479 0.221449 0.727955 0.215931 0.738453 0.211612 0.737479 0.221449 0.890812 0.133166 0.889223 0.13747 0.88654 0.133934 0.88654 0.133934 0.889223 0.13747 0.883131 0.141903 0.88654 0.133934 0.883131 0.141903 0.882598 0.136569 0.880147 0.140057 0.882598 0.136569 0.883131 0.141903 0.880147 0.140057 0.883131 0.141903 0.879232 0.145998 0.879232 0.145998 0.883131 0.141903 0.88451 0.149289 0.880752 0.150591 0.879232 0.145998 0.88451 0.149289 0.880752 0.150591 0.88451 0.149289 0.882598 0.152996 0.882598 0.152996 0.88451 0.149289 0.886164 0.155474 0.886164 0.155474 0.88451 0.149289 0.889925 0.15605 0.893818 0.156003 0.889925 0.15605 0.895722 0.154946 0.895722 0.154946 0.89918 0.148909 0.899026 0.152996 0.901421 0.149597 0.899026 0.152996 0.89918 0.148909 0.902406 0.143648 0.901421 0.149597 0.89918 0.148909 0.902406 0.143648 0.89918 0.148909 0.897229 0.141057 0.900291 0.138024 0.902406 0.143648 0.897229 0.141057 0.89662 0.134722 0.900291 0.138024 0.897229 0.141057 0.893818 0.133562 0.89662 0.134722 0.897229 0.141057 0.893818 0.133562 0.897229 0.141057 0.889223 0.13747 0.893818 0.133562 0.889223 0.13747 0.890812 0.133166 0.88451 0.149289 0.892493 0.151081 0.889925 0.15605 0.889925 0.15605 0.892493 0.151081 0.895722 0.154946 0.895722 0.154946 0.892493 0.151081 0.89918 0.148909 0.897229 0.141057 0.89918 0.148909 0.892493 0.151081 0.938468 0.34447 0.937243 0.330366 0.940508 0.330351 0.938468 0.34447 0.940508 0.330351 0.941625 0.344491 0.941625 0.344491 0.940508 0.330351 0.94344 0.330366 0.941625 0.344491 0.94344 0.330366 0.94344 0.344491 0.957487 0.344491 0.957487 0.330366 0.960165 0.330329 0.957487 0.344491 0.960165 0.330329 0.960386 0.344485 0.960386 0.344485 0.960165 0.330329 0.964591 0.330385 0.960386 0.344485 0.964591 0.330385 0.963684 0.344491 0.963684 0.344491 0.964591 0.330385 0.967082 0.344485 0.967082 0.344485 0.964591 0.330385 0.968066 0.330366 0.967082 0.344485 0.968066 0.330366 0.969881 0.330366 0.967082 0.344485 0.969881 0.330366 0.969881 0.344491 0.904605 0.378389 0.904605 0.364265 0.907372 0.364251 0.904605 0.378389 0.907372 0.364251 0.907505 0.378383 0.907505 0.378383 0.907372 0.364251 0.910803 0.364265 0.907505 0.378383 0.910803 0.364265 0.910803 0.378389 0.910803 0.378389 0.910803 0.364265 0.913071 0.364265 0.910803 0.378389 0.913071 0.364265 0.914201 0.378383 0.914201 0.378383 0.913071 0.364265 0.915185 0.364265 0.914201 0.378383 0.915185 0.364265 0.917 0.364265 0.914201 0.378383 0.917 0.364265 0.917 0.378389 0.838504 0.378389 0.838504 0.364265 0.84105 0.364254 0.838504 0.378389 0.84105 0.364254 0.841403 0.378383 0.841403 0.378383 0.84105 0.364254 0.845516 0.364254 0.841403 0.378383 0.845516 0.364254 0.844701 0.378389 0.844701 0.378389 0.845516 0.364254 0.848099 0.378383 0.848099 0.378383 0.845516 0.364254 0.849083 0.364265 0.848099 0.378383 0.849083 0.364265 0.850898 0.364265 0.848099 0.378383 0.850898 0.364265 0.850898 0.378389 0.931046 0.344491 0.931046 0.330366 0.932861 0.330366 0.931046 0.344491 0.932861 0.330366 0.932861 0.344491 0.932861 0.344491 0.932861 0.330366 0.934975 0.330366 0.932861 0.344491 0.934975 0.330366 0.934975 0.344491 0.934975 0.344491 0.934975 0.330366 0.937243 0.330366 0.934975 0.344491 0.937243 0.330366 0.938468 0.34447 0.760028 0.210229 0.764746 0.20993 0.766388 0.212203 0.760028 0.210229 0.766388 0.212203 0.757365 0.212005 0.764746 0.20993 0.768842 0.211389 0.766388 0.212203 0.768842 0.211389 0.771248 0.213235 0.766388 0.212203 0.771248 0.213235 0.773853 0.217103 0.770159 0.220064 0.771248 0.213235 0.770159 0.220064 0.766388 0.212203 0.773853 0.217103 0.77465 0.221449 0.770159 0.220064 0.77465 0.221449 0.773758 0.226025 0.770159 0.220064 0.773758 0.226025 0.769365 0.228977 0.770159 0.220064 0.773758 0.226025 0.771248 0.229663 0.769365 0.228977 0.771248 0.229663 0.76738 0.232268 0.769365 0.228977 0.76738 0.232268 0.763034 0.233065 0.758509 0.230243 0.76738 0.232268 0.758509 0.230243 0.769365 0.228977 0.763034 0.233065 0.758458 0.232173 0.758509 0.230243 0.758458 0.232173 0.75482 0.229663 0.758509 0.230243 0.75482 0.229663 0.752215 0.225795 0.758509 0.230243 0.752215 0.225795 0.753234 0.220602 0.758509 0.230243 0.752215 0.225795 0.751418 0.221449 0.753234 0.220602 0.751418 0.221449 0.75231 0.216873 0.753234 0.220602 0.75231 0.216873 0.75482 0.213235 0.757365 0.212005 0.75231 0.216873 0.757365 0.212005 0.753234 0.220602 0.757365 0.212005 0.766388 0.212203 0.770159 0.220064 0.769365 0.228977 0.758509 0.230243 0.770159 0.220064 0.758509 0.230243 0.753234 0.220602 0.770159 0.220064 0.753234 0.220602 0.757365 0.212005 0.770159 0.220064 0.737479 0.158722 0.73589 0.163025 0.733206 0.15949 0.733206 0.15949 0.73589 0.163025 0.729798 0.167459 0.733206 0.15949 0.729798 0.167459 0.729265 0.162124 0.726814 0.165612 0.729265 0.162124 0.729798 0.167459 0.726814 0.165612 0.729798 0.167459 0.725899 0.171555 0.725899 0.171555 0.729798 0.167459 0.731176 0.174844 0.727419 0.176146 0.725899 0.171555 0.731176 0.174844 0.727419 0.176146 0.731176 0.174844 0.729265 0.178552 0.729265 0.178552 0.731176 0.174844 0.73283 0.18103 0.73283 0.18103 0.731176 0.174844 0.736592 0.181606 0.740485 0.181558 0.736592 0.181606 0.742388 0.180501 0.742388 0.180501 0.745847 0.174465 0.745693 0.178552 0.748088 0.175152 0.745693 0.178552 0.745847 0.174465 0.749073 0.169203 0.748088 0.175152 0.745847 0.174465 0.749073 0.169203 0.745847 0.174465 0.743895 0.166612 0.747539 0.16453 0.749073 0.169203 0.743895 0.166612 0.747539 0.16453 0.743895 0.166612 0.745693 0.162124 0.743287 0.160278 0.745693 0.162124 0.743895 0.166612 0.740485 0.159118 0.743287 0.160278 0.743895 0.166612 0.740485 0.159118 0.743895 0.166612 0.73589 0.163025 0.740485 0.159118 0.73589 0.163025 0.737479 0.158722 0.731176 0.174844 0.73916 0.176636 0.736592 0.181606 0.736592 0.181606 0.73916 0.176636 0.742388 0.180501 0.742388 0.180501 0.73916 0.176636 0.745847 0.174465 0.743895 0.166612 0.745847 0.174465 0.73916 0.176636 0.793045 0.310571 0.79182 0.296468 0.795085 0.296453 0.793045 0.310571 0.795085 0.296453 0.796202 0.310592 0.796202 0.310592 0.795085 0.296453 0.798017 0.296468 0.796202 0.310592 0.798017 0.296468 0.798017 0.310592 0.944267 0.344491 0.944267 0.330366 0.946945 0.330329 0.944267 0.344491 0.946945 0.330329 0.947166 0.344485 0.947166 0.344485 0.946945 0.330329 0.951371 0.330385 0.947166 0.344485 0.951371 0.330385 0.950464 0.344491 0.950464 0.344491 0.951371 0.330385 0.953862 0.344485 0.953862 0.344485 0.951371 0.330385 0.954845 0.330366 0.953862 0.344485 0.954845 0.330366 0.956661 0.330366 0.953862 0.344485 0.956661 0.330366 0.956661 0.344491 0.732741 0.310592 0.732741 0.296468 0.735508 0.296454 0.732741 0.310592 0.735508 0.296454 0.73564 0.310586 0.73564 0.310586 0.735508 0.296454 0.738938 0.296468 0.73564 0.310586 0.738938 0.296468 0.738938 0.310592 0.738938 0.310592 0.738938 0.296468 0.741206 0.296468 0.738938 0.310592 0.741206 0.296468 0.742336 0.310586 0.742336 0.310586 0.741206 0.296468 0.74332 0.296468 0.742336 0.310586 0.74332 0.296468 0.745135 0.296468 0.742336 0.310586 0.745135 0.296468 0.745135 0.310592 0.864945 0.378389 0.864945 0.364265 0.867491 0.364254 0.864945 0.378389 0.867491 0.364254 0.86676 0.378389 0.86676 0.378389 0.867491 0.364254 0.870053 0.378383 0.870053 0.378383 0.867491 0.364254 0.871956 0.364254 0.870053 0.378383 0.871956 0.364254 0.87454 0.378383 0.87454 0.378383 0.871956 0.364254 0.875524 0.364265 0.87454 0.378383 0.875524 0.364265 0.877339 0.364265 0.87454 0.378383 0.877339 0.364265 0.877339 0.378389 0.785623 0.310592 0.785623 0.296468 0.787438 0.296468 0.785623 0.310592 0.787438 0.296468 0.788534 0.310639 0.788534 0.310639 0.787438 0.296468 0.789551 0.296468 0.788534 0.310639 0.789551 0.296468 0.79182 0.296468 0.788534 0.310639 0.79182 0.296468 0.793045 0.310571 0.937603 0.185058 0.943635 0.184374 0.940396 0.186214 0.943635 0.184374 0.947731 0.185834 0.94746 0.191174 0.943635 0.184374 0.94746 0.191174 0.940396 0.186214 0.947731 0.185834 0.950137 0.18768 0.94746 0.191174 0.950137 0.18768 0.952742 0.191547 0.94746 0.191174 0.952742 0.191547 0.953539 0.195894 0.950717 0.200419 0.952742 0.191547 0.950717 0.200419 0.94746 0.191174 0.953539 0.195894 0.952647 0.20047 0.950717 0.200419 0.952647 0.20047 0.950137 0.204107 0.950717 0.200419 0.950137 0.204107 0.946269 0.206713 0.950717 0.200419 0.946269 0.206713 0.941076 0.205694 0.950717 0.200419 0.946269 0.206713 0.941923 0.20751 0.941076 0.205694 0.941923 0.20751 0.937347 0.206618 0.941076 0.205694 0.937347 0.206618 0.933709 0.204107 0.932383 0.201383 0.937347 0.206618 0.932383 0.201383 0.941076 0.205694 0.930348 0.197292 0.932676 0.192539 0.932383 0.201383 0.930348 0.197292 0.931199 0.191317 0.932676 0.192539 0.931199 0.191317 0.933709 0.18768 0.932676 0.192539 0.933709 0.18768 0.937603 0.185058 0.940396 0.186214 0.933709 0.18768 0.940396 0.186214 0.932676 0.192539 0.950717 0.200419 0.941076 0.205694 0.94746 0.191174 0.941076 0.205694 0.932383 0.201383 0.94746 0.191174 0.932383 0.201383 0.932676 0.192539 0.94746 0.191174 0.932676 0.192539 0.940396 0.186214 0.94746 0.191174 0.916368 0.107611 0.914779 0.111914 0.912095 0.108379 0.912095 0.108379 0.914779 0.111914 0.908687 0.116348 0.912095 0.108379 0.908687 0.116348 0.908154 0.111013 0.905703 0.114501 0.908154 0.111013 0.908687 0.116348 0.905703 0.114501 0.908687 0.116348 0.904787 0.120443 0.904787 0.120443 0.908687 0.116348 0.910065 0.123733 0.906308 0.125035 0.904787 0.120443 0.910065 0.123733 0.906308 0.125035 0.910065 0.123733 0.908154 0.127441 0.908154 0.127441 0.910065 0.123733 0.911719 0.129919 0.911719 0.129919 0.910065 0.123733 0.915481 0.130495 0.919374 0.130447 0.915481 0.130495 0.921278 0.12939 0.921278 0.12939 0.924736 0.123354 0.924581 0.127441 0.926976 0.124041 0.924581 0.127441 0.924736 0.123354 0.927962 0.118092 0.926976 0.124041 0.924736 0.123354 0.927962 0.118092 0.924736 0.123354 0.922784 0.115501 0.926427 0.113419 0.927962 0.118092 0.922784 0.115501 0.926427 0.113419 0.922784 0.115501 0.924581 0.111013 0.922176 0.109167 0.924581 0.111013 0.922784 0.115501 0.919374 0.108006 0.922176 0.109167 0.922784 0.115501 0.919374 0.108006 0.922784 0.115501 0.914779 0.111914 0.919374 0.108006 0.914779 0.111914 0.916368 0.107611 0.910065 0.123733 0.918049 0.125525 0.915481 0.130495 0.915481 0.130495 0.918049 0.125525 0.921278 0.12939 0.921278 0.12939 0.918049 0.125525 0.924736 0.123354 0.922784 0.115501 0.924736 0.123354 0.918049 0.125525 0.753384 0.378368 0.752159 0.364265 0.755424 0.36425 0.753384 0.378368 0.755424 0.36425 0.756541 0.378389 0.756541 0.378389 0.755424 0.36425 0.758356 0.364265 0.756541 0.378389 0.758356 0.364265 0.758356 0.378389 0.917826 0.36144 0.917826 0.347315 0.920504 0.347278 0.917826 0.36144 0.920504 0.347278 0.920725 0.361434 0.920725 0.361434 0.920504 0.347278 0.92493 0.347334 0.920725 0.361434 0.92493 0.347334 0.924023 0.36144 0.924023 0.36144 0.92493 0.347334 0.927421 0.361434 0.927421 0.361434 0.92493 0.347334 0.928405 0.347315 0.927421 0.361434 0.928405 0.347315 0.93022 0.347315 0.927421 0.361434 0.93022 0.347315 0.93022 0.36144 0.931046 0.36144 0.931046 0.347315 0.933813 0.347301 0.931046 0.36144 0.933813 0.347301 0.933945 0.361434 0.933945 0.361434 0.933813 0.347301 0.937243 0.347315 0.933945 0.361434 0.937243 0.347315 0.938439 0.361434 0.938439 0.361434 0.937243 0.347315 0.939512 0.347315 0.938439 0.361434 0.939512 0.347315 0.941625 0.347315 0.938439 0.361434 0.941625 0.347315 0.941625 0.36144 0.941625 0.36144 0.941625 0.347315 0.94344 0.347315 0.941625 0.36144 0.94344 0.347315 0.94344 0.36144 0.851724 0.36144 0.851724 0.347315 0.85427 0.347304 0.851724 0.36144 0.85427 0.347304 0.854623 0.361434 0.854623 0.361434 0.85427 0.347304 0.858736 0.347304 0.854623 0.361434 0.858736 0.347304 0.857921 0.36144 0.857921 0.36144 0.858736 0.347304 0.861319 0.361434 0.861319 0.361434 0.858736 0.347304 0.862303 0.347315 0.861319 0.361434 0.862303 0.347315 0.864118 0.347315 0.861319 0.361434 0.864118 0.347315 0.864118 0.36144 0.745961 0.378389 0.745961 0.364265 0.747777 0.364265 0.745961 0.378389 0.747777 0.364265 0.748873 0.378436 0.748873 0.378436 0.747777 0.364265 0.74989 0.364265 0.748873 0.378436 0.74989 0.364265 0.752159 0.364265 0.748873 0.378436 0.752159 0.364265 0.753384 0.378368 0.860936 0.185058 0.866968 0.184374 0.869781 0.187099 0.860936 0.185058 0.869781 0.187099 0.858915 0.188328 0.866968 0.184374 0.871064 0.185834 0.869781 0.187099 0.871064 0.185834 0.87347 0.18768 0.869781 0.187099 0.87347 0.18768 0.876075 0.191547 0.869781 0.187099 0.876075 0.191547 0.875057 0.196741 0.869781 0.187099 0.876075 0.191547 0.876873 0.195894 0.875057 0.196741 0.876873 0.195894 0.87598 0.20047 0.875057 0.196741 0.87598 0.20047 0.87347 0.204107 0.869423 0.204804 0.87598 0.20047 0.869423 0.204804 0.875057 0.196741 0.87347 0.204107 0.869602 0.206713 0.869423 0.204804 0.869602 0.206713 0.863612 0.207437 0.869423 0.204804 0.863612 0.207437 0.859738 0.205418 0.869423 0.204804 0.857043 0.204107 0.854438 0.20024 0.858132 0.197248 0.857043 0.204107 0.858132 0.197248 0.859738 0.205418 0.854438 0.20024 0.85364 0.195894 0.858132 0.197248 0.85364 0.195894 0.854533 0.191317 0.858132 0.197248 0.854533 0.191317 0.858915 0.188328 0.858132 0.197248 0.854533 0.191317 0.857043 0.18768 0.858915 0.188328 0.857043 0.18768 0.860936 0.185058 0.858915 0.188328 0.858915 0.188328 0.869781 0.187099 0.858132 0.197248 0.869781 0.187099 0.875057 0.196741 0.858132 0.197248 0.875057 0.196741 0.869423 0.204804 0.858132 0.197248 0.869423 0.204804 0.859738 0.205418 0.858132 0.197248 0.890812 0.158722 0.889223 0.163025 0.88654 0.15949 0.88654 0.15949 0.889223 0.163025 0.883131 0.167459 0.88654 0.15949 0.883131 0.167459 0.882598 0.162124 0.880147 0.165612 0.882598 0.162124 0.883131 0.167459 0.880147 0.165612 0.883131 0.167459 0.879232 0.171555 0.879232 0.171555 0.883131 0.167459 0.88451 0.174844 0.880752 0.176146 0.879232 0.171555 0.88451 0.174844 0.880752 0.176146 0.88451 0.174844 0.882598 0.178552 0.882598 0.178552 0.88451 0.174844 0.886164 0.18103 0.886164 0.18103 0.88451 0.174844 0.889925 0.181606 0.893818 0.181558 0.889925 0.181606 0.895722 0.180501 0.895722 0.180501 0.89918 0.174465 0.899026 0.178552 0.901421 0.175152 0.899026 0.178552 0.89918 0.174465 0.902406 0.169203 0.901421 0.175152 0.89918 0.174465 0.902406 0.169203 0.89918 0.174465 0.897229 0.166612 0.900872 0.16453 0.902406 0.169203 0.897229 0.166612 0.900872 0.16453 0.897229 0.166612 0.899026 0.162124 0.89662 0.160278 0.899026 0.162124 0.897229 0.166612 0.893818 0.159118 0.89662 0.160278 0.897229 0.166612 0.893818 0.159118 0.897229 0.166612 0.889223 0.163025 0.893818 0.159118 0.889223 0.163025 0.890812 0.158722 0.88451 0.174844 0.892493 0.176636 0.889925 0.181606 0.889925 0.181606 0.892493 0.176636 0.895722 0.180501 0.895722 0.180501 0.892493 0.176636 0.89918 0.174465 0.897229 0.166612 0.89918 0.174465 0.892493 0.176636 0.738938 0.36144 0.738938 0.347315 0.742203 0.3473 0.738938 0.36144 0.742203 0.3473 0.741206 0.36144 0.741206 0.36144 0.742203 0.3473 0.74332 0.36144 0.74332 0.36144 0.742203 0.3473 0.745135 0.347315 0.74332 0.36144 0.745135 0.347315 0.745135 0.36144 0.759182 0.36144 0.759182 0.347315 0.76186 0.347278 0.759182 0.36144 0.76186 0.347278 0.762081 0.361434 0.762081 0.361434 0.76186 0.347278 0.766286 0.347334 0.762081 0.361434 0.766286 0.347334 0.766575 0.361434 0.766575 0.361434 0.766286 0.347334 0.769761 0.347315 0.766575 0.361434 0.769761 0.347315 0.769761 0.36144 0.769761 0.36144 0.769761 0.347315 0.771576 0.347315 0.769761 0.36144 0.771576 0.347315 0.771576 0.36144 0.878165 0.378389 0.878165 0.364265 0.880932 0.364251 0.878165 0.378389 0.880932 0.364251 0.881064 0.378383 0.881064 0.378383 0.880932 0.364251 0.884362 0.364265 0.881064 0.378383 0.884362 0.364265 0.884362 0.378389 0.884362 0.378389 0.884362 0.364265 0.88663 0.364265 0.884362 0.378389 0.88663 0.364265 0.88776 0.378383 0.88776 0.378383 0.88663 0.364265 0.888744 0.364265 0.88776 0.378383 0.888744 0.364265 0.890559 0.364265 0.88776 0.378383 0.890559 0.364265 0.890559 0.378389 0.825284 0.293643 0.825284 0.279519 0.82783 0.279508 0.825284 0.293643 0.82783 0.279508 0.828183 0.293637 0.828183 0.293637 0.82783 0.279508 0.832296 0.279508 0.828183 0.293637 0.832296 0.279508 0.831481 0.293643 0.831481 0.293643 0.832296 0.279508 0.834879 0.293637 0.834879 0.293637 0.832296 0.279508 0.836603 0.279503 0.834879 0.293637 0.836603 0.279503 0.837678 0.293643 0.732741 0.36144 0.732741 0.347315 0.734556 0.347315 0.732741 0.36144 0.734556 0.347315 0.735652 0.361487 0.735652 0.361487 0.734556 0.347315 0.73667 0.347315 0.735652 0.361487 0.73667 0.347315 0.738938 0.347315 0.735652 0.361487 0.738938 0.347315 0.738938 0.36144 0.835381 0.185058 0.839701 0.184277 0.842566 0.185266 0.835381 0.185058 0.842566 0.185266 0.83336 0.188328 0.845509 0.185834 0.847915 0.18768 0.846253 0.192745 0.845509 0.185834 0.846253 0.192745 0.842566 0.185266 0.847915 0.18768 0.85052 0.191547 0.846253 0.192745 0.85052 0.191547 0.851243 0.197538 0.846253 0.192745 0.851243 0.197538 0.849225 0.201412 0.846253 0.192745 0.847915 0.204107 0.844047 0.206713 0.841419 0.205579 0.847915 0.204107 0.841419 0.205579 0.849225 0.201412 0.844047 0.206713 0.839701 0.20751 0.841419 0.205579 0.839701 0.20751 0.835125 0.206618 0.841419 0.205579 0.835125 0.206618 0.830762 0.20014 0.841419 0.205579 0.835125 0.206618 0.831487 0.204107 0.830762 0.20014 0.831487 0.204107 0.828882 0.20024 0.830762 0.20014 0.828882 0.20024 0.828085 0.195894 0.830762 0.20014 0.828085 0.195894 0.828977 0.191317 0.830762 0.20014 0.828977 0.191317 0.83336 0.188328 0.830762 0.20014 0.828977 0.191317 0.831487 0.18768 0.83336 0.188328 0.831487 0.18768 0.835381 0.185058 0.83336 0.188328 0.83336 0.188328 0.842566 0.185266 0.846253 0.192745 0.849225 0.201412 0.841419 0.205579 0.846253 0.192745 0.841419 0.205579 0.830762 0.20014 0.846253 0.192745 0.830762 0.20014 0.83336 0.188328 0.846253 0.192745 0.865256 0.133166 0.863667 0.13747 0.860984 0.133934 0.860984 0.133934 0.863667 0.13747 0.857576 0.141903 0.860984 0.133934 0.857576 0.141903 0.857043 0.136569 0.854592 0.140057 0.857043 0.136569 0.857576 0.141903 0.854592 0.140057 0.857576 0.141903 0.853676 0.145998 0.853676 0.145998 0.857576 0.141903 0.858954 0.149289 0.855197 0.150591 0.853676 0.145998 0.858954 0.149289 0.855197 0.150591 0.858954 0.149289 0.857043 0.152996 0.857043 0.152996 0.858954 0.149289 0.860608 0.155474 0.860608 0.155474 0.858954 0.149289 0.864369 0.15605 0.868263 0.156003 0.864369 0.15605 0.870166 0.154946 0.870166 0.154946 0.873625 0.148909 0.87347 0.152996 0.875865 0.149597 0.87347 0.152996 0.873625 0.148909 0.876851 0.143648 0.875865 0.149597 0.873625 0.148909 0.876851 0.143648 0.873625 0.148909 0.871673 0.141057 0.874735 0.138024 0.876851 0.143648 0.871673 0.141057 0.871064 0.134722 0.874735 0.138024 0.871673 0.141057 0.868263 0.133562 0.871064 0.134722 0.871673 0.141057 0.868263 0.133562 0.871673 0.141057 0.863667 0.13747 0.868263 0.133562 0.863667 0.13747 0.865256 0.133166 0.858954 0.149289 0.866937 0.151081 0.864369 0.15605 0.864369 0.15605 0.866937 0.151081 0.870166 0.154946 0.870166 0.154946 0.866937 0.151081 0.873625 0.148909 0.871673 0.141057 0.873625 0.148909 0.866937 0.151081 0.898807 0.32752 0.897582 0.313417 0.900847 0.313402 0.898807 0.32752 0.900847 0.313402 0.901964 0.327541 0.901964 0.327541 0.900847 0.313402 0.903779 0.313417 0.901964 0.327541 0.903779 0.313417 0.903779 0.327541 0.864945 0.344491 0.864945 0.330366 0.867623 0.330329 0.864945 0.344491 0.867623 0.330329 0.867844 0.344485 0.867844 0.344485 0.867623 0.330329 0.872049 0.330385 0.867844 0.344485 0.872049 0.330385 0.871141 0.344491 0.871141 0.344491 0.872049 0.330385 0.87454 0.344485 0.87454 0.344485 0.872049 0.330385 0.875524 0.330366 0.87454 0.344485 0.875524 0.330366 0.877339 0.330366 0.87454 0.344485 0.877339 0.330366 0.877339 0.344491 0.851724 0.344491 0.851724 0.330366 0.854491 0.330352 0.851724 0.344491 0.854491 0.330352 0.853539 0.344491 0.853539 0.344491 0.854491 0.330352 0.856833 0.344485 0.856833 0.344485 0.854491 0.330352 0.857921 0.330366 0.856833 0.344485 0.857921 0.330366 0.860189 0.330366 0.856833 0.344485 0.860189 0.330366 0.861319 0.344485 0.861319 0.344485 0.860189 0.330366 0.862303 0.330366 0.861319 0.344485 0.862303 0.330366 0.864118 0.330366 0.861319 0.344485 0.864118 0.330366 0.864118 0.344491 0.891385 0.310592 0.891385 0.296468 0.893931 0.296457 0.891385 0.310592 0.893931 0.296457 0.8932 0.310592 0.8932 0.310592 0.893931 0.296457 0.895314 0.310592 0.895314 0.310592 0.893931 0.296457 0.898397 0.296457 0.895314 0.310592 0.898397 0.296457 0.897582 0.310592 0.897582 0.310592 0.898397 0.296457 0.90098 0.310586 0.90098 0.310586 0.898397 0.296457 0.901964 0.296468 0.90098 0.310586 0.901964 0.296468 0.903779 0.296468 0.90098 0.310586 0.903779 0.296468 0.903779 0.310592 0.891385 0.327541 0.891385 0.313417 0.8932 0.313417 0.891385 0.327541 0.8932 0.313417 0.894296 0.327588 0.894296 0.327588 0.8932 0.313417 0.895314 0.313417 0.894296 0.327588 0.895314 0.313417 0.897582 0.313417 0.894296 0.327588 0.897582 0.313417 0.898807 0.32752 0.886492 0.185058 0.892523 0.184374 0.889285 0.186214 0.892523 0.184374 0.89662 0.185834 0.897451 0.188727 0.892523 0.184374 0.897451 0.188727 0.889285 0.186214 0.89662 0.185834 0.899026 0.18768 0.897451 0.188727 0.899026 0.18768 0.901631 0.191547 0.897451 0.188727 0.901631 0.191547 0.898039 0.196357 0.897451 0.188727 0.901631 0.191547 0.902428 0.195894 0.898039 0.196357 0.902428 0.195894 0.901536 0.20047 0.898039 0.196357 0.901536 0.20047 0.899026 0.204107 0.896301 0.205434 0.901536 0.20047 0.896301 0.205434 0.898039 0.196357 0.89221 0.207469 0.887458 0.205141 0.896301 0.205434 0.89221 0.207469 0.886236 0.206618 0.887458 0.205141 0.886236 0.206618 0.882598 0.204107 0.887458 0.205141 0.882598 0.204107 0.880752 0.201702 0.880149 0.199061 0.882598 0.204107 0.880149 0.199061 0.887458 0.205141 0.880149 0.199061 0.879196 0.195894 0.881565 0.192539 0.879196 0.195894 0.880088 0.191317 0.881565 0.192539 0.880088 0.191317 0.882598 0.18768 0.881565 0.192539 0.882598 0.18768 0.886492 0.185058 0.889285 0.186214 0.882598 0.18768 0.889285 0.186214 0.881565 0.192539 0.889285 0.186214 0.897451 0.188727 0.898039 0.196357 0.896301 0.205434 0.887458 0.205141 0.898039 0.196357 0.887458 0.205141 0.880149 0.199061 0.898039 0.196357 0.880149 0.199061 0.881565 0.192539 0.898039 0.196357 0.881565 0.192539 0.889285 0.186214 0.898039 0.196357 0.78859 0.158722 0.787001 0.163025 0.784317 0.15949 0.784317 0.15949 0.787001 0.163025 0.780909 0.167459 0.784317 0.15949 0.780909 0.167459 0.780376 0.162124 0.777925 0.165612 0.780376 0.162124 0.780909 0.167459 0.777925 0.165612 0.780909 0.167459 0.77701 0.171555 0.77701 0.171555 0.780909 0.167459 0.782288 0.174844 0.77853 0.176146 0.77701 0.171555 0.782288 0.174844 0.77853 0.176146 0.782288 0.174844 0.780376 0.178552 0.780376 0.178552 0.782288 0.174844 0.783941 0.18103 0.783941 0.18103 0.782288 0.174844 0.787703 0.181606 0.791596 0.181558 0.787703 0.181606 0.793499 0.180501 0.793499 0.180501 0.792019 0.176758 0.796804 0.178552 0.799199 0.175152 0.796804 0.178552 0.792019 0.176758 0.799199 0.175152 0.792019 0.176758 0.796263 0.170113 0.800184 0.169203 0.799199 0.175152 0.796263 0.170113 0.79865 0.16453 0.800184 0.169203 0.796263 0.170113 0.79865 0.16453 0.796263 0.170113 0.793897 0.164804 0.79865 0.16453 0.793897 0.164804 0.796804 0.162124 0.794398 0.160278 0.796804 0.162124 0.793897 0.164804 0.791596 0.159118 0.794398 0.160278 0.793897 0.164804 0.791596 0.159118 0.793897 0.164804 0.787001 0.163025 0.791596 0.159118 0.787001 0.163025 0.78859 0.158722 0.782288 0.174844 0.792019 0.176758 0.787703 0.181606 0.787703 0.181606 0.792019 0.176758 0.793499 0.180501 0.766604 0.32752 0.765379 0.313417 0.768644 0.313402 0.766604 0.32752 0.768644 0.313402 0.769761 0.327541 0.769761 0.327541 0.768644 0.313402 0.771576 0.313417 0.769761 0.327541 0.771576 0.313417 0.771576 0.327541 0.944267 0.310592 0.944267 0.296468 0.946945 0.296431 0.944267 0.310592 0.946945 0.296431 0.947166 0.310586 0.947166 0.310586 0.946945 0.296431 0.951371 0.296487 0.947166 0.310586 0.951371 0.296487 0.950464 0.310592 0.950464 0.310592 0.951371 0.296487 0.953862 0.310586 0.953862 0.310586 0.951371 0.296487 0.954845 0.296468 0.953862 0.310586 0.954845 0.296468 0.956661 0.296468 0.953862 0.310586 0.956661 0.296468 0.956661 0.310592 0.732741 0.327541 0.732741 0.313417 0.735508 0.313403 0.732741 0.327541 0.735508 0.313403 0.73564 0.327535 0.73564 0.327535 0.735508 0.313403 0.738938 0.313417 0.73564 0.327535 0.738938 0.313417 0.738938 0.327541 0.738938 0.327541 0.738938 0.313417 0.741206 0.313417 0.738938 0.327541 0.741206 0.313417 0.742336 0.327535 0.742336 0.327535 0.741206 0.313417 0.74332 0.313417 0.742336 0.327535 0.74332 0.313417 0.745135 0.313417 0.742336 0.327535 0.745135 0.313417 0.745135 0.327541 0.745961 0.310592 0.745961 0.296468 0.748508 0.296457 0.745961 0.310592 0.748508 0.296457 0.747777 0.310592 0.747777 0.310592 0.748508 0.296457 0.751071 0.310586 0.751071 0.310586 0.748508 0.296457 0.752974 0.296457 0.751071 0.310586 0.752974 0.296457 0.755557 0.310586 0.755557 0.310586 0.752974 0.296457 0.756541 0.296468 0.755557 0.310586 0.756541 0.296468 0.758356 0.296468 0.755557 0.310586 0.758356 0.296468 0.758356 0.310592 0.759182 0.327541 0.759182 0.313417 0.760997 0.313417 0.759182 0.327541 0.760997 0.313417 0.762093 0.327588 0.762093 0.327588 0.760997 0.313417 0.763111 0.313417 0.762093 0.327588 0.763111 0.313417 0.765379 0.313417 0.762093 0.327588 0.765379 0.313417 0.766604 0.32752 0.937603 0.133947 0.943635 0.133263 0.940396 0.135103 0.943635 0.133263 0.947731 0.134722 0.950238 0.139429 0.943635 0.133263 0.950238 0.139429 0.940396 0.135103 0.947731 0.134722 0.950137 0.136569 0.950238 0.139429 0.950137 0.136569 0.952742 0.140436 0.950238 0.139429 0.952742 0.140436 0.953539 0.144782 0.950238 0.139429 0.953539 0.144782 0.952647 0.149359 0.949987 0.150416 0.953539 0.144782 0.949987 0.150416 0.950238 0.139429 0.952647 0.149359 0.950137 0.152996 0.949987 0.150416 0.950137 0.152996 0.946269 0.155601 0.949987 0.150416 0.946269 0.155601 0.941076 0.154583 0.949987 0.150416 0.946269 0.155601 0.941923 0.156399 0.941076 0.154583 0.941923 0.156399 0.937347 0.155506 0.941076 0.154583 0.937347 0.155506 0.933709 0.152996 0.932383 0.150272 0.937347 0.155506 0.932383 0.150272 0.941076 0.154583 0.930348 0.146181 0.932676 0.141427 0.932383 0.150272 0.930348 0.146181 0.931199 0.140206 0.932676 0.141427 0.931199 0.140206 0.933709 0.136569 0.932676 0.141427 0.933709 0.136569 0.937603 0.133947 0.940396 0.135103 0.933709 0.136569 0.940396 0.135103 0.932676 0.141427 0.940396 0.135103 0.950238 0.139429 0.941923 0.144782 0.950238 0.139429 0.949987 0.150416 0.941923 0.144782 0.949987 0.150416 0.941076 0.154583 0.941923 0.144782 0.941076 0.154583 0.932383 0.150272 0.941923 0.144782 0.932383 0.150272 0.932676 0.141427 0.941923 0.144782 0.932676 0.141427 0.940396 0.135103 0.941923 0.144782 0.763034 0.158722 0.761445 0.163025 0.758762 0.15949 0.758762 0.15949 0.761445 0.163025 0.755354 0.167459 0.758762 0.15949 0.755354 0.167459 0.75482 0.162124 0.75237 0.165612 0.75482 0.162124 0.755354 0.167459 0.75237 0.165612 0.755354 0.167459 0.751454 0.171555 0.751454 0.171555 0.755354 0.167459 0.756732 0.174844 0.752974 0.176146 0.751454 0.171555 0.756732 0.174844 0.752974 0.176146 0.756732 0.174844 0.75482 0.178552 0.75482 0.178552 0.756732 0.174844 0.758386 0.18103 0.758386 0.18103 0.756732 0.174844 0.762147 0.181606 0.766041 0.181558 0.762147 0.181606 0.767944 0.180501 0.767944 0.180501 0.771402 0.174465 0.771248 0.178552 0.773643 0.175152 0.771248 0.178552 0.771402 0.174465 0.774629 0.169203 0.773643 0.175152 0.771402 0.174465 0.774629 0.169203 0.771402 0.174465 0.769451 0.166612 0.773094 0.16453 0.774629 0.169203 0.769451 0.166612 0.773094 0.16453 0.769451 0.166612 0.771248 0.162124 0.768842 0.160278 0.771248 0.162124 0.769451 0.166612 0.766041 0.159118 0.768842 0.160278 0.769451 0.166612 0.766041 0.159118 0.769451 0.166612 0.761445 0.163025 0.766041 0.159118 0.761445 0.163025 0.763034 0.158722 0.756732 0.174844 0.764715 0.176636 0.762147 0.181606 0.762147 0.181606 0.764715 0.176636 0.767944 0.180501 0.767944 0.180501 0.764715 0.176636 0.771402 0.174465 0.769451 0.166612 0.771402 0.174465 0.764715 0.176636 0.844701 0.344491 0.844701 0.330366 0.847966 0.330351 0.844701 0.344491 0.847966 0.330351 0.846969 0.344491 0.846969 0.344491 0.847966 0.330351 0.849083 0.344491 0.849083 0.344491 0.847966 0.330351 0.850898 0.330366 0.849083 0.344491 0.850898 0.330366 0.850898 0.344491 0.825284 0.344491 0.825284 0.330366 0.827962 0.330329 0.825284 0.344491 0.827962 0.330329 0.828183 0.344485 0.828183 0.344485 0.827962 0.330329 0.832388 0.330385 0.828183 0.344485 0.832388 0.330385 0.832677 0.344485 0.832677 0.344485 0.832388 0.330385 0.835863 0.330366 0.832677 0.344485 0.835863 0.330366 0.835863 0.344491 0.835863 0.344491 0.835863 0.330366 0.837678 0.330366 0.835863 0.344491 0.837678 0.330366 0.837678 0.344491 0.878165 0.344491 0.878165 0.330366 0.880932 0.330352 0.878165 0.344491 0.880932 0.330352 0.881064 0.344485 0.881064 0.344485 0.880932 0.330352 0.884362 0.330366 0.881064 0.344485 0.884362 0.330366 0.884362 0.344491 0.884362 0.344491 0.884362 0.330366 0.88663 0.330366 0.884362 0.344491 0.88663 0.330366 0.88776 0.344485 0.88776 0.344485 0.88663 0.330366 0.888744 0.330366 0.88776 0.344485 0.888744 0.330366 0.890559 0.330366 0.88776 0.344485 0.890559 0.330366 0.890559 0.344491 0.917826 0.327541 0.917826 0.313417 0.920372 0.313406 0.917826 0.327541 0.920372 0.313406 0.920725 0.327535 0.920725 0.327535 0.920372 0.313406 0.924838 0.313406 0.920725 0.327535 0.924838 0.313406 0.924023 0.327541 0.924023 0.327541 0.924838 0.313406 0.926291 0.327541 0.926291 0.327541 0.924838 0.313406 0.929145 0.313401 0.926291 0.327541 0.929145 0.313401 0.928405 0.327541 0.928405 0.327541 0.929145 0.313401 0.93022 0.327541 0.838504 0.344491 0.838504 0.330366 0.840319 0.330366 0.838504 0.344491 0.840319 0.330366 0.841415 0.344538 0.841415 0.344538 0.840319 0.330366 0.842433 0.330366 0.841415 0.344538 0.842433 0.330366 0.844701 0.330366 0.841415 0.344538 0.844701 0.330366 0.844701 0.344491 0.733159 0.133947 0.737479 0.133166 0.740344 0.134155 0.733159 0.133947 0.740344 0.134155 0.731138 0.137217 0.743287 0.134722 0.745693 0.136569 0.746389 0.140616 0.743287 0.134722 0.746389 0.140616 0.740344 0.134155 0.745693 0.136569 0.748298 0.140436 0.746389 0.140616 0.748298 0.140436 0.749022 0.146427 0.746389 0.140616 0.749022 0.146427 0.747003 0.150301 0.746389 0.140616 0.745693 0.152996 0.741825 0.155601 0.739197 0.154468 0.745693 0.152996 0.739197 0.154468 0.747003 0.150301 0.741825 0.155601 0.737479 0.156399 0.739197 0.154468 0.737479 0.156399 0.732903 0.155506 0.739197 0.154468 0.732903 0.155506 0.729951 0.151113 0.739197 0.154468 0.732903 0.155506 0.729265 0.152996 0.729951 0.151113 0.729265 0.152996 0.72666 0.149129 0.729951 0.151113 0.72666 0.149129 0.725863 0.144782 0.726661 0.142194 0.72666 0.149129 0.726661 0.142194 0.729951 0.151113 0.726661 0.142194 0.727419 0.138974 0.731138 0.137217 0.727419 0.138974 0.729265 0.136569 0.731138 0.137217 0.729265 0.136569 0.733159 0.133947 0.731138 0.137217 0.731138 0.137217 0.740344 0.134155 0.737479 0.144782 0.740344 0.134155 0.746389 0.140616 0.737479 0.144782 0.746389 0.140616 0.747003 0.150301 0.737479 0.144782 0.747003 0.150301 0.739197 0.154468 0.737479 0.144782 0.739197 0.154468 0.729951 0.151113 0.737479 0.144782 0.729951 0.151113 0.726661 0.142194 0.737479 0.144782 0.726661 0.142194 0.731138 0.137217 0.737479 0.144782 0.839701 0.133166 0.838112 0.13747 0.835428 0.133934 0.835428 0.133934 0.838112 0.13747 0.83202 0.141903 0.835428 0.133934 0.83202 0.141903 0.831487 0.136569 0.829036 0.140057 0.831487 0.136569 0.83202 0.141903 0.829036 0.140057 0.83202 0.141903 0.828121 0.145998 0.828121 0.145998 0.83202 0.141903 0.833399 0.149289 0.829641 0.150591 0.828121 0.145998 0.833399 0.149289 0.829641 0.150591 0.833399 0.149289 0.831487 0.152996 0.831487 0.152996 0.833399 0.149289 0.835052 0.155474 0.835052 0.155474 0.833399 0.149289 0.838814 0.15605 0.842707 0.156003 0.838814 0.15605 0.84461 0.154946 0.84461 0.154946 0.848069 0.148909 0.847915 0.152996 0.85031 0.149597 0.847915 0.152996 0.848069 0.148909 0.851295 0.143648 0.85031 0.149597 0.848069 0.148909 0.851295 0.143648 0.848069 0.148909 0.846118 0.141057 0.84918 0.138024 0.851295 0.143648 0.846118 0.141057 0.845509 0.134722 0.84918 0.138024 0.846118 0.141057 0.842707 0.133562 0.845509 0.134722 0.846118 0.141057 0.842707 0.133562 0.846118 0.141057 0.838112 0.13747 0.842707 0.133562 0.838112 0.13747 0.839701 0.133166 0.833399 0.149289 0.841382 0.151081 0.838814 0.15605 0.838814 0.15605 0.841382 0.151081 0.84461 0.154946 0.84461 0.154946 0.841382 0.151081 0.848069 0.148909 0.846118 0.141057 0.848069 0.148909 0.841382 0.151081 0.832706 0.32752 0.831481 0.313417 0.834746 0.313402 0.832706 0.32752 0.834746 0.313402 0.835863 0.327541 0.835863 0.327541 0.834746 0.313402 0.837678 0.313417 0.835863 0.327541 0.837678 0.313417 0.837678 0.327541 0.838504 0.327541 0.838504 0.313417 0.841182 0.31338 0.838504 0.327541 0.841182 0.31338 0.841403 0.327535 0.841403 0.327535 0.841182 0.31338 0.845608 0.313436 0.841403 0.327535 0.845608 0.313436 0.844701 0.327541 0.844701 0.327541 0.845608 0.313436 0.848099 0.327535 0.848099 0.327535 0.845608 0.313436 0.849083 0.313417 0.848099 0.327535 0.849083 0.313417 0.850898 0.313417 0.848099 0.327535 0.850898 0.313417 0.850898 0.327541 0.798843 0.327541 0.798843 0.313417 0.80161 0.313403 0.798843 0.327541 0.80161 0.313403 0.800658 0.327541 0.800658 0.327541 0.80161 0.313403 0.803952 0.327535 0.803952 0.327535 0.80161 0.313403 0.80504 0.313417 0.803952 0.327535 0.80504 0.313417 0.807308 0.313417 0.803952 0.327535 0.807308 0.313417 0.808438 0.327535 0.808438 0.327535 0.807308 0.313417 0.809422 0.313417 0.808438 0.327535 0.809422 0.313417 0.811237 0.313417 0.808438 0.327535 0.811237 0.313417 0.811237 0.327541 0.878165 0.327541 0.878165 0.313417 0.880711 0.313406 0.878165 0.327541 0.880711 0.313406 0.881064 0.327535 0.881064 0.327535 0.880711 0.313406 0.885177 0.313406 0.881064 0.327535 0.885177 0.313406 0.884362 0.327541 0.884362 0.327541 0.885177 0.313406 0.88776 0.327535 0.88776 0.327535 0.885177 0.313406 0.888744 0.313417 0.88776 0.327535 0.888744 0.313417 0.890559 0.313417 0.88776 0.327535 0.890559 0.313417 0.890559 0.327541 0.825284 0.327541 0.825284 0.313417 0.827099 0.313417 0.825284 0.327541 0.827099 0.313417 0.827099 0.327541 0.827099 0.327541 0.827099 0.313417 0.829212 0.313417 0.827099 0.327541 0.829212 0.313417 0.829212 0.327541 0.829212 0.327541 0.829212 0.313417 0.831481 0.313417 0.829212 0.327541 0.831481 0.313417 0.832706 0.32752 0.815857 0.184374 0.819779 0.18783 0.81143 0.185234 0.815857 0.184374 0.819954 0.185834 0.819779 0.18783 0.819954 0.185834 0.822359 0.18768 0.819779 0.18783 0.822359 0.18768 0.824964 0.191547 0.819779 0.18783 0.824964 0.191547 0.821373 0.196357 0.819779 0.18783 0.824964 0.191547 0.825762 0.195894 0.821373 0.196357 0.825762 0.195894 0.824869 0.20047 0.821373 0.196357 0.824869 0.20047 0.822359 0.204107 0.819635 0.205434 0.824869 0.20047 0.819635 0.205434 0.821373 0.196357 0.815544 0.207469 0.808527 0.204041 0.819635 0.205434 0.815544 0.207469 0.809569 0.206618 0.808527 0.204041 0.809569 0.206618 0.805932 0.204107 0.808527 0.204041 0.805932 0.204107 0.803327 0.20024 0.808527 0.204041 0.803327 0.20024 0.802529 0.195894 0.804899 0.192539 0.803327 0.20024 0.804899 0.192539 0.808527 0.204041 0.802529 0.195894 0.803422 0.191317 0.804899 0.192539 0.803422 0.191317 0.805932 0.18768 0.804899 0.192539 0.805932 0.18768 0.808337 0.185834 0.81143 0.185234 0.805932 0.18768 0.81143 0.185234 0.804899 0.192539 0.81143 0.185234 0.819779 0.18783 0.821373 0.196357 0.819635 0.205434 0.808527 0.204041 0.821373 0.196357 0.808527 0.204041 0.804899 0.192539 0.821373 0.196357 0.804899 0.192539 0.81143 0.185234 0.821373 0.196357 0.763034 0.184277 0.761445 0.188581 0.758762 0.185046 0.758762 0.185046 0.761445 0.188581 0.755354 0.193015 0.758762 0.185046 0.755354 0.193015 0.75482 0.18768 0.75237 0.191168 0.75482 0.18768 0.755354 0.193015 0.75237 0.191168 0.755354 0.193015 0.751454 0.19711 0.751454 0.19711 0.755354 0.193015 0.756732 0.2004 0.752974 0.201702 0.751454 0.19711 0.756732 0.2004 0.752974 0.201702 0.756732 0.2004 0.75482 0.204107 0.75482 0.204107 0.756732 0.2004 0.758386 0.206586 0.758386 0.206586 0.756732 0.2004 0.762147 0.207162 0.766041 0.207114 0.762147 0.207162 0.767944 0.206057 0.767944 0.206057 0.771402 0.20002 0.771248 0.204107 0.773643 0.200708 0.771248 0.204107 0.771402 0.20002 0.774629 0.194759 0.773643 0.200708 0.771402 0.20002 0.774629 0.194759 0.771402 0.20002 0.769451 0.192168 0.773094 0.190085 0.774629 0.194759 0.769451 0.192168 0.773094 0.190085 0.769451 0.192168 0.771248 0.18768 0.768842 0.185834 0.771248 0.18768 0.769451 0.192168 0.766041 0.184673 0.768842 0.185834 0.769451 0.192168 0.766041 0.184673 0.769451 0.192168 0.761445 0.188581 0.766041 0.184673 0.761445 0.188581 0.763034 0.184277 0.756732 0.2004 0.764715 0.202192 0.762147 0.207162 0.762147 0.207162 0.764715 0.202192 0.767944 0.206057 0.767944 0.206057 0.764715 0.202192 0.771402 0.20002 0.769451 0.192168 0.771402 0.20002 0.764715 0.202192 0.963684 0.310592 0.963684 0.296468 0.966949 0.296453 0.963684 0.310592 0.966949 0.296453 0.965952 0.310592 0.965952 0.310592 0.966949 0.296453 0.968066 0.310592 0.968066 0.310592 0.966949 0.296453 0.969881 0.296468 0.968066 0.310592 0.969881 0.296468 0.969881 0.310592 0.785623 0.327541 0.785623 0.313417 0.788301 0.31338 0.785623 0.327541 0.788301 0.31338 0.788522 0.327535 0.788522 0.327535 0.788301 0.31338 0.792727 0.313436 0.788522 0.327535 0.792727 0.313436 0.793016 0.327535 0.793016 0.327535 0.792727 0.313436 0.796202 0.313417 0.793016 0.327535 0.796202 0.313417 0.796202 0.327541 0.796202 0.327541 0.796202 0.313417 0.798017 0.313417 0.796202 0.327541 0.798017 0.313417 0.798017 0.327541 0.904605 0.310592 0.904605 0.296468 0.907372 0.296454 0.904605 0.310592 0.907372 0.296454 0.907505 0.310586 0.907505 0.310586 0.907372 0.296454 0.910803 0.296468 0.907505 0.310586 0.910803 0.296468 0.910803 0.310592 0.910803 0.310592 0.910803 0.296468 0.913975 0.296431 0.910803 0.310592 0.913975 0.296431 0.914201 0.310586 0.914201 0.310586 0.913975 0.296431 0.917 0.296468 0.914201 0.310586 0.917 0.296468 0.917 0.310592 0.931046 0.310592 0.931046 0.296468 0.933592 0.296457 0.931046 0.310592 0.933592 0.296457 0.933945 0.310586 0.933945 0.310586 0.933592 0.296457 0.938058 0.296457 0.933945 0.310586 0.938058 0.296457 0.937243 0.310592 0.937243 0.310592 0.938058 0.296457 0.939512 0.310592 0.939512 0.310592 0.938058 0.296457 0.941625 0.296468 0.939512 0.310592 0.941625 0.296468 0.941625 0.310592 0.941625 0.310592 0.941625 0.296468 0.94344 0.296468 0.941625 0.310592 0.94344 0.296468 0.94344 0.310592 0.957487 0.310592 0.957487 0.296468 0.959302 0.296468 0.957487 0.310592 0.959302 0.296468 0.960398 0.310639 0.960398 0.310639 0.959302 0.296468 0.961416 0.296468 0.960398 0.310639 0.961416 0.296468 0.963684 0.296468 0.960398 0.310639 0.963684 0.296468 0.963684 0.310592 0.733159 0.185058 0.737479 0.184277 0.740344 0.185266 0.733159 0.185058 0.740344 0.185266 0.731138 0.188328 0.743287 0.185834 0.745693 0.18768 0.744031 0.192745 0.743287 0.185834 0.744031 0.192745 0.740344 0.185266 0.745693 0.18768 0.748298 0.191547 0.744031 0.192745 0.748298 0.191547 0.749022 0.197538 0.744031 0.192745 0.749022 0.197538 0.747003 0.201412 0.744031 0.192745 0.745693 0.204107 0.741825 0.206713 0.739197 0.205579 0.745693 0.204107 0.739197 0.205579 0.747003 0.201412 0.741825 0.206713 0.737479 0.20751 0.739197 0.205579 0.737479 0.20751 0.732903 0.206618 0.739197 0.205579 0.732903 0.206618 0.729951 0.202225 0.739197 0.205579 0.732903 0.206618 0.729265 0.204107 0.729951 0.202225 0.729265 0.204107 0.72666 0.20024 0.729951 0.202225 0.72666 0.20024 0.725863 0.195894 0.726661 0.193305 0.72666 0.20024 0.726661 0.193305 0.729951 0.202225 0.726661 0.193305 0.727419 0.190085 0.731138 0.188328 0.727419 0.190085 0.729265 0.18768 0.731138 0.188328 0.729265 0.18768 0.733159 0.185058 0.731138 0.188328 0.731138 0.188328 0.740344 0.185266 0.744031 0.192745 0.747003 0.201412 0.739197 0.205579 0.744031 0.192745 0.739197 0.205579 0.729951 0.202225 0.744031 0.192745 0.729951 0.202225 0.726661 0.193305 0.744031 0.192745 0.726661 0.193305 0.731138 0.188328 0.744031 0.192745 0.814145 0.158722 0.813628 0.163282 0.809873 0.15949 0.809873 0.15949 0.813628 0.163282 0.807912 0.163682 0.809873 0.15949 0.807912 0.163682 0.805932 0.162124 0.803481 0.165612 0.805932 0.162124 0.807912 0.163682 0.803481 0.165612 0.807912 0.163682 0.805918 0.170179 0.803481 0.165612 0.805918 0.170179 0.802565 0.171555 0.804086 0.176146 0.802565 0.171555 0.805918 0.170179 0.804086 0.176146 0.805918 0.170179 0.809563 0.176017 0.804086 0.176146 0.809563 0.176017 0.805932 0.178552 0.805932 0.178552 0.809563 0.176017 0.809497 0.18103 0.809497 0.18103 0.809563 0.176017 0.813258 0.181606 0.818344 0.181221 0.813258 0.181606 0.818704 0.176542 0.818344 0.181221 0.818704 0.176542 0.822359 0.178552 0.824754 0.175152 0.822359 0.178552 0.818704 0.176542 0.824754 0.175152 0.818704 0.176542 0.821818 0.170113 0.82574 0.169203 0.824754 0.175152 0.821818 0.170113 0.824205 0.16453 0.82574 0.169203 0.821818 0.170113 0.824205 0.16453 0.821818 0.170113 0.821095 0.161881 0.824205 0.16453 0.821095 0.161881 0.822359 0.162124 0.817152 0.159118 0.821095 0.161881 0.813628 0.163282 0.817152 0.159118 0.813628 0.163282 0.814145 0.158722 0.805918 0.170179 0.807912 0.163682 0.813628 0.163282 0.813258 0.181606 0.809563 0.176017 0.818704 0.176542 0.821095 0.161881 0.821818 0.170113 0.813628 0.163282 0.845926 0.310571 0.844701 0.296468 0.847966 0.296453 0.845926 0.310571 0.847966 0.296453 0.849083 0.310592 0.849083 0.310592 0.847966 0.296453 0.850898 0.296468 0.849083 0.310592 0.850898 0.296468 0.850898 0.310592 0.838504 0.293643 0.838504 0.279519 0.841182 0.279482 0.838504 0.293643 0.841182 0.279482 0.841403 0.293637 0.841403 0.293637 0.841182 0.279482 0.845608 0.279538 0.841403 0.293637 0.845608 0.279538 0.844701 0.293643 0.844701 0.293643 0.845608 0.279538 0.848099 0.293637 0.848099 0.293637 0.845608 0.279538 0.849083 0.279519 0.848099 0.293637 0.849083 0.279519 0.850898 0.279519 0.848099 0.293637 0.850898 0.279519 0.850898 0.293643 0.812063 0.276694 0.812063 0.26257 0.813878 0.26257 0.812063 0.276694 0.813878 0.26257 0.814962 0.276688 0.814962 0.276688 0.813878 0.26257 0.816883 0.262589 0.814962 0.276688 0.816883 0.262589 0.81826 0.276694 0.81826 0.276694 0.816883 0.262589 0.821433 0.262533 0.81826 0.276694 0.821433 0.262533 0.821659 0.276688 0.821659 0.276688 0.821433 0.262533 0.824457 0.26257 0.821659 0.276688 0.824457 0.26257 0.824457 0.276694 0.93986 0.259745 0.93986 0.245621 0.942406 0.24561 0.93986 0.259745 0.942406 0.24561 0.942759 0.259739 0.942759 0.259739 0.942406 0.24561 0.946872 0.24561 0.942759 0.259739 0.946872 0.24561 0.947253 0.259739 0.947253 0.259739 0.946872 0.24561 0.950439 0.245621 0.947253 0.259739 0.950439 0.245621 0.950439 0.259745 0.950439 0.259745 0.950439 0.245621 0.952254 0.245621 0.950439 0.259745 0.952254 0.245621 0.952254 0.259745 0.838504 0.310592 0.838504 0.296468 0.840319 0.296468 0.838504 0.310592 0.840319 0.296468 0.841415 0.310639 0.841415 0.310639 0.840319 0.296468 0.842433 0.296468 0.841415 0.310639 0.842433 0.296468 0.844701 0.296468 0.841415 0.310639 0.844701 0.296468 0.845926 0.310571 0.937603 0.159503 0.943635 0.158819 0.940396 0.160659 0.943635 0.158819 0.947731 0.160278 0.94746 0.165619 0.943635 0.158819 0.94746 0.165619 0.940396 0.160659 0.947731 0.160278 0.950137 0.162124 0.94746 0.165619 0.950137 0.162124 0.952742 0.165992 0.94746 0.165619 0.952742 0.165992 0.953539 0.170338 0.950717 0.174863 0.952742 0.165992 0.950717 0.174863 0.94746 0.165619 0.953539 0.170338 0.952647 0.174914 0.950717 0.174863 0.952647 0.174914 0.950137 0.178552 0.950717 0.174863 0.950137 0.178552 0.946269 0.181157 0.950717 0.174863 0.946269 0.181157 0.941076 0.180138 0.950717 0.174863 0.946269 0.181157 0.941923 0.181954 0.941076 0.180138 0.941923 0.181954 0.937347 0.181062 0.941076 0.180138 0.937347 0.181062 0.933709 0.178552 0.933013 0.174504 0.937347 0.181062 0.933013 0.174504 0.941076 0.180138 0.933709 0.178552 0.931104 0.174684 0.933013 0.174504 0.931104 0.174684 0.93038 0.168693 0.933013 0.174504 0.93038 0.168693 0.932399 0.16482 0.933013 0.174504 0.933709 0.162124 0.937603 0.159503 0.940396 0.160659 0.933709 0.162124 0.940396 0.160659 0.932399 0.16482 0.950717 0.174863 0.941076 0.180138 0.94746 0.165619 0.941076 0.180138 0.933013 0.174504 0.94746 0.165619 0.933013 0.174504 0.932399 0.16482 0.94746 0.165619 0.932399 0.16482 0.940396 0.160659 0.94746 0.165619 0.917474 0.133536 0.911556 0.138796 0.912095 0.133934 0.912095 0.133934 0.911556 0.138796 0.908154 0.136569 0.905703 0.140057 0.908154 0.136569 0.911556 0.138796 0.905703 0.140057 0.911556 0.138796 0.90835 0.145525 0.905703 0.140057 0.90835 0.145525 0.904787 0.145998 0.906308 0.150591 0.904787 0.145998 0.90835 0.145525 0.906308 0.150591 0.90835 0.145525 0.91298 0.151763 0.906308 0.150591 0.91298 0.151763 0.908154 0.152996 0.908154 0.152996 0.91298 0.151763 0.910559 0.154842 0.910559 0.154842 0.91298 0.151763 0.914546 0.156283 0.920566 0.155665 0.914546 0.156283 0.91298 0.151763 0.920566 0.155665 0.91298 0.151763 0.921005 0.150769 0.920566 0.155665 0.921005 0.150769 0.924581 0.152996 0.926976 0.149597 0.924581 0.152996 0.921005 0.150769 0.926976 0.149597 0.921005 0.150769 0.924202 0.144514 0.927962 0.143648 0.926976 0.149597 0.924202 0.144514 0.926427 0.138974 0.927962 0.143648 0.924202 0.144514 0.926427 0.138974 0.924202 0.144514 0.923317 0.136325 0.926427 0.138974 0.923317 0.136325 0.924581 0.136569 0.919374 0.133562 0.923317 0.136325 0.917474 0.133536 0.917474 0.133536 0.917869 0.13855 0.911556 0.138796 0.923317 0.136325 0.924202 0.144514 0.917869 0.13855 0.917474 0.133536 0.923317 0.136325 0.917869 0.13855 0.819485 0.293622 0.81826 0.279519 0.821525 0.279504 0.819485 0.293622 0.821525 0.279504 0.822642 0.293643 0.822642 0.293643 0.821525 0.279504 0.824457 0.279519 0.822642 0.293643 0.824457 0.279519 0.824457 0.293643 0.917826 0.344491 0.917826 0.330366 0.920504 0.330329 0.917826 0.344491 0.920504 0.330329 0.920725 0.344485 0.920725 0.344485 0.920504 0.330329 0.92493 0.330385 0.920725 0.344485 0.92493 0.330385 0.924023 0.344491 0.924023 0.344491 0.92493 0.330385 0.926291 0.344491 0.926291 0.344491 0.92493 0.330385 0.928405 0.330366 0.926291 0.344491 0.928405 0.330366 0.928405 0.344491 0.928405 0.344491 0.928405 0.330366 0.93022 0.330366 0.928405 0.344491 0.93022 0.330366 0.93022 0.344491 0.851724 0.293643 0.851724 0.279519 0.853539 0.279519 0.851724 0.293643 0.853539 0.279519 0.854623 0.293637 0.854623 0.293637 0.853539 0.279519 0.856544 0.279538 0.854623 0.293637 0.856544 0.279538 0.857921 0.293643 0.857921 0.293643 0.856544 0.279538 0.861093 0.279482 0.857921 0.293643 0.861093 0.279482 0.861319 0.293637 0.861319 0.293637 0.861093 0.279482 0.864118 0.279519 0.861319 0.293637 0.864118 0.279519 0.864118 0.293643 0.825284 0.259745 0.825284 0.245621 0.82783 0.24561 0.825284 0.259745 0.82783 0.24561 0.828183 0.259739 0.828183 0.259739 0.82783 0.24561 0.832296 0.24561 0.828183 0.259739 0.832296 0.24561 0.831481 0.259745 0.831481 0.259745 0.832296 0.24561 0.834879 0.259739 0.834879 0.259739 0.832296 0.24561 0.836603 0.245605 0.834879 0.259739 0.836603 0.245605 0.837678 0.259745 0.812063 0.293643 0.812063 0.279519 0.813878 0.279519 0.812063 0.293643 0.813878 0.279519 0.814974 0.29369 0.814974 0.29369 0.813878 0.279519 0.815992 0.279519 0.814974 0.29369 0.815992 0.279519 0.81826 0.279519 0.814974 0.29369 0.81826 0.279519 0.819485 0.293622 0.78427 0.185058 0.790301 0.184374 0.787063 0.186214 0.790301 0.184374 0.794398 0.185834 0.796118 0.189563 0.790301 0.184374 0.796118 0.189563 0.787063 0.186214 0.794398 0.185834 0.796804 0.18768 0.796118 0.189563 0.796804 0.18768 0.799409 0.191547 0.796118 0.189563 0.799409 0.191547 0.800206 0.195894 0.799217 0.198759 0.799409 0.191547 0.799217 0.198759 0.796118 0.189563 0.79865 0.201702 0.796804 0.204107 0.791609 0.205311 0.79865 0.201702 0.791609 0.205311 0.799217 0.198759 0.796804 0.204107 0.792936 0.206713 0.791609 0.205311 0.792936 0.206713 0.78859 0.20751 0.791609 0.205311 0.78859 0.20751 0.784014 0.206618 0.791609 0.205311 0.784014 0.206618 0.781062 0.202225 0.791609 0.205311 0.784014 0.206618 0.780376 0.204107 0.781062 0.202225 0.780376 0.204107 0.777771 0.20024 0.781062 0.202225 0.777771 0.20024 0.776974 0.195894 0.781699 0.193571 0.777771 0.20024 0.781699 0.193571 0.781062 0.202225 0.776974 0.195894 0.777866 0.191317 0.781699 0.193571 0.777866 0.191317 0.780376 0.18768 0.781699 0.193571 0.780376 0.18768 0.78427 0.185058 0.787063 0.186214 0.780376 0.18768 0.787063 0.186214 0.781699 0.193571 0.787063 0.186214 0.796118 0.189563 0.781699 0.193571 0.796118 0.189563 0.799217 0.198759 0.781699 0.193571 0.799217 0.198759 0.791609 0.205311 0.781699 0.193571 0.791609 0.205311 0.781062 0.202225 0.781699 0.193571 0.814145 0.133166 0.814844 0.137433 0.809873 0.133934 0.809873 0.133934 0.814844 0.137433 0.807483 0.140539 0.809873 0.133934 0.807483 0.140539 0.805932 0.136569 0.803481 0.140057 0.805932 0.136569 0.807483 0.140539 0.803481 0.140057 0.807483 0.140539 0.802565 0.145998 0.802565 0.145998 0.807483 0.140539 0.807551 0.149235 0.804086 0.150591 0.802565 0.145998 0.807551 0.149235 0.804086 0.150591 0.807551 0.149235 0.805932 0.152996 0.805932 0.152996 0.807551 0.149235 0.808337 0.154842 0.808337 0.154842 0.807551 0.149235 0.812576 0.151975 0.808337 0.154842 0.812576 0.151975 0.812323 0.156283 0.818344 0.155665 0.812323 0.156283 0.812576 0.151975 0.818344 0.155665 0.812576 0.151975 0.818783 0.150769 0.818344 0.155665 0.818783 0.150769 0.822359 0.152996 0.824754 0.149597 0.822359 0.152996 0.818783 0.150769 0.824754 0.149597 0.818783 0.150769 0.82198 0.144514 0.82574 0.143648 0.824754 0.149597 0.82198 0.144514 0.823624 0.138024 0.82574 0.143648 0.82198 0.144514 0.823624 0.138024 0.82198 0.144514 0.821095 0.136325 0.817152 0.133562 0.821095 0.136325 0.814844 0.137433 0.817152 0.133562 0.814844 0.137433 0.814145 0.133166 0.821095 0.136325 0.82198 0.144514 0.814844 0.137433 0.620135 0.288473 0.620135 0.274079 0.632177 0.274079 0.620135 0.288473 0.632177 0.274079 0.632177 0.288473 0.632177 0.288473 0.632177 0.274079 0.643399 0.274079 0.632177 0.288473 0.643399 0.274079 0.643399 0.288473 0.643399 0.288473 0.643399 0.274079 0.653035 0.274079 0.643399 0.288473 0.653035 0.274079 0.653035 0.288473 0.518143 0.236655 0.518143 0.222261 0.52778 0.222261 0.518143 0.236655 0.52778 0.222261 0.52778 0.236655 0.52778 0.236655 0.52778 0.222261 0.539001 0.222261 0.52778 0.236655 0.539001 0.222261 0.539001 0.236655 0.539001 0.236655 0.539001 0.222261 0.551044 0.222261 0.539001 0.236655 0.551044 0.222261 0.551044 0.236655 0.551044 0.236655 0.551044 0.222261 0.563086 0.222261 0.551044 0.236655 0.563086 0.222261 0.563086 0.236655 0.563086 0.236655 0.563086 0.222261 0.574308 0.222261 0.563086 0.236655 0.574308 0.222261 0.574308 0.236655 0.574308 0.236655 0.574308 0.222261 0.583944 0.222261 0.574308 0.236655 0.583944 0.222261 0.583944 0.236655 0.587234 0.236655 0.587234 0.222261 0.59687 0.222261 0.587234 0.236655 0.59687 0.222261 0.59687 0.236655 0.59687 0.236655 0.59687 0.222261 0.608092 0.222261 0.59687 0.236655 0.608092 0.222261 0.608092 0.236655 0.608092 0.236655 0.608092 0.222261 0.620135 0.222261 0.608092 0.236655 0.620135 0.222261 0.620135 0.236655 0.620135 0.236655 0.620135 0.222261 0.632177 0.222261 0.620135 0.236655 0.632177 0.222261 0.632177 0.236655 0.632177 0.236655 0.632177 0.222261 0.643399 0.222261 0.632177 0.236655 0.643399 0.222261 0.643399 0.236655 0.643399 0.236655 0.643399 0.222261 0.653035 0.222261 0.643399 0.236655 0.653035 0.222261 0.653035 0.236655 0.518143 0.253928 0.518143 0.239534 0.52778 0.239534 0.518143 0.253928 0.52778 0.239534 0.52778 0.253928 0.52778 0.253928 0.52778 0.239534 0.539001 0.239534 0.52778 0.253928 0.539001 0.239534 0.539001 0.253928 0.539001 0.253928 0.539001 0.239534 0.551044 0.239534 0.539001 0.253928 0.551044 0.239534 0.551044 0.253928 0.551044 0.253928 0.551044 0.239534 0.563086 0.239534 0.551044 0.253928 0.563086 0.239534 0.563086 0.253928 0.563086 0.253928 0.563086 0.239534 0.574308 0.239534 0.563086 0.253928 0.574308 0.239534 0.574308 0.253928 0.574308 0.253928 0.574308 0.239534 0.583944 0.239534 0.574308 0.253928 0.583944 0.239534 0.583944 0.253928 0.587234 0.288473 0.587234 0.274079 0.59687 0.274079 0.587234 0.288473 0.59687 0.274079 0.59687 0.288473 0.59687 0.288473 0.59687 0.274079 0.608092 0.274079 0.59687 0.288473 0.608092 0.274079 0.608092 0.288473 0.608092 0.288473 0.608092 0.274079 0.620135 0.274079 0.608092 0.288473 0.620135 0.274079 0.620135 0.288473 0.297101 0.124409 0.307115 0.120261 0.299927 0.130698 0.307115 0.120261 0.317862 0.118846 0.330261 0.128028 0.307115 0.120261 0.330261 0.128028 0.299927 0.130698 0.317862 0.118846 0.328608 0.120261 0.330261 0.128028 0.328608 0.120261 0.338622 0.124409 0.330261 0.128028 0.338622 0.124409 0.347222 0.131007 0.330261 0.128028 0.347222 0.131007 0.353417 0.143229 0.330261 0.128028 0.357968 0.149621 0.359383 0.160367 0.350201 0.172766 0.357968 0.149621 0.350201 0.172766 0.353417 0.143229 0.359383 0.160367 0.357968 0.171114 0.350201 0.172766 0.357968 0.171114 0.35382 0.181128 0.350201 0.172766 0.35382 0.181128 0.347222 0.189727 0.350201 0.172766 0.347222 0.189727 0.338622 0.196325 0.327439 0.193674 0.347222 0.189727 0.327439 0.193674 0.350201 0.172766 0.338622 0.196325 0.328608 0.200473 0.327439 0.193674 0.328608 0.200473 0.317862 0.201888 0.327439 0.193674 0.317862 0.201888 0.307115 0.200473 0.294282 0.185565 0.317862 0.201888 0.294282 0.185565 0.327439 0.193674 0.307115 0.200473 0.297101 0.196325 0.294282 0.185565 0.297101 0.196325 0.288502 0.189727 0.294282 0.185565 0.288502 0.189727 0.281904 0.181128 0.294282 0.185565 0.281904 0.181128 0.277756 0.171114 0.294282 0.185565 0.277756 0.171114 0.276341 0.160367 0.284229 0.152008 0.277756 0.171114 0.284229 0.152008 0.294282 0.185565 0.276341 0.160367 0.277756 0.149621 0.284229 0.152008 0.277756 0.149621 0.281904 0.139607 0.284229 0.152008 0.281904 0.139607 0.288502 0.131007 0.299927 0.130698 0.281904 0.139607 0.299927 0.130698 0.284229 0.152008 0.288502 0.131007 0.297101 0.124409 0.299927 0.130698 0.299927 0.130698 0.330261 0.128028 0.317862 0.160367 0.330261 0.128028 0.353417 0.143229 0.317862 0.160367 0.353417 0.143229 0.350201 0.172766 0.317862 0.160367 0.350201 0.172766 0.327439 0.193674 0.317862 0.160367 0.327439 0.193674 0.294282 0.185565 0.317862 0.160367 0.294282 0.185565 0.284229 0.152008 0.317862 0.160367 0.284229 0.152008 0.299927 0.130698 0.317862 0.160367 0.404225 0.118846 0.401749 0.133911 0.393479 0.120261 0.393479 0.120261 0.401749 0.133911 0.382181 0.137501 0.393479 0.120261 0.382181 0.137501 0.383465 0.124409 0.383465 0.124409 0.382181 0.137501 0.374866 0.131007 0.368267 0.139607 0.374866 0.131007 0.382181 0.137501 0.368267 0.139607 0.382181 0.137501 0.377615 0.155545 0.368267 0.139607 0.377615 0.155545 0.364119 0.149621 0.364119 0.149621 0.377615 0.155545 0.362704 0.160367 0.362704 0.160367 0.377615 0.155545 0.381058 0.174082 0.362704 0.160367 0.381058 0.174082 0.364119 0.171114 0.368267 0.181128 0.364119 0.171114 0.381058 0.174082 0.368267 0.181128 0.381058 0.174082 0.374866 0.189727 0.374866 0.189727 0.381058 0.174082 0.395663 0.191122 0.374866 0.189727 0.395663 0.191122 0.383465 0.196325 0.383465 0.196325 0.395663 0.191122 0.393479 0.200473 0.393479 0.200473 0.395663 0.191122 0.404225 0.201888 0.414972 0.200473 0.404225 0.201888 0.395663 0.191122 0.414972 0.200473 0.395663 0.191122 0.413539 0.183605 0.414972 0.200473 0.413539 0.183605 0.424986 0.196325 0.424986 0.196325 0.413539 0.183605 0.429381 0.180129 0.424986 0.196325 0.429381 0.180129 0.433585 0.189727 0.440184 0.181128 0.433585 0.189727 0.429381 0.180129 0.440184 0.181128 0.429381 0.180129 0.432488 0.157661 0.440184 0.181128 0.432488 0.157661 0.444332 0.171114 0.445747 0.160367 0.444332 0.171114 0.432488 0.157661 0.445747 0.160367 0.432488 0.157661 0.444332 0.149621 0.440184 0.139607 0.444332 0.149621 0.432488 0.157661 0.440184 0.139607 0.432488 0.157661 0.420369 0.139616 0.440184 0.139607 0.420369 0.139616 0.433585 0.131007 0.424986 0.124409 0.433585 0.131007 0.420369 0.139616 0.414972 0.120261 0.424986 0.124409 0.420369 0.139616 0.414972 0.120261 0.420369 0.139616 0.401749 0.133911 0.414972 0.120261 0.401749 0.133911 0.404225 0.118846 0.382181 0.137501 0.401749 0.133911 0.377615 0.155545 0.395663 0.191122 0.381058 0.174082 0.413539 0.183605 0.432488 0.157661 0.429381 0.180129 0.413539 0.183605 0.841382 0.176636 0.838112 0.163025 0.846118 0.166612 0.841382 0.176636 0.833399 0.174844 0.838112 0.163025 0.833399 0.174844 0.83202 0.167459 0.838112 0.163025 0.918049 0.202192 0.914779 0.188581 0.922784 0.192168 0.918049 0.202192 0.910065 0.2004 0.914779 0.188581 0.910065 0.2004 0.908687 0.193015 0.914779 0.188581 0.918049 0.176636 0.914779 0.163025 0.922784 0.166612 0.918049 0.176636 0.910065 0.174844 0.914779 0.163025 0.910065 0.174844 0.908687 0.167459 0.914779 0.163025 0.866937 0.176636 0.863667 0.163025 0.871673 0.166612 0.866937 0.176636 0.858954 0.174844 0.863667 0.163025 0.858954 0.174844 0.857576 0.167459 0.863667 0.163025 0.892493 0.151081 0.889223 0.13747 0.897229 0.141057 0.892493 0.151081 0.88451 0.149289 0.889223 0.13747 0.88451 0.149289 0.883131 0.141903 0.889223 0.13747 0.73916 0.176636 0.73589 0.163025 0.743895 0.166612 0.73916 0.176636 0.731176 0.174844 0.73589 0.163025 0.731176 0.174844 0.729798 0.167459 0.73589 0.163025 0.918049 0.125525 0.914779 0.111914 0.922784 0.115501 0.918049 0.125525 0.910065 0.123733 0.914779 0.111914 0.910065 0.123733 0.908687 0.116348 0.914779 0.111914 0.892493 0.176636 0.889223 0.163025 0.897229 0.166612 0.892493 0.176636 0.88451 0.174844 0.889223 0.163025 0.88451 0.174844 0.883131 0.167459 0.889223 0.163025 0.866937 0.151081 0.863667 0.13747 0.871673 0.141057 0.866937 0.151081 0.858954 0.149289 0.863667 0.13747 0.858954 0.149289 0.857576 0.141903 0.863667 0.13747 0.792019 0.176758 0.793897 0.164804 0.796263 0.170113 0.792019 0.176758 0.787001 0.163025 0.793897 0.164804 0.792019 0.176758 0.782288 0.174844 0.787001 0.163025 0.782288 0.174844 0.780909 0.167459 0.787001 0.163025 0.764715 0.176636 0.761445 0.163025 0.769451 0.166612 0.764715 0.176636 0.756732 0.174844 0.761445 0.163025 0.756732 0.174844 0.755354 0.167459 0.761445 0.163025 0.841382 0.151081 0.838112 0.13747 0.846118 0.141057 0.841382 0.151081 0.833399 0.149289 0.838112 0.13747 0.833399 0.149289 0.83202 0.141903 0.838112 0.13747 0.764715 0.202192 0.761445 0.188581 0.769451 0.192168 0.764715 0.202192 0.756732 0.2004 0.761445 0.188581 0.756732 0.2004 0.755354 0.193015 0.761445 0.188581 0.818704 0.176542 0.813628 0.163282 0.821818 0.170113 0.818704 0.176542 0.809563 0.176017 0.813628 0.163282 0.809563 0.176017 0.805918 0.170179 0.813628 0.163282 0.911556 0.138796 0.91298 0.151763 0.90835 0.145525 0.911556 0.138796 0.917869 0.13855 0.91298 0.151763 0.917869 0.13855 0.921005 0.150769 0.91298 0.151763 0.917869 0.13855 0.924202 0.144514 0.921005 0.150769 0.807483 0.140539 0.812576 0.151975 0.807551 0.149235 0.807483 0.140539 0.814844 0.137433 0.812576 0.151975 0.814844 0.137433 0.818783 0.150769 0.812576 0.151975 0.814844 0.137433 0.82198 0.144514 0.818783 0.150769 0.413539 0.183605 0.420369 0.139616 0.432488 0.157661 0.413539 0.183605 0.401749 0.133911 0.420369 0.139616 0.413539 0.183605 0.381058 0.174082 0.401749 0.133911 0.381058 0.174082 0.377615 0.155545 0.401749 0.133911</float_array>
                    <technique_common>
                        <accessor count="4500" source="#shape0-lib-map-array" stride="2">
                            <param name="U" type="float"/>
                            <param name="V" type="float"/>
                        </accessor>
                    </technique_common>
                </source>
                <vertices id="shape0-lib-vertices">
                    <input semantic="POSITION" source="#shape0-lib-positions"/>
                </vertices>
                <triangles count="1500" material="material0">
                    <input offset="0" semantic="VERTEX" source="#shape0-lib-vertices"/>
                    <input offset="1" semantic="COLOR" source="#shape0-lib-vcolor"/>
                    <input offset="2" semantic="NORMAL" source="#shape0-lib-normals"/>
                    <input offset="3" semantic="TEXCOORD" source="#shape0-lib-map"/>
                    <p>1 1 0 0 17 17 0 1 18 18 0 2 1 1 1 3 18 18 1 4 2 2 1 5 2 2 2 6 18 18 2 7 19 19 2 8 2 2 3 9 19 19 3 10 3 3 3 11 3 3 4 12 19 19 4 13 20 20 4 14 3 3 5 15 20 20 5 16 4 4 5 17 4 4 6 18 20 20 6 19 21 21 6 20 4 4 7 21 21 21 7 22 5 5 7 23 5 5 8 24 21 21 8 25 6 6 8 26 6 6 9 27 21 21 9 28 22 22 9 29 6 6 10 30 22 22 10 31 23 23 10 32 6 6 11 33 23 23 11 34 7 7 11 35 7 7 12 36 23 23 12 37 24 24 12 38 7 7 13 39 24 24 13 40 8 8 13 41 8 8 14 42 24 24 14 43 25 25 14 44 8 8 15 45 25 25 15 46 9 9 15 47 9 9 16 48 25 25 16 49 26 26 16 50 9 9 17 51 26 26 17 52 10 10 17 53 10 10 18 54 26 26 18 55 27 27 18 56 10 10 19 57 27 27 19 58 28 28 19 59 10 10 20 60 28 28 20 61 11 11 20 62 11 11 21 63 28 28 21 64 29 29 21 65 11 11 22 66 29 29 22 67 12 12 22 68 12 12 23 69 29 29 23 70 30 30 23 71 12 12 24 72 30 30 24 73 13 13 24 74 13 13 25 75 30 30 25 76 31 31 25 77 13 13 26 78 31 31 26 79 14 14 26 80 14 14 27 81 31 31 27 82 15 15 27 83 15 15 28 84 31 31 28 85 32 32 28 86 15 15 29 87 32 32 29 88 16 16 29 89 16 16 30 90 32 32 30 91 33 33 30 92 16 16 31 93 33 33 31 94 17 17 31 95 16 16 32 96 17 17 32 97 1 1 32 98 16 16 33 99 1 1 33 100 37 37 33 101 1 1 34 102 2 2 34 103 38 38 34 104 1 1 35 105 38 38 35 106 37 37 35 107 2 2 36 108 3 3 36 109 38 38 36 110 3 3 37 111 4 4 37 112 38 38 37 113 4 4 38 114 5 5 38 115 34 34 38 116 4 4 39 117 34 34 39 118 38 38 39 119 5 5 40 120 6 6 40 121 34 34 40 122 6 6 41 123 7 7 41 124 34 34 41 125 7 7 42 126 8 8 42 127 34 34 42 128 8 8 43 129 35 35 43 130 34 34 43 131 8 8 44 132 9 9 44 133 35 35 44 134 9 9 45 135 10 10 45 136 35 35 45 137 10 10 46 138 11 11 46 139 36 36 46 140 10 10 47 141 36 36 47 142 35 35 47 143 11 11 48 144 12 12 48 145 36 36 48 146 12 12 49 147 13 13 49 148 36 36 49 149 13 13 50 150 14 14 50 151 36 36 50 152 15 15 51 153 16 16 51 154 37 37 51 155 15 15 52 156 37 37 52 157 14 14 52 158 34 34 53 159 35 35 53 160 38 38 53 161 35 35 54 162 36 36 54 163 38 38 54 164 36 36 55 165 14 14 55 166 38 38 55 167 14 14 56 168 37 37 56 169 38 38 56 170 17 17 57 171 0 0 57 172 18 18 57 173 18 18 58 174 0 0 58 175 41 41 58 176 18 18 59 177 41 41 59 178 19 19 59 179 20 20 60 180 19 19 60 181 41 41 60 182 20 20 61 183 41 41 61 184 21 21 61 185 21 21 62 186 41 41 62 187 42 42 62 188 22 22 63 189 21 21 63 190 42 42 63 191 22 22 64 192 42 42 64 193 23 23 64 194 23 23 65 195 42 42 65 196 24 24 65 197 24 24 66 198 42 42 66 199 25 25 66 200 26 26 67 201 25 25 67 202 27 27 67 203 27 27 68 204 39 39 68 205 28 28 68 206 29 29 69 207 28 28 69 208 39 39 69 209 30 30 70 210 29 29 70 211 39 39 70 212 30 30 71 213 39 39 71 214 40 40 71 215 31 31 72 216 30 30 72 217 40 40 72 218 32 32 73 219 31 31 73 220 40 40 73 221 33 33 74 222 32 32 74 223 40 40 74 224 33 33 75 225 40 40 75 226 0 0 75 227 33 33 76 228 0 0 76 229 17 17 76 230 42 42 77 231 43 43 77 232 25 25 77 233 25 25 78 234 43 43 78 235 27 27 78 236 27 27 79 237 43 43 79 238 39 39 79 239 40 40 80 240 39 39 80 241 43 43 80 242 45 45 81 243 61 61 81 244 62 62 81 245 45 45 82 246 62 62 82 247 46 46 82 248 46 46 83 249 62 62 83 250 63 63 83 251 46 46 84 252 63 63 84 253 47 47 84 254 47 47 85 255 63 63 85 256 64 64 85 257 47 47 86 258 64 64 86 259 48 48 86 260 48 48 87 261 64 64 87 262 65 65 87 263 48 48 88 264 65 65 88 265 49 49 88 266 49 49 89 267 65 65 89 268 50 50 89 269 50 50 90 270 65 65 90 271 66 66 90 272 50 50 91 273 66 66 91 274 67 67 91 275 50 50 92 276 67 67 92 277 51 51 92 278 51 51 93 279 67 67 93 280 68 68 93 281 51 51 94 282 68 68 94 283 52 52 94 284 52 52 95 285 68 68 95 286 69 69 95 287 52 52 96 288 69 69 96 289 53 53 96 290 53 53 97 291 69 69 97 292 70 70 97 293 53 53 98 294 70 70 98 295 54 54 98 296 54 54 99 297 70 70 99 298 71 71 99 299 54 54 100 300 71 71 100 301 72 72 100 302 54 54 101 303 72 72 101 304 55 55 101 305 55 55 102 306 72 72 102 307 73 73 102 308 55 55 103 309 73 73 103 310 56 56 103 311 56 56 104 312 73 73 104 313 74 74 104 314 56 56 105 315 74 74 105 316 57 57 105 317 57 57 106 318 74 74 106 319 58 58 106 320 58 58 107 321 74 74 107 322 75 75 107 323 58 58 108 324 75 75 108 325 59 59 108 326 59 59 109 327 75 75 109 328 76 76 109 329 59 59 110 330 76 76 110 331 60 60 110 332 60 60 111 333 76 76 111 334 77 77 111 335 60 60 112 336 77 77 112 337 61 61 112 338 60 60 113 339 61 61 113 340 45 45 113 341 60 60 114 342 45 45 114 343 81 81 114 344 45 45 115 345 46 46 115 346 78 78 115 347 45 45 116 348 78 78 116 349 81 81 116 350 46 46 117 351 47 47 117 352 78 78 117 353 47 47 118 354 48 48 118 355 78 78 118 356 48 48 119 357 49 49 119 358 79 79 119 359 48 48 120 360 79 79 120 361 78 78 120 362 49 49 121 363 50 50 121 364 79 79 121 365 50 50 122 366 51 51 122 367 79 79 122 368 51 51 123 369 52 52 123 370 79 79 123 371 52 52 124 372 53 53 124 373 79 79 124 374 54 54 125 375 80 80 125 376 53 53 125 377 54 54 126 378 55 55 126 379 80 80 126 380 55 55 127 381 56 56 127 382 80 80 127 383 56 56 128 384 57 57 128 385 82 82 128 386 56 56 129 387 82 82 129 388 80 80 129 389 57 57 130 390 58 58 130 391 82 82 130 392 58 58 131 393 59 59 131 394 82 82 131 395 59 59 132 396 60 60 132 397 81 81 132 398 59 59 133 399 81 81 133 400 82 82 133 401 81 81 134 402 78 78 134 403 82 82 134 404 78 78 135 405 79 79 135 406 82 82 135 407 79 79 136 408 53 53 136 409 82 82 136 410 53 53 137 411 80 80 137 412 82 82 137 413 61 61 138 414 44 44 138 415 62 62 138 416 62 62 139 417 44 44 139 418 85 85 139 419 62 62 140 420 85 85 140 421 63 63 140 422 64 64 141 423 63 63 141 424 85 85 141 425 64 64 142 426 85 85 142 427 65 65 142 428 65 65 143 429 85 85 143 430 86 86 143 431 66 66 144 432 65 65 144 433 86 86 144 434 66 66 145 435 86 86 145 436 67 67 145 437 67 67 146 438 86 86 146 439 68 68 146 440 68 68 147 441 86 86 147 442 69 69 147 443 70 70 148 444 69 69 148 445 71 71 148 446 71 71 149 447 83 83 149 448 72 72 149 449 73 73 150 450 72 72 150 451 83 83 150 452 74 74 151 453 73 73 151 454 83 83 151 455 74 74 152 456 83 83 152 457 84 84 152 458 75 75 153 459 74 74 153 460 84 84 153 461 76 76 154 462 75 75 154 463 84 84 154 464 77 77 155 465 76 76 155 466 84 84 155 467 77 77 156 468 84 84 156 469 44 44 156 470 77 77 157 471 44 44 157 472 61 61 157 473 86 86 158 474 87 87 158 475 69 69 158 476 69 69 159 477 87 87 159 478 71 71 159 479 71 71 160 480 87 87 160 481 83 83 160 482 84 84 161 483 83 83 161 484 87 87 161 485 89 89 162 486 106 106 162 487 107 107 162 488 89 89 163 489 107 107 163 490 90 90 163 491 90 90 164 492 107 107 164 493 108 108 164 494 90 90 165 495 108 108 165 496 91 91 165 497 91 91 166 498 108 108 166 499 109 109 166 500 91 91 167 501 109 109 167 502 92 92 167 503 92 92 168 504 109 109 168 505 110 110 168 506 92 92 169 507 110 110 169 508 93 93 169 509 93 93 170 510 110 110 170 511 94 94 170 512 94 94 171 513 110 110 171 514 111 111 171 515 94 94 172 516 111 111 172 517 112 112 172 518 94 94 173 519 112 112 173 520 95 95 173 521 95 95 174 522 112 112 174 523 113 113 174 524 95 95 175 525 113 113 175 526 96 96 175 527 96 96 176 528 113 113 176 529 114 114 176 530 96 96 177 531 114 114 177 532 97 97 177 533 97 97 178 534 114 114 178 535 115 115 178 536 97 97 179 537 115 115 179 538 98 98 179 539 98 98 180 540 115 115 180 541 116 116 180 542 98 98 181 543 116 116 181 544 117 117 181 545 98 98 182 546 117 117 182 547 99 99 182 548 99 99 183 549 117 117 183 550 118 118 183 551 99 99 184 552 118 118 184 553 100 100 184 554 100 100 185 555 118 118 185 556 101 101 185 557 101 101 186 558 118 118 186 559 119 119 186 560 101 101 187 561 119 119 187 562 102 102 187 563 102 102 188 564 119 119 188 565 103 103 188 566 103 103 189 567 119 119 189 568 120 120 189 569 103 103 190 570 120 120 190 571 121 121 190 572 103 103 191 573 121 121 191 574 104 104 191 575 104 104 192 576 121 121 192 577 122 122 192 578 104 104 193 579 122 122 193 580 105 105 193 581 105 105 194 582 122 122 194 583 123 123 194 584 105 105 195 585 123 123 195 586 106 106 195 587 105 105 196 588 106 106 196 589 89 89 196 590 105 105 197 591 89 89 197 592 128 128 197 593 89 89 198 594 90 90 198 595 124 124 198 596 89 89 199 597 124 124 199 598 128 128 199 599 90 90 200 600 91 91 200 601 124 124 200 602 91 91 201 603 92 92 201 604 124 124 201 605 92 92 202 606 93 93 202 607 124 124 202 608 93 93 203 609 94 94 203 610 124 124 203 611 94 94 204 612 125 125 204 613 124 124 204 614 94 94 205 615 95 95 205 616 125 125 205 617 95 95 206 618 96 96 206 619 125 125 206 620 96 96 207 621 97 97 207 622 126 126 207 623 96 96 208 624 126 126 208 625 125 125 208 626 97 97 209 627 98 98 209 628 126 126 209 629 98 98 210 630 99 99 210 631 126 126 210 632 99 99 211 633 100 100 211 634 101 101 211 635 99 99 212 636 101 101 212 637 126 126 212 638 101 101 213 639 102 102 213 640 127 127 213 641 102 102 214 642 103 103 214 643 127 127 214 644 103 103 215 645 104 104 215 646 127 127 215 647 104 104 216 648 105 105 216 649 128 128 216 650 104 104 217 651 128 128 217 652 127 127 217 653 128 128 218 654 124 124 218 655 129 129 218 656 124 124 219 657 125 125 219 658 129 129 219 659 125 125 220 660 126 126 220 661 129 129 220 662 126 126 221 663 101 101 221 664 129 129 221 665 101 101 222 666 127 127 222 667 129 129 222 668 127 127 223 669 128 128 223 670 129 129 223 671 106 106 224 672 88 88 224 673 107 107 224 674 107 107 225 675 88 88 225 676 132 132 225 677 107 107 226 678 132 132 226 679 108 108 226 680 109 109 227 681 108 108 227 682 132 132 227 683 109 109 228 684 132 132 228 685 110 110 228 686 110 110 229 687 132 132 229 688 133 133 229 689 111 111 230 690 110 110 230 691 133 133 230 692 111 111 231 693 133 133 231 694 112 112 231 695 112 112 232 696 133 133 232 697 113 113 232 698 113 113 233 699 133 133 233 700 114 114 233 701 115 115 234 702 114 114 234 703 116 116 234 704 116 116 235 705 130 130 235 706 117 117 235 707 118 118 236 708 117 117 236 709 130 130 236 710 119 119 237 711 118 118 237 712 130 130 237 713 119 119 238 714 130 130 238 715 131 131 238 716 120 120 239 717 119 119 239 718 131 131 239 719 120 120 240 720 131 131 240 721 121 121 240 722 122 122 241 723 121 121 241 724 131 131 241 725 123 123 242 726 122 122 242 727 131 131 242 728 123 123 243 729 131 131 243 730 88 88 243 731 123 123 244 732 88 88 244 733 106 106 244 734 133 133 245 735 134 134 245 736 114 114 245 737 114 114 246 738 134 134 246 739 116 116 246 740 116 116 247 741 134 134 247 742 130 130 247 743 131 131 248 744 130 130 248 745 134 134 248 746 136 136 249 747 153 153 249 748 154 154 249 749 136 136 250 750 154 154 250 751 137 137 250 752 137 137 251 753 154 154 251 754 155 155 251 755 137 137 252 756 155 155 252 757 138 138 252 758 138 138 253 759 155 155 253 760 156 156 253 761 138 138 254 762 156 156 254 763 139 139 254 764 139 139 255 765 156 156 255 766 157 157 255 767 139 139 256 768 157 157 256 769 140 140 256 770 140 140 257 771 157 157 257 772 141 141 257 773 141 141 258 774 157 157 258 775 158 158 258 776 141 141 259 777 158 158 259 778 159 159 259 779 141 141 260 780 159 159 260 781 142 142 260 782 142 142 261 783 159 159 261 784 160 160 261 785 142 142 262 786 160 160 262 787 143 143 262 788 143 143 263 789 160 160 263 790 161 161 263 791 143 143 264 792 161 161 264 793 144 144 264 794 144 144 265 795 161 161 265 796 162 162 265 797 144 144 266 798 162 162 266 799 145 145 266 800 145 145 267 801 162 162 267 802 163 163 267 803 145 145 268 804 163 163 268 805 146 146 268 806 146 146 269 807 163 163 269 808 164 164 269 809 146 146 270 810 164 164 270 811 147 147 270 812 147 147 271 813 164 164 271 814 165 165 271 815 147 147 272 816 165 165 272 817 148 148 272 818 148 148 273 819 165 165 273 820 166 166 273 821 148 148 274 822 166 166 274 823 149 149 274 824 149 149 275 825 166 166 275 826 150 150 275 827 150 150 276 828 166 166 276 829 167 167 276 830 150 150 277 831 167 167 277 832 151 151 277 833 151 151 278 834 167 167 278 835 168 168 278 836 151 151 279 837 168 168 279 838 152 152 279 839 152 152 280 840 168 168 280 841 169 169 280 842 152 152 281 843 169 169 281 844 153 153 281 845 152 152 282 846 153 153 282 847 136 136 282 848 152 152 283 849 136 136 283 850 173 173 283 851 136 136 284 852 137 137 284 853 170 170 284 854 136 136 285 855 170 170 285 856 173 173 285 857 137 137 286 858 138 138 286 859 170 170 286 860 138 138 287 861 139 139 287 862 170 170 287 863 139 139 288 864 140 140 288 865 170 170 288 866 140 140 289 867 141 141 289 868 171 171 289 869 140 140 290 870 171 171 290 871 170 170 290 872 141 141 291 873 142 142 291 874 171 171 291 875 142 142 292 876 143 143 292 877 171 171 292 878 143 143 293 879 144 144 293 880 145 145 293 881 143 143 294 882 145 145 294 883 171 171 294 884 145 145 295 885 146 146 295 886 172 172 295 887 146 146 296 888 147 147 296 889 172 172 296 890 147 147 297 891 148 148 297 892 172 172 297 893 148 148 298 894 149 149 298 895 174 174 298 896 148 148 299 897 174 174 299 898 172 172 299 899 149 149 300 900 150 150 300 901 174 174 300 902 150 150 301 903 151 151 301 904 174 174 301 905 151 151 302 906 152 152 302 907 173 173 302 908 151 151 303 909 173 173 303 910 174 174 303 911 173 173 304 912 170 170 304 913 174 174 304 914 170 170 305 915 171 171 305 916 174 174 305 917 171 171 306 918 145 145 306 919 174 174 306 920 145 145 307 921 172 172 307 922 174 174 307 923 153 153 308 924 135 135 308 925 154 154 308 926 154 154 309 927 135 135 309 928 177 177 309 929 154 154 310 930 177 177 310 931 155 155 310 932 156 156 311 933 155 155 311 934 177 177 311 935 156 156 312 936 177 177 312 937 157 157 312 938 157 157 313 939 177 177 313 940 178 178 313 941 158 158 314 942 157 157 314 943 178 178 314 944 158 158 315 945 178 178 315 946 159 159 315 947 159 159 316 948 178 178 316 949 160 160 316 950 160 160 317 951 178 178 317 952 161 161 317 953 162 162 318 954 161 161 318 955 163 163 318 956 163 163 319 957 175 175 319 958 164 164 319 959 165 165 320 960 164 164 320 961 175 175 320 962 166 166 321 963 165 165 321 964 175 175 321 965 166 166 322 966 175 175 322 967 176 176 322 968 167 167 323 969 166 166 323 970 176 176 323 971 168 168 324 972 167 167 324 973 176 176 324 974 169 169 325 975 168 168 325 976 176 176 325 977 169 169 326 978 176 176 326 979 135 135 326 980 169 169 327 981 135 135 327 982 153 153 327 983 178 178 328 984 179 179 328 985 161 161 328 986 161 161 329 987 179 179 329 988 163 163 329 989 163 163 330 990 179 179 330 991 175 175 330 992 176 176 331 993 175 175 331 994 179 179 331 995 181 181 332 996 197 197 332 997 198 198 332 998 181 181 333 999 198 198 333 1000 182 182 333 1001 182 182 334 1002 198 198 334 1003 199 199 334 1004 182 182 335 1005 199 199 335 1006 183 183 335 1007 183 183 336 1008 199 199 336 1009 200 200 336 1010 183 183 337 1011 200 200 337 1012 184 184 337 1013 184 184 338 1014 200 200 338 1015 201 201 338 1016 184 184 339 1017 201 201 339 1018 185 185 339 1019 185 185 340 1020 201 201 340 1021 186 186 340 1022 186 186 341 1023 201 201 341 1024 202 202 341 1025 186 186 342 1026 202 202 342 1027 203 203 342 1028 186 186 343 1029 203 203 343 1030 187 187 343 1031 187 187 344 1032 203 203 344 1033 204 204 344 1034 187 187 345 1035 204 204 345 1036 188 188 345 1037 188 188 346 1038 204 204 346 1039 205 205 346 1040 188 188 347 1041 205 205 347 1042 189 189 347 1043 189 189 348 1044 205 205 348 1045 206 206 348 1046 189 189 349 1047 206 206 349 1048 190 190 349 1049 190 190 350 1050 206 206 350 1051 207 207 350 1052 190 190 351 1053 207 207 351 1054 208 208 351 1055 190 190 352 1056 208 208 352 1057 191 191 352 1058 191 191 353 1059 208 208 353 1060 209 209 353 1061 191 191 354 1062 209 209 354 1063 192 192 354 1064 192 192 355 1065 209 209 355 1066 210 210 355 1067 192 192 356 1068 210 210 356 1069 193 193 356 1070 193 193 357 1071 210 210 357 1072 211 211 357 1073 193 193 358 1074 211 211 358 1075 194 194 358 1076 194 194 359 1077 211 211 359 1078 195 195 359 1079 195 195 360 1080 211 211 360 1081 212 212 360 1082 195 195 361 1083 212 212 361 1084 196 196 361 1085 196 196 362 1086 212 212 362 1087 213 213 362 1088 196 196 363 1089 213 213 363 1090 197 197 363 1091 196 196 364 1092 197 197 364 1093 181 181 364 1094 196 196 365 1095 181 181 365 1096 214 214 365 1097 181 181 366 1098 182 182 366 1099 214 214 366 1100 182 182 367 1101 183 183 367 1102 214 214 367 1103 183 183 368 1104 184 184 368 1105 215 215 368 1106 183 183 369 1107 215 215 369 1108 214 214 369 1109 184 184 370 1110 185 185 370 1111 215 215 370 1112 185 185 371 1113 186 186 371 1114 215 215 371 1115 186 186 372 1116 187 187 372 1117 215 215 372 1118 187 187 373 1119 188 188 373 1120 216 216 373 1121 187 187 374 1122 216 216 374 1123 215 215 374 1124 188 188 375 1125 189 189 375 1126 216 216 375 1127 189 189 376 1128 190 190 376 1129 216 216 376 1130 190 190 377 1131 191 191 377 1132 217 217 377 1133 190 190 378 1134 217 217 378 1135 216 216 378 1136 191 191 379 1137 192 192 379 1138 217 217 379 1139 192 192 380 1140 193 193 380 1141 217 217 380 1142 193 193 381 1143 194 194 381 1144 217 217 381 1145 195 195 382 1146 196 196 382 1147 214 214 382 1148 195 195 383 1149 214 214 383 1150 194 194 383 1151 214 214 384 1152 215 215 384 1153 218 218 384 1154 215 215 385 1155 216 216 385 1156 218 218 385 1157 216 216 386 1158 217 217 386 1159 218 218 386 1160 217 217 387 1161 194 194 387 1162 218 218 387 1163 194 194 388 1164 214 214 388 1165 218 218 388 1166 197 197 389 1167 180 180 389 1168 198 198 389 1169 198 198 390 1170 180 180 390 1171 221 221 390 1172 198 198 391 1173 221 221 391 1174 199 199 391 1175 200 200 392 1176 199 199 392 1177 221 221 392 1178 200 200 393 1179 221 221 393 1180 201 201 393 1181 201 201 394 1182 221 221 394 1183 222 222 394 1184 202 202 395 1185 201 201 395 1186 222 222 395 1187 202 202 396 1188 222 222 396 1189 203 203 396 1190 203 203 397 1191 222 222 397 1192 204 204 397 1193 204 204 398 1194 222 222 398 1195 205 205 398 1196 206 206 399 1197 205 205 399 1198 207 207 399 1199 207 207 400 1200 219 219 400 1201 208 208 400 1202 209 209 401 1203 208 208 401 1204 219 219 401 1205 210 210 402 1206 209 209 402 1207 219 219 402 1208 210 210 403 1209 219 219 403 1210 220 220 403 1211 211 211 404 1212 210 210 404 1213 220 220 404 1214 212 212 405 1215 211 211 405 1216 220 220 405 1217 213 213 406 1218 212 212 406 1219 220 220 406 1220 213 213 407 1221 220 220 407 1222 180 180 407 1223 213 213 408 1224 180 180 408 1225 197 197 408 1226 222 222 409 1227 223 223 409 1228 205 205 409 1229 205 205 410 1230 223 223 410 1231 207 207 410 1232 207 207 411 1233 223 223 411 1234 219 219 411 1235 220 220 412 1236 219 219 412 1237 223 223 412 1238 225 225 413 1239 242 242 413 1240 243 243 413 1241 225 225 414 1242 243 243 414 1243 226 226 414 1244 226 226 415 1245 243 243 415 1246 244 244 415 1247 226 226 416 1248 244 244 416 1249 227 227 416 1250 227 227 417 1251 244 244 417 1252 245 245 417 1253 227 227 418 1254 245 245 418 1255 228 228 418 1256 228 228 419 1257 245 245 419 1258 246 246 419 1259 228 228 420 1260 246 246 420 1261 229 229 420 1262 229 229 421 1263 246 246 421 1264 230 230 421 1265 230 230 422 1266 246 246 422 1267 247 247 422 1268 230 230 423 1269 247 247 423 1270 248 248 423 1271 230 230 424 1272 248 248 424 1273 231 231 424 1274 231 231 425 1275 248 248 425 1276 249 249 425 1277 231 231 426 1278 249 249 426 1279 232 232 426 1280 232 232 427 1281 249 249 427 1282 250 250 427 1283 232 232 428 1284 250 250 428 1285 233 233 428 1286 233 233 429 1287 250 250 429 1288 251 251 429 1289 233 233 430 1290 251 251 430 1291 234 234 430 1292 234 234 431 1293 251 251 431 1294 252 252 431 1295 234 234 432 1296 252 252 432 1297 253 253 432 1298 234 234 433 1299 253 253 433 1300 235 235 433 1301 235 235 434 1302 253 253 434 1303 254 254 434 1304 235 235 435 1305 254 254 435 1306 236 236 435 1307 236 236 436 1308 254 254 436 1309 255 255 436 1310 236 236 437 1311 255 255 437 1312 237 237 437 1313 237 237 438 1314 255 255 438 1315 238 238 438 1316 238 238 439 1317 255 255 439 1318 256 256 439 1319 238 238 440 1320 256 256 440 1321 257 257 440 1322 238 238 441 1323 257 257 441 1324 239 239 441 1325 239 239 442 1326 257 257 442 1327 258 258 442 1328 239 239 443 1329 258 258 443 1330 240 240 443 1331 240 240 444 1332 258 258 444 1333 259 259 444 1334 240 240 445 1335 259 259 445 1336 241 241 445 1337 241 241 446 1338 259 259 446 1339 242 242 446 1340 241 241 447 1341 242 242 447 1342 225 225 447 1343 241 241 448 1344 225 225 448 1345 260 260 448 1346 241 241 449 1347 260 260 449 1348 240 240 449 1349 225 225 450 1350 226 226 450 1351 260 260 450 1352 226 226 451 1353 227 227 451 1354 260 260 451 1355 227 227 452 1356 228 228 452 1357 264 264 452 1358 227 227 453 1359 264 264 453 1360 260 260 453 1361 228 228 454 1362 229 229 454 1363 264 264 454 1364 229 229 455 1365 230 230 455 1366 264 264 455 1367 230 230 456 1368 261 261 456 1369 264 264 456 1370 230 230 457 1371 231 231 457 1372 261 261 457 1373 231 231 458 1374 232 232 458 1375 261 261 458 1376 232 232 459 1377 233 233 459 1378 262 262 459 1379 232 232 460 1380 262 262 460 1381 261 261 460 1382 233 233 461 1383 234 234 461 1384 262 262 461 1385 234 234 462 1386 235 235 462 1387 262 262 462 1388 235 235 463 1389 236 236 463 1390 262 262 463 1391 236 236 464 1392 263 263 464 1393 262 262 464 1394 236 236 465 1395 237 237 465 1396 263 263 465 1397 237 237 466 1398 238 238 466 1399 263 263 466 1400 238 238 467 1401 239 239 467 1402 240 240 467 1403 238 238 468 1404 240 240 468 1405 263 263 468 1406 240 240 469 1407 260 260 469 1408 264 264 469 1409 261 261 470 1410 262 262 470 1411 264 264 470 1412 262 262 471 1413 263 263 471 1414 264 264 471 1415 263 263 472 1416 240 240 472 1417 264 264 472 1418 242 242 473 1419 224 224 473 1420 243 243 473 1421 243 243 474 1422 224 224 474 1423 267 267 474 1424 243 243 475 1425 267 267 475 1426 244 244 475 1427 245 245 476 1428 244 244 476 1429 267 267 476 1430 245 245 477 1431 267 267 477 1432 246 246 477 1433 246 246 478 1434 267 267 478 1435 268 268 478 1436 247 247 479 1437 246 246 479 1438 268 268 479 1439 247 247 480 1440 268 268 480 1441 248 248 480 1442 248 248 481 1443 268 268 481 1444 249 249 481 1445 249 249 482 1446 268 268 482 1447 250 250 482 1448 251 251 483 1449 250 250 483 1450 252 252 483 1451 252 252 484 1452 265 265 484 1453 253 253 484 1454 254 254 485 1455 253 253 485 1456 265 265 485 1457 255 255 486 1458 254 254 486 1459 265 265 486 1460 255 255 487 1461 265 265 487 1462 266 266 487 1463 256 256 488 1464 255 255 488 1465 266 266 488 1466 256 256 489 1467 266 266 489 1468 257 257 489 1469 258 258 490 1470 257 257 490 1471 266 266 490 1472 259 259 491 1473 258 258 491 1474 266 266 491 1475 259 259 492 1476 266 266 492 1477 224 224 492 1478 259 259 493 1479 224 224 493 1480 242 242 493 1481 268 268 494 1482 269 269 494 1483 250 250 494 1484 250 250 495 1485 269 269 495 1486 252 252 495 1487 252 252 496 1488 269 269 496 1489 265 265 496 1490 266 266 497 1491 265 265 497 1492 269 269 497 1493 271 271 498 1494 287 287 498 1495 288 288 498 1496 271 271 499 1497 288 288 499 1498 272 272 499 1499 272 272 500 1500 288 288 500 1501 289 289 500 1502 272 272 501 1503 289 289 501 1504 273 273 501 1505 273 273 502 1506 289 289 502 1507 290 290 502 1508 273 273 503 1509 290 290 503 1510 274 274 503 1511 274 274 504 1512 290 290 504 1513 291 291 504 1514 274 274 505 1515 291 291 505 1516 275 275 505 1517 275 275 506 1518 291 291 506 1519 276 276 506 1520 276 276 507 1521 291 291 507 1522 292 292 507 1523 276 276 508 1524 292 292 508 1525 293 293 508 1526 276 276 509 1527 293 293 509 1528 277 277 509 1529 277 277 510 1530 293 293 510 1531 294 294 510 1532 277 277 511 1533 294 294 511 1534 278 278 511 1535 278 278 512 1536 294 294 512 1537 295 295 512 1538 278 278 513 1539 295 295 513 1540 279 279 513 1541 279 279 514 1542 295 295 514 1543 296 296 514 1544 279 279 515 1545 296 296 515 1546 280 280 515 1547 280 280 516 1548 296 296 516 1549 297 297 516 1550 280 280 517 1551 297 297 517 1552 298 298 517 1553 280 280 518 1554 298 298 518 1555 281 281 518 1556 281 281 519 1557 298 298 519 1558 299 299 519 1559 281 281 520 1560 299 299 520 1561 282 282 520 1562 282 282 521 1563 299 299 521 1564 283 283 521 1565 283 283 522 1566 299 299 522 1567 300 300 522 1568 283 283 523 1569 300 300 523 1570 284 284 523 1571 284 284 524 1572 300 300 524 1573 301 301 524 1574 284 284 525 1575 301 301 525 1576 302 302 525 1577 284 284 526 1578 302 302 526 1579 285 285 526 1580 285 285 527 1581 302 302 527 1582 303 303 527 1583 285 285 528 1584 303 303 528 1585 286 286 528 1586 286 286 529 1587 303 303 529 1588 304 304 529 1589 286 286 530 1590 304 304 530 1591 287 287 530 1592 286 286 531 1593 287 287 531 1594 271 271 531 1595 286 286 532 1596 271 271 532 1597 308 308 532 1598 271 271 533 1599 272 272 533 1600 309 309 533 1601 271 271 534 1602 309 309 534 1603 308 308 534 1604 272 272 535 1605 273 273 535 1606 309 309 535 1607 273 273 536 1608 274 274 536 1609 309 309 536 1610 274 274 537 1611 275 275 537 1612 305 305 537 1613 274 274 538 1614 305 305 538 1615 309 309 538 1616 275 275 539 1617 276 276 539 1618 305 305 539 1619 276 276 540 1620 277 277 540 1621 305 305 540 1622 277 277 541 1623 278 278 541 1624 305 305 541 1625 278 278 542 1626 306 306 542 1627 305 305 542 1628 278 278 543 1629 279 279 543 1630 306 306 543 1631 279 279 544 1632 280 280 544 1633 306 306 544 1634 280 280 545 1635 281 281 545 1636 282 282 545 1637 280 280 546 1638 282 282 546 1639 306 306 546 1640 283 283 547 1641 307 307 547 1642 282 282 547 1643 283 283 548 1644 284 284 548 1645 307 307 548 1646 284 284 549 1647 285 285 549 1648 307 307 549 1649 285 285 550 1650 286 286 550 1651 308 308 550 1652 285 285 551 1653 308 308 551 1654 307 307 551 1655 305 305 552 1656 306 306 552 1657 309 309 552 1658 306 306 553 1659 282 282 553 1660 309 309 553 1661 282 282 554 1662 307 307 554 1663 309 309 554 1664 307 307 555 1665 308 308 555 1666 309 309 555 1667 287 287 556 1668 270 270 556 1669 288 288 556 1670 288 288 557 1671 270 270 557 1672 312 312 557 1673 288 288 558 1674 312 312 558 1675 289 289 558 1676 290 290 559 1677 289 289 559 1678 312 312 559 1679 290 290 560 1680 312 312 560 1681 291 291 560 1682 291 291 561 1683 312 312 561 1684 313 313 561 1685 292 292 562 1686 291 291 562 1687 313 313 562 1688 292 292 563 1689 313 313 563 1690 293 293 563 1691 293 293 564 1692 313 313 564 1693 294 294 564 1694 294 294 565 1695 313 313 565 1696 295 295 565 1697 296 296 566 1698 295 295 566 1699 297 297 566 1700 297 297 567 1701 310 310 567 1702 298 298 567 1703 299 299 568 1704 298 298 568 1705 310 310 568 1706 300 300 569 1707 299 299 569 1708 310 310 569 1709 300 300 570 1710 310 310 570 1711 311 311 570 1712 301 301 571 1713 300 300 571 1714 311 311 571 1715 301 301 572 1716 311 311 572 1717 302 302 572 1718 303 303 573 1719 302 302 573 1720 311 311 573 1721 304 304 574 1722 303 303 574 1723 311 311 574 1724 304 304 575 1725 311 311 575 1726 270 270 575 1727 304 304 576 1728 270 270 576 1729 287 287 576 1730 313 313 577 1731 314 314 577 1732 295 295 577 1733 295 295 578 1734 314 314 578 1735 297 297 578 1736 297 297 579 1737 314 314 579 1738 310 310 579 1739 311 311 580 1740 310 310 580 1741 314 314 580 1742 316 316 581 1743 332 332 581 1744 333 333 581 1745 316 316 582 1746 333 333 582 1747 317 317 582 1748 317 317 583 1749 333 333 583 1750 334 334 583 1751 317 317 584 1752 334 334 584 1753 318 318 584 1754 318 318 585 1755 334 334 585 1756 335 335 585 1757 318 318 586 1758 335 335 586 1759 319 319 586 1760 319 319 587 1761 335 335 587 1762 336 336 587 1763 319 319 588 1764 336 336 588 1765 320 320 588 1766 320 320 589 1767 336 336 589 1768 321 321 589 1769 321 321 590 1770 336 336 590 1771 337 337 590 1772 321 321 591 1773 337 337 591 1774 338 338 591 1775 321 321 592 1776 338 338 592 1777 322 322 592 1778 322 322 593 1779 338 338 593 1780 339 339 593 1781 322 322 594 1782 339 339 594 1783 323 323 594 1784 323 323 595 1785 339 339 595 1786 340 340 595 1787 323 323 596 1788 340 340 596 1789 324 324 596 1790 324 324 597 1791 340 340 597 1792 341 341 597 1793 324 324 598 1794 341 341 598 1795 342 342 598 1796 324 324 599 1797 342 342 599 1798 325 325 599 1799 325 325 600 1800 342 342 600 1801 343 343 600 1802 325 325 601 1803 343 343 601 1804 326 326 601 1805 326 326 602 1806 343 343 602 1807 344 344 602 1808 326 326 603 1809 344 344 603 1810 327 327 603 1811 327 327 604 1812 344 344 604 1813 345 345 604 1814 327 327 605 1815 345 345 605 1816 328 328 605 1817 328 328 606 1818 345 345 606 1819 329 329 606 1820 329 329 607 1821 345 345 607 1822 346 346 607 1823 329 329 608 1824 346 346 608 1825 347 347 608 1826 329 329 609 1827 347 347 609 1828 330 330 609 1829 330 330 610 1830 347 347 610 1831 348 348 610 1832 330 330 611 1833 348 348 611 1834 331 331 611 1835 331 331 612 1836 348 348 612 1837 349 349 612 1838 331 331 613 1839 349 349 613 1840 332 332 613 1841 331 331 614 1842 332 332 614 1843 316 316 614 1844 331 331 615 1845 316 316 615 1846 350 350 615 1847 331 331 616 1848 350 350 616 1849 353 353 616 1850 316 316 617 1851 317 317 617 1852 350 350 617 1853 317 317 618 1854 318 318 618 1855 350 350 618 1856 318 318 619 1857 319 319 619 1858 350 350 619 1859 319 319 620 1860 351 351 620 1861 350 350 620 1862 319 319 621 1863 320 320 621 1864 351 351 621 1865 320 320 622 1866 321 321 622 1867 351 351 622 1868 321 321 623 1869 322 322 623 1870 352 352 623 1871 321 321 624 1872 352 352 624 1873 351 351 624 1874 322 322 625 1875 323 323 625 1876 352 352 625 1877 323 323 626 1878 324 324 626 1879 352 352 626 1880 324 324 627 1881 325 325 627 1882 352 352 627 1883 326 326 628 1884 327 327 628 1885 354 354 628 1886 326 326 629 1887 354 354 629 1888 325 325 629 1889 327 327 630 1890 328 328 630 1891 354 354 630 1892 328 328 631 1893 329 329 631 1894 354 354 631 1895 329 329 632 1896 353 353 632 1897 354 354 632 1898 329 329 633 1899 330 330 633 1900 353 353 633 1901 330 330 634 1902 331 331 634 1903 353 353 634 1904 353 353 635 1905 350 350 635 1906 354 354 635 1907 350 350 636 1908 351 351 636 1909 354 354 636 1910 351 351 637 1911 352 352 637 1912 354 354 637 1913 352 352 638 1914 325 325 638 1915 354 354 638 1916 332 332 639 1917 315 315 639 1918 333 333 639 1919 333 333 640 1920 315 315 640 1921 357 357 640 1922 333 333 641 1923 357 357 641 1924 334 334 641 1925 335 335 642 1926 334 334 642 1927 357 357 642 1928 335 335 643 1929 357 357 643 1930 336 336 643 1931 336 336 644 1932 357 357 644 1933 358 358 644 1934 337 337 645 1935 336 336 645 1936 358 358 645 1937 337 337 646 1938 358 358 646 1939 338 338 646 1940 338 338 647 1941 358 358 647 1942 339 339 647 1943 339 339 648 1944 358 358 648 1945 340 340 648 1946 341 341 649 1947 340 340 649 1948 342 342 649 1949 342 342 650 1950 355 355 650 1951 343 343 650 1952 344 344 651 1953 343 343 651 1954 355 355 651 1955 345 345 652 1956 344 344 652 1957 355 355 652 1958 345 345 653 1959 355 355 653 1960 356 356 653 1961 346 346 654 1962 345 345 654 1963 356 356 654 1964 346 346 655 1965 356 356 655 1966 347 347 655 1967 348 348 656 1968 347 347 656 1969 356 356 656 1970 349 349 657 1971 348 348 657 1972 356 356 657 1973 349 349 658 1974 356 356 658 1975 315 315 658 1976 349 349 659 1977 315 315 659 1978 332 332 659 1979 358 358 660 1980 359 359 660 1981 340 340 660 1982 340 340 661 1983 359 359 661 1984 342 342 661 1985 342 342 662 1986 359 359 662 1987 355 355 662 1988 356 356 663 1989 355 355 663 1990 359 359 663 1991 361 361 664 1992 378 378 664 1993 379 379 664 1994 361 361 665 1995 379 379 665 1996 362 362 665 1997 362 362 666 1998 379 379 666 1999 363 363 666 2000 363 363 667 2001 379 379 667 2002 380 380 667 2003 363 363 668 2004 380 380 668 2005 364 364 668 2006 364 364 669 2007 380 380 669 2008 381 381 669 2009 364 364 670 2010 381 381 670 2011 365 365 670 2012 365 365 671 2013 381 381 671 2014 382 382 671 2015 365 365 672 2016 382 382 672 2017 366 366 672 2018 366 366 673 2019 382 382 673 2020 383 383 673 2021 366 366 674 2022 383 383 674 2023 367 367 674 2024 367 367 675 2025 383 383 675 2026 384 384 675 2027 367 367 676 2028 384 384 676 2029 368 368 676 2030 368 368 677 2031 384 384 677 2032 385 385 677 2033 368 368 678 2034 385 385 678 2035 369 369 678 2036 369 369 679 2037 385 385 679 2038 386 386 679 2039 369 369 680 2040 386 386 680 2041 370 370 680 2042 370 370 681 2043 386 386 681 2044 387 387 681 2045 370 370 682 2046 387 387 682 2047 371 371 682 2048 371 371 683 2049 387 387 683 2050 388 388 683 2051 371 371 684 2052 388 388 684 2053 389 389 684 2054 371 371 685 2055 389 389 685 2056 372 372 685 2057 372 372 686 2058 389 389 686 2059 390 390 686 2060 372 372 687 2061 390 390 687 2062 373 373 687 2063 373 373 688 2064 390 390 688 2065 391 391 688 2066 373 373 689 2067 391 391 689 2068 374 374 689 2069 374 374 690 2070 391 391 690 2071 375 375 690 2072 375 375 691 2073 391 391 691 2074 392 392 691 2075 375 375 692 2076 392 392 692 2077 376 376 692 2078 376 376 693 2079 392 392 693 2080 393 393 693 2081 376 376 694 2082 393 393 694 2083 377 377 694 2084 377 377 695 2085 393 393 695 2086 394 394 695 2087 377 377 696 2088 394 394 696 2089 378 378 696 2090 377 377 697 2091 378 378 697 2092 361 361 697 2093 377 377 698 2094 361 361 698 2095 362 362 698 2096 377 377 699 2097 362 362 699 2098 397 397 699 2099 363 363 700 2100 364 364 700 2101 398 398 700 2102 363 363 701 2103 398 398 701 2104 362 362 701 2105 364 364 702 2106 365 365 702 2107 398 398 702 2108 365 365 703 2109 366 366 703 2110 398 398 703 2111 366 366 704 2112 367 367 704 2113 398 398 704 2114 368 368 705 2115 369 369 705 2116 395 395 705 2117 368 368 706 2118 395 395 706 2119 367 367 706 2120 369 369 707 2121 370 370 707 2122 395 395 707 2123 370 370 708 2124 371 371 708 2125 395 395 708 2126 371 371 709 2127 396 396 709 2128 395 395 709 2129 371 371 710 2130 372 372 710 2131 396 396 710 2132 372 372 711 2133 373 373 711 2134 396 396 711 2135 373 373 712 2136 374 374 712 2137 396 396 712 2138 374 374 713 2139 375 375 713 2140 396 396 713 2141 375 375 714 2142 397 397 714 2143 396 396 714 2144 375 375 715 2145 376 376 715 2146 397 397 715 2147 376 376 716 2148 377 377 716 2149 397 397 716 2150 397 397 717 2151 362 362 717 2152 398 398 717 2153 367 367 718 2154 395 395 718 2155 398 398 718 2156 395 395 719 2157 396 396 719 2158 398 398 719 2159 396 396 720 2160 397 397 720 2161 398 398 720 2162 378 378 721 2163 360 360 721 2164 379 379 721 2165 379 379 722 2166 360 360 722 2167 401 401 722 2168 379 379 723 2169 401 401 723 2170 380 380 723 2171 381 381 724 2172 380 380 724 2173 401 401 724 2174 381 381 725 2175 401 401 725 2176 382 382 725 2177 382 382 726 2178 401 401 726 2179 402 402 726 2180 383 383 727 2181 382 382 727 2182 402 402 727 2183 383 383 728 2184 402 402 728 2185 384 384 728 2186 384 384 729 2187 402 402 729 2188 385 385 729 2189 385 385 730 2190 402 402 730 2191 386 386 730 2192 387 387 731 2193 386 386 731 2194 388 388 731 2195 388 388 732 2196 399 399 732 2197 389 389 732 2198 390 390 733 2199 389 389 733 2200 399 399 733 2201 391 391 734 2202 390 390 734 2203 399 399 734 2204 391 391 735 2205 399 399 735 2206 400 400 735 2207 392 392 736 2208 391 391 736 2209 400 400 736 2210 393 393 737 2211 392 392 737 2212 400 400 737 2213 394 394 738 2214 393 393 738 2215 400 400 738 2216 394 394 739 2217 400 400 739 2218 360 360 739 2219 394 394 740 2220 360 360 740 2221 378 378 740 2222 402 402 741 2223 403 403 741 2224 386 386 741 2225 386 386 742 2226 403 403 742 2227 388 388 742 2228 388 388 743 2229 403 403 743 2230 399 399 743 2231 400 400 744 2232 399 399 744 2233 403 403 744 2234 407 407 745 2235 424 424 745 2236 425 425 745 2237 407 407 746 2238 425 425 746 2239 408 408 746 2240 408 408 747 2241 425 425 747 2242 426 426 747 2243 408 408 748 2244 426 426 748 2245 409 409 748 2246 409 409 749 2247 426 426 749 2248 427 427 749 2249 409 409 750 2250 427 427 750 2251 410 410 750 2252 410 410 751 2253 427 427 751 2254 428 428 751 2255 410 410 752 2256 428 428 752 2257 411 411 752 2258 411 411 753 2259 428 428 753 2260 412 412 753 2261 412 412 754 2262 428 428 754 2263 429 429 754 2264 412 412 755 2265 429 429 755 2266 430 430 755 2267 412 412 756 2268 430 430 756 2269 413 413 756 2270 413 413 757 2271 430 430 757 2272 431 431 757 2273 413 413 758 2274 431 431 758 2275 414 414 758 2276 414 414 759 2277 431 431 759 2278 415 415 759 2279 415 415 760 2280 431 431 760 2281 432 432 760 2282 415 415 761 2283 432 432 761 2284 433 433 761 2285 415 415 762 2286 433 433 762 2287 416 416 762 2288 416 416 763 2289 433 433 763 2290 434 434 763 2291 416 416 764 2292 434 434 764 2293 435 435 764 2294 416 416 765 2295 435 435 765 2296 417 417 765 2297 417 417 766 2298 435 435 766 2299 436 436 766 2300 417 417 767 2301 436 436 767 2302 418 418 767 2303 418 418 768 2304 436 436 768 2305 419 419 768 2306 419 419 769 2307 436 436 769 2308 437 437 769 2309 419 419 770 2310 437 437 770 2311 420 420 770 2312 420 420 771 2313 437 437 771 2314 421 421 771 2315 421 421 772 2316 437 437 772 2317 438 438 772 2318 421 421 773 2319 438 438 773 2320 439 439 773 2321 421 421 774 2322 439 439 774 2323 422 422 774 2324 422 422 775 2325 439 439 775 2326 440 440 775 2327 422 422 776 2328 440 440 776 2329 423 423 776 2330 423 423 777 2331 440 440 777 2332 441 441 777 2333 423 423 778 2334 441 441 778 2335 424 424 778 2336 423 423 779 2337 424 424 779 2338 407 407 779 2339 423 423 780 2340 407 407 780 2341 445 445 780 2342 407 407 781 2343 408 408 781 2344 442 442 781 2345 407 407 782 2346 442 442 782 2347 445 445 782 2348 408 408 783 2349 409 409 783 2350 442 442 783 2351 409 409 784 2352 410 410 784 2353 442 442 784 2354 410 410 785 2355 446 446 785 2356 442 442 785 2357 410 410 786 2358 411 411 786 2359 446 446 786 2360 411 411 787 2361 412 412 787 2362 446 446 787 2363 412 412 788 2364 413 413 788 2365 414 414 788 2366 412 412 789 2367 414 414 789 2368 446 446 789 2369 415 415 790 2370 443 443 790 2371 414 414 790 2372 415 415 791 2373 416 416 791 2374 443 443 791 2375 416 416 792 2376 417 417 792 2377 443 443 792 2378 417 417 793 2379 418 418 793 2380 419 419 793 2381 417 417 794 2382 419 419 794 2383 443 443 794 2384 419 419 795 2385 420 420 795 2386 444 444 795 2387 420 420 796 2388 421 421 796 2389 444 444 796 2390 421 421 797 2391 422 422 797 2392 444 444 797 2393 422 422 798 2394 423 423 798 2395 445 445 798 2396 422 422 799 2397 445 445 799 2398 444 444 799 2399 445 445 800 2400 442 442 800 2401 446 446 800 2402 414 414 801 2403 443 443 801 2404 446 446 801 2405 443 443 802 2406 419 419 802 2407 446 446 802 2408 419 419 803 2409 444 444 803 2410 446 446 803 2411 444 444 804 2412 445 445 804 2413 446 446 804 2414 424 424 805 2415 404 404 805 2416 425 425 805 2417 425 425 806 2418 404 404 806 2419 447 447 806 2420 425 425 807 2421 447 447 807 2422 426 426 807 2423 427 427 808 2424 426 426 808 2425 447 447 808 2426 427 427 809 2427 447 447 809 2428 428 428 809 2429 428 428 810 2430 447 447 810 2431 448 448 810 2432 429 429 811 2433 428 428 811 2434 448 448 811 2435 429 429 812 2436 448 448 812 2437 430 430 812 2438 430 430 813 2439 448 448 813 2440 431 431 813 2441 431 431 814 2442 448 448 814 2443 432 432 814 2444 433 433 815 2445 432 432 815 2446 434 434 815 2447 434 434 816 2448 449 449 816 2449 435 435 816 2450 436 436 817 2451 435 435 817 2452 449 449 817 2453 436 436 818 2454 449 449 818 2455 405 405 818 2456 437 437 819 2457 436 436 819 2458 405 405 819 2459 438 438 820 2460 437 437 820 2461 405 405 820 2462 438 438 821 2463 405 405 821 2464 406 406 821 2465 438 438 822 2466 406 406 822 2467 439 439 822 2468 440 440 823 2469 439 439 823 2470 406 406 823 2471 441 441 824 2472 440 440 824 2473 406 406 824 2474 441 441 825 2475 406 406 825 2476 404 404 825 2477 441 441 826 2478 404 404 826 2479 424 424 826 2480 448 448 827 2481 449 449 827 2482 432 432 827 2483 432 432 828 2484 449 449 828 2485 434 434 828 2486 451 451 829 2487 467 467 829 2488 468 468 829 2489 451 451 830 2490 468 468 830 2491 452 452 830 2492 452 452 831 2493 468 468 831 2494 469 469 831 2495 452 452 832 2496 469 469 832 2497 453 453 832 2498 453 453 833 2499 469 469 833 2500 470 470 833 2501 453 453 834 2502 470 470 834 2503 454 454 834 2504 454 454 835 2505 470 470 835 2506 471 471 835 2507 454 454 836 2508 471 471 836 2509 455 455 836 2510 455 455 837 2511 471 471 837 2512 456 456 837 2513 456 456 838 2514 471 471 838 2515 472 472 838 2516 456 456 839 2517 472 472 839 2518 473 473 839 2519 456 456 840 2520 473 473 840 2521 457 457 840 2522 457 457 841 2523 473 473 841 2524 474 474 841 2525 457 457 842 2526 474 474 842 2527 458 458 842 2528 458 458 843 2529 474 474 843 2530 475 475 843 2531 458 458 844 2532 475 475 844 2533 459 459 844 2534 459 459 845 2535 475 475 845 2536 476 476 845 2537 459 459 846 2538 476 476 846 2539 460 460 846 2540 460 460 847 2541 476 476 847 2542 477 477 847 2543 460 460 848 2544 477 477 848 2545 478 478 848 2546 460 460 849 2547 478 478 849 2548 461 461 849 2549 461 461 850 2550 478 478 850 2551 479 479 850 2552 461 461 851 2553 479 479 851 2554 462 462 851 2555 462 462 852 2556 479 479 852 2557 463 463 852 2558 463 463 853 2559 479 479 853 2560 480 480 853 2561 463 463 854 2562 480 480 854 2563 464 464 854 2564 464 464 855 2565 480 480 855 2566 481 481 855 2567 464 464 856 2568 481 481 856 2569 482 482 856 2570 464 464 857 2571 482 482 857 2572 465 465 857 2573 465 465 858 2574 482 482 858 2575 483 483 858 2576 465 465 859 2577 483 483 859 2578 466 466 859 2579 466 466 860 2580 483 483 860 2581 484 484 860 2582 466 466 861 2583 484 484 861 2584 467 467 861 2585 466 466 862 2586 467 467 862 2587 451 451 862 2588 466 466 863 2589 451 451 863 2590 489 489 863 2591 451 451 864 2592 452 452 864 2593 485 485 864 2594 451 451 865 2595 485 485 865 2596 489 489 865 2597 452 452 866 2598 453 453 866 2599 485 485 866 2600 453 453 867 2601 454 454 867 2602 485 485 867 2603 454 454 868 2604 455 455 868 2605 485 485 868 2606 455 455 869 2607 456 456 869 2608 486 486 869 2609 455 455 870 2610 486 486 870 2611 485 485 870 2612 456 456 871 2613 457 457 871 2614 486 486 871 2615 457 457 872 2616 458 458 872 2617 486 486 872 2618 458 458 873 2619 487 487 873 2620 486 486 873 2621 458 458 874 2622 459 459 874 2623 487 487 874 2624 459 459 875 2625 460 460 875 2626 487 487 875 2627 460 460 876 2628 461 461 876 2629 462 462 876 2630 460 460 877 2631 462 462 877 2632 487 487 877 2633 463 463 878 2634 488 488 878 2635 462 462 878 2636 463 463 879 2637 464 464 879 2638 488 488 879 2639 464 464 880 2640 465 465 880 2641 488 488 880 2642 465 465 881 2643 466 466 881 2644 489 489 881 2645 465 465 882 2646 489 489 882 2647 488 488 882 2648 489 489 883 2649 485 485 883 2650 490 490 883 2651 485 485 884 2652 486 486 884 2653 490 490 884 2654 486 486 885 2655 487 487 885 2656 490 490 885 2657 487 487 886 2658 462 462 886 2659 490 490 886 2660 462 462 887 2661 488 488 887 2662 490 490 887 2663 488 488 888 2664 489 489 888 2665 490 490 888 2666 467 467 889 2667 450 450 889 2668 468 468 889 2669 468 468 890 2670 450 450 890 2671 493 493 890 2672 468 468 891 2673 493 493 891 2674 469 469 891 2675 470 470 892 2676 469 469 892 2677 493 493 892 2678 470 470 893 2679 493 493 893 2680 471 471 893 2681 471 471 894 2682 493 493 894 2683 494 494 894 2684 472 472 895 2685 471 471 895 2686 494 494 895 2687 472 472 896 2688 494 494 896 2689 473 473 896 2690 473 473 897 2691 494 494 897 2692 474 474 897 2693 474 474 898 2694 494 494 898 2695 475 475 898 2696 476 476 899 2697 475 475 899 2698 477 477 899 2699 477 477 900 2700 491 491 900 2701 478 478 900 2702 479 479 901 2703 478 478 901 2704 491 491 901 2705 480 480 902 2706 479 479 902 2707 491 491 902 2708 480 480 903 2709 491 491 903 2710 492 492 903 2711 481 481 904 2712 480 480 904 2713 492 492 904 2714 481 481 905 2715 492 492 905 2716 482 482 905 2717 483 483 906 2718 482 482 906 2719 492 492 906 2720 484 484 907 2721 483 483 907 2722 492 492 907 2723 484 484 908 2724 492 492 908 2725 450 450 908 2726 484 484 909 2727 450 450 909 2728 467 467 909 2729 494 494 910 2730 495 495 910 2731 475 475 910 2732 475 475 911 2733 495 495 911 2734 477 477 911 2735 477 477 912 2736 495 495 912 2737 491 491 912 2738 492 492 913 2739 491 491 913 2740 495 495 913 2741 497 497 914 2742 515 515 914 2743 516 516 914 2744 497 497 915 2745 516 516 915 2746 498 498 915 2747 498 498 916 2748 516 516 916 2749 499 499 916 2750 499 499 917 2751 516 516 917 2752 517 517 917 2753 499 499 918 2754 517 517 918 2755 500 500 918 2756 500 500 919 2757 517 517 919 2758 518 518 919 2759 500 500 920 2760 518 518 920 2761 501 501 920 2762 501 501 921 2763 518 518 921 2764 519 519 921 2765 501 501 922 2766 519 519 922 2767 502 502 922 2768 502 502 923 2769 519 519 923 2770 520 520 923 2771 502 502 924 2772 520 520 924 2773 503 503 924 2774 503 503 925 2775 520 520 925 2776 521 521 925 2777 503 503 926 2778 521 521 926 2779 504 504 926 2780 504 504 927 2781 521 521 927 2782 522 522 927 2783 504 504 928 2784 522 522 928 2785 505 505 928 2786 505 505 929 2787 522 522 929 2788 523 523 929 2789 505 505 930 2790 523 523 930 2791 506 506 930 2792 506 506 931 2793 523 523 931 2794 524 524 931 2795 506 506 932 2796 524 524 932 2797 507 507 932 2798 507 507 933 2799 524 524 933 2800 525 525 933 2801 507 507 934 2802 525 525 934 2803 526 526 934 2804 507 507 935 2805 526 526 935 2806 508 508 935 2807 508 508 936 2808 526 526 936 2809 527 527 936 2810 508 508 937 2811 527 527 937 2812 509 509 937 2813 509 509 938 2814 527 527 938 2815 528 528 938 2816 509 509 939 2817 528 528 939 2818 510 510 939 2819 510 510 940 2820 528 528 940 2821 511 511 940 2822 511 511 941 2823 528 528 941 2824 529 529 941 2825 511 511 942 2826 529 529 942 2827 512 512 942 2828 512 512 943 2829 529 529 943 2830 513 513 943 2831 513 513 944 2832 529 529 944 2833 530 530 944 2834 513 513 945 2835 530 530 945 2836 514 514 945 2837 514 514 946 2838 530 530 946 2839 531 531 946 2840 514 514 947 2841 531 531 947 2842 515 515 947 2843 514 514 948 2844 515 515 948 2845 497 497 948 2846 514 514 949 2847 497 497 949 2848 498 498 949 2849 514 514 950 2850 498 498 950 2851 535 535 950 2852 499 499 951 2853 500 500 951 2854 532 532 951 2855 499 499 952 2856 532 532 952 2857 498 498 952 2858 500 500 953 2859 501 501 953 2860 532 532 953 2861 501 501 954 2862 502 502 954 2863 532 532 954 2864 502 502 955 2865 503 503 955 2866 532 532 955 2867 504 504 956 2868 505 505 956 2869 533 533 956 2870 504 504 957 2871 533 533 957 2872 503 503 957 2873 505 505 958 2874 506 506 958 2875 533 533 958 2876 506 506 959 2877 507 507 959 2878 533 533 959 2879 507 507 960 2880 534 534 960 2881 533 533 960 2882 507 507 961 2883 508 508 961 2884 534 534 961 2885 508 508 962 2886 509 509 962 2887 534 534 962 2888 509 509 963 2889 510 510 963 2890 511 511 963 2891 509 509 964 2892 511 511 964 2893 534 534 964 2894 511 511 965 2895 512 512 965 2896 535 535 965 2897 512 512 966 2898 513 513 966 2899 535 535 966 2900 513 513 967 2901 514 514 967 2902 535 535 967 2903 535 535 968 2904 498 498 968 2905 536 536 968 2906 498 498 969 2907 532 532 969 2908 536 536 969 2909 532 532 970 2910 503 503 970 2911 536 536 970 2912 503 503 971 2913 533 533 971 2914 536 536 971 2915 533 533 972 2916 534 534 972 2917 536 536 972 2918 534 534 973 2919 511 511 973 2920 536 536 973 2921 511 511 974 2922 535 535 974 2923 536 536 974 2924 515 515 975 2925 496 496 975 2926 516 516 975 2927 516 516 976 2928 496 496 976 2929 539 539 976 2930 516 516 977 2931 539 539 977 2932 517 517 977 2933 518 518 978 2934 517 517 978 2935 539 539 978 2936 518 518 979 2937 539 539 979 2938 519 519 979 2939 519 519 980 2940 539 539 980 2941 540 540 980 2942 520 520 981 2943 519 519 981 2944 540 540 981 2945 520 520 982 2946 540 540 982 2947 521 521 982 2948 521 521 983 2949 540 540 983 2950 522 522 983 2951 522 522 984 2952 540 540 984 2953 523 523 984 2954 524 524 985 2955 523 523 985 2956 525 525 985 2957 525 525 986 2958 537 537 986 2959 526 526 986 2960 527 527 987 2961 526 526 987 2962 537 537 987 2963 528 528 988 2964 527 527 988 2965 537 537 988 2966 528 528 989 2967 537 537 989 2968 538 538 989 2969 529 529 990 2970 528 528 990 2971 538 538 990 2972 530 530 991 2973 529 529 991 2974 538 538 991 2975 531 531 992 2976 530 530 992 2977 538 538 992 2978 531 531 993 2979 538 538 993 2980 496 496 993 2981 531 531 994 2982 496 496 994 2983 515 515 994 2984 540 540 995 2985 541 541 995 2986 523 523 995 2987 523 523 996 2988 541 541 996 2989 525 525 996 2990 525 525 997 2991 541 541 997 2992 537 537 997 2993 538 538 998 2994 537 537 998 2995 541 541 998 2996 543 543 999 2997 560 560 999 2998 561 561 999 2999 543 543 1000 3000 561 561 1000 3001 544 544 1000 3002 544 544 1001 3003 561 561 1001 3004 562 562 1001 3005 544 544 1002 3006 562 562 1002 3007 545 545 1002 3008 545 545 1003 3009 562 562 1003 3010 563 563 1003 3011 545 545 1004 3012 563 563 1004 3013 546 546 1004 3014 546 546 1005 3015 563 563 1005 3016 564 564 1005 3017 546 546 1006 3018 564 564 1006 3019 547 547 1006 3020 547 547 1007 3021 564 564 1007 3022 548 548 1007 3023 548 548 1008 3024 564 564 1008 3025 565 565 1008 3026 548 548 1009 3027 565 565 1009 3028 566 566 1009 3029 548 548 1010 3030 566 566 1010 3031 549 549 1010 3032 549 549 1011 3033 566 566 1011 3034 567 567 1011 3035 549 549 1012 3036 567 567 1012 3037 550 550 1012 3038 550 550 1013 3039 567 567 1013 3040 551 551 1013 3041 551 551 1014 3042 567 567 1014 3043 568 568 1014 3044 551 551 1015 3045 568 568 1015 3046 569 569 1015 3047 551 551 1016 3048 569 569 1016 3049 552 552 1016 3050 552 552 1017 3051 569 569 1017 3052 570 570 1017 3053 552 552 1018 3054 570 570 1018 3055 571 571 1018 3056 552 552 1019 3057 571 571 1019 3058 553 553 1019 3059 553 553 1020 3060 571 571 1020 3061 572 572 1020 3062 553 553 1021 3063 572 572 1021 3064 554 554 1021 3065 554 554 1022 3066 572 572 1022 3067 573 573 1022 3068 554 554 1023 3069 573 573 1023 3070 555 555 1023 3071 555 555 1024 3072 573 573 1024 3073 556 556 1024 3074 556 556 1025 3075 573 573 1025 3076 574 574 1025 3077 556 556 1026 3078 574 574 1026 3079 575 575 1026 3080 556 556 1027 3081 575 575 1027 3082 557 557 1027 3083 557 557 1028 3084 575 575 1028 3085 576 576 1028 3086 557 557 1029 3087 576 576 1029 3088 558 558 1029 3089 558 558 1030 3090 576 576 1030 3091 577 577 1030 3092 558 558 1031 3093 577 577 1031 3094 559 559 1031 3095 559 559 1032 3096 577 577 1032 3097 560 560 1032 3098 559 559 1033 3099 560 560 1033 3100 543 543 1033 3101 543 543 1034 3102 578 578 1034 3103 559 559 1034 3104 543 543 1035 3105 544 544 1035 3106 578 578 1035 3107 544 544 1036 3108 545 545 1036 3109 578 578 1036 3110 545 545 1037 3111 546 546 1037 3112 578 578 1037 3113 546 546 1038 3114 581 581 1038 3115 578 578 1038 3116 546 546 1039 3117 547 547 1039 3118 581 581 1039 3119 547 547 1040 3120 548 548 1040 3121 581 581 1040 3122 548 548 1041 3123 549 549 1041 3124 550 550 1041 3125 548 548 1042 3126 550 550 1042 3127 581 581 1042 3128 551 551 1043 3129 579 579 1043 3130 550 550 1043 3131 551 551 1044 3132 552 552 1044 3133 579 579 1044 3134 552 552 1045 3135 553 553 1045 3136 579 579 1045 3137 553 553 1046 3138 554 554 1046 3139 579 579 1046 3140 554 554 1047 3141 555 555 1047 3142 580 580 1047 3143 554 554 1048 3144 580 580 1048 3145 579 579 1048 3146 555 555 1049 3147 556 556 1049 3148 580 580 1049 3149 556 556 1050 3150 557 557 1050 3151 580 580 1050 3152 557 557 1051 3153 558 558 1051 3154 559 559 1051 3155 557 557 1052 3156 559 559 1052 3157 580 580 1052 3158 559 559 1053 3159 578 578 1053 3160 581 581 1053 3161 550 550 1054 3162 579 579 1054 3163 581 581 1054 3164 579 579 1055 3165 580 580 1055 3166 581 581 1055 3167 580 580 1056 3168 559 559 1056 3169 581 581 1056 3170 560 560 1057 3171 542 542 1057 3172 561 561 1057 3173 561 561 1058 3174 542 542 1058 3175 584 584 1058 3176 561 561 1059 3177 584 584 1059 3178 562 562 1059 3179 563 563 1060 3180 562 562 1060 3181 584 584 1060 3182 563 563 1061 3183 584 584 1061 3184 564 564 1061 3185 564 564 1062 3186 584 584 1062 3187 585 585 1062 3188 565 565 1063 3189 564 564 1063 3190 585 585 1063 3191 565 565 1064 3192 585 585 1064 3193 566 566 1064 3194 566 566 1065 3195 585 585 1065 3196 567 567 1065 3197 567 567 1066 3198 585 585 1066 3199 568 568 1066 3200 569 569 1067 3201 568 568 1067 3202 570 570 1067 3203 570 570 1068 3204 582 582 1068 3205 571 571 1068 3206 572 572 1069 3207 571 571 1069 3208 582 582 1069 3209 573 573 1070 3210 572 572 1070 3211 582 582 1070 3212 573 573 1071 3213 582 582 1071 3214 583 583 1071 3215 574 574 1072 3216 573 573 1072 3217 583 583 1072 3218 574 574 1073 3219 583 583 1073 3220 575 575 1073 3221 576 576 1074 3222 575 575 1074 3223 583 583 1074 3224 577 577 1075 3225 576 576 1075 3226 583 583 1075 3227 577 577 1076 3228 583 583 1076 3229 542 542 1076 3230 577 577 1077 3231 542 542 1077 3232 560 560 1077 3233 585 585 1078 3234 586 586 1078 3235 568 568 1078 3236 568 568 1079 3237 586 586 1079 3238 570 570 1079 3239 570 570 1080 3240 586 586 1080 3241 582 582 1080 3242 583 583 1081 3243 582 582 1081 3244 586 586 1081 3245 588 588 1082 3246 606 606 1082 3247 607 607 1082 3248 588 588 1083 3249 607 607 1083 3250 589 589 1083 3251 589 589 1084 3252 607 607 1084 3253 590 590 1084 3254 590 590 1085 3255 607 607 1085 3256 608 608 1085 3257 590 590 1086 3258 608 608 1086 3259 591 591 1086 3260 591 591 1087 3261 608 608 1087 3262 609 609 1087 3263 591 591 1088 3264 609 609 1088 3265 592 592 1088 3266 592 592 1089 3267 609 609 1089 3268 610 610 1089 3269 592 592 1090 3270 610 610 1090 3271 593 593 1090 3272 593 593 1091 3273 610 610 1091 3274 611 611 1091 3275 593 593 1092 3276 611 611 1092 3277 594 594 1092 3278 594 594 1093 3279 611 611 1093 3280 612 612 1093 3281 594 594 1094 3282 612 612 1094 3283 595 595 1094 3284 595 595 1095 3285 612 612 1095 3286 613 613 1095 3287 595 595 1096 3288 613 613 1096 3289 596 596 1096 3290 596 596 1097 3291 613 613 1097 3292 614 614 1097 3293 596 596 1098 3294 614 614 1098 3295 597 597 1098 3296 597 597 1099 3297 614 614 1099 3298 615 615 1099 3299 597 597 1100 3300 615 615 1100 3301 598 598 1100 3302 598 598 1101 3303 615 615 1101 3304 616 616 1101 3305 598 598 1102 3306 616 616 1102 3307 599 599 1102 3308 599 599 1103 3309 616 616 1103 3310 617 617 1103 3311 599 599 1104 3312 617 617 1104 3313 600 600 1104 3314 600 600 1105 3315 617 617 1105 3316 618 618 1105 3317 600 600 1106 3318 618 618 1106 3319 601 601 1106 3320 601 601 1107 3321 618 618 1107 3322 602 602 1107 3323 602 602 1108 3324 618 618 1108 3325 619 619 1108 3326 602 602 1109 3327 619 619 1109 3328 603 603 1109 3329 603 603 1110 3330 619 619 1110 3331 620 620 1110 3332 603 603 1111 3333 620 620 1111 3334 604 604 1111 3335 604 604 1112 3336 620 620 1112 3337 621 621 1112 3338 604 604 1113 3339 621 621 1113 3340 605 605 1113 3341 605 605 1114 3342 621 621 1114 3343 622 622 1114 3344 605 605 1115 3345 622 622 1115 3346 606 606 1115 3347 605 605 1116 3348 606 606 1116 3349 588 588 1116 3350 605 605 1117 3351 588 588 1117 3352 589 589 1117 3353 605 605 1118 3354 589 589 1118 3355 625 625 1118 3356 590 590 1119 3357 591 591 1119 3358 626 626 1119 3359 590 590 1120 3360 626 626 1120 3361 589 589 1120 3362 591 591 1121 3363 592 592 1121 3364 626 626 1121 3365 592 592 1122 3366 593 593 1122 3367 626 626 1122 3368 593 593 1123 3369 594 594 1123 3370 626 626 1123 3371 595 595 1124 3372 596 596 1124 3373 623 623 1124 3374 595 595 1125 3375 623 623 1125 3376 594 594 1125 3377 596 596 1126 3378 597 597 1126 3379 623 623 1126 3380 597 597 1127 3381 598 598 1127 3382 623 623 1127 3383 598 598 1128 3384 624 624 1128 3385 623 623 1128 3386 598 598 1129 3387 599 599 1129 3388 624 624 1129 3389 599 599 1130 3390 600 600 1130 3391 624 624 1130 3392 600 600 1131 3393 601 601 1131 3394 602 602 1131 3395 600 600 1132 3396 602 602 1132 3397 624 624 1132 3398 602 602 1133 3399 603 603 1133 3400 625 625 1133 3401 603 603 1134 3402 604 604 1134 3403 625 625 1134 3404 604 604 1135 3405 605 605 1135 3406 625 625 1135 3407 625 625 1136 3408 589 589 1136 3409 626 626 1136 3410 594 594 1137 3411 623 623 1137 3412 626 626 1137 3413 623 623 1138 3414 624 624 1138 3415 626 626 1138 3416 624 624 1139 3417 602 602 1139 3418 626 626 1139 3419 602 602 1140 3420 625 625 1140 3421 626 626 1140 3422 606 606 1141 3423 627 627 1141 3424 607 607 1141 3425 607 607 1142 3426 627 627 1142 3427 628 628 1142 3428 607 607 1143 3429 628 628 1143 3430 608 608 1143 3431 609 609 1144 3432 608 608 1144 3433 628 628 1144 3434 609 609 1145 3435 628 628 1145 3436 629 629 1145 3437 609 609 1146 3438 629 629 1146 3439 610 610 1146 3440 611 611 1147 3441 610 610 1147 3442 629 629 1147 3443 611 611 1148 3444 629 629 1148 3445 630 630 1148 3446 611 611 1149 3447 630 630 1149 3448 612 612 1149 3449 612 612 1150 3450 630 630 1150 3451 613 613 1150 3452 613 613 1151 3453 630 630 1151 3454 614 614 1151 3455 615 615 1152 3456 614 614 1152 3457 631 631 1152 3458 615 615 1153 3459 631 631 1153 3460 616 616 1153 3461 617 617 1154 3462 616 616 1154 3463 631 631 1154 3464 617 617 1155 3465 631 631 1155 3466 587 587 1155 3467 618 618 1156 3468 617 617 1156 3469 587 587 1156 3470 619 619 1157 3471 618 618 1157 3472 587 587 1157 3473 619 619 1158 3474 587 587 1158 3475 621 621 1158 3476 619 619 1159 3477 621 621 1159 3478 620 620 1159 3479 622 622 1160 3480 621 621 1160 3481 627 627 1160 3482 622 622 1161 3483 627 627 1161 3484 606 606 1161 3485 629 629 1162 3486 628 628 1162 3487 627 627 1162 3488 614 614 1163 3489 630 630 1163 3490 631 631 1163 3491 621 621 1164 3492 587 587 1164 3493 627 627 1164 3494 635 635 1165 3495 651 651 1165 3496 652 652 1165 3497 635 635 1166 3498 652 652 1166 3499 636 636 1166 3500 636 636 1167 3501 652 652 1167 3502 653 653 1167 3503 636 636 1168 3504 653 653 1168 3505 637 637 1168 3506 637 637 1169 3507 653 653 1169 3508 654 654 1169 3509 637 637 1170 3510 654 654 1170 3511 638 638 1170 3512 638 638 1171 3513 654 654 1171 3514 655 655 1171 3515 638 638 1172 3516 655 655 1172 3517 639 639 1172 3518 639 639 1173 3519 655 655 1173 3520 640 640 1173 3521 640 640 1174 3522 655 655 1174 3523 656 656 1174 3524 640 640 1175 3525 656 656 1175 3526 657 657 1175 3527 640 640 1176 3528 657 657 1176 3529 641 641 1176 3530 641 641 1177 3531 657 657 1177 3532 658 658 1177 3533 641 641 1178 3534 658 658 1178 3535 642 642 1178 3536 642 642 1179 3537 658 658 1179 3538 659 659 1179 3539 642 642 1180 3540 659 659 1180 3541 643 643 1180 3542 643 643 1181 3543 659 659 1181 3544 660 660 1181 3545 643 643 1182 3546 660 660 1182 3547 644 644 1182 3548 644 644 1183 3549 660 660 1183 3550 661 661 1183 3551 644 644 1184 3552 661 661 1184 3553 645 645 1184 3554 645 645 1185 3555 661 661 1185 3556 662 662 1185 3557 645 645 1186 3558 662 662 1186 3559 646 646 1186 3560 646 646 1187 3561 662 662 1187 3562 663 663 1187 3563 646 646 1188 3564 663 663 1188 3565 647 647 1188 3566 647 647 1189 3567 663 663 1189 3568 664 664 1189 3569 647 647 1190 3570 664 664 1190 3571 648 648 1190 3572 648 648 1191 3573 664 664 1191 3574 665 665 1191 3575 648 648 1192 3576 665 665 1192 3577 649 649 1192 3578 649 649 1193 3579 665 665 1193 3580 666 666 1193 3581 649 649 1194 3582 666 666 1194 3583 650 650 1194 3584 650 650 1195 3585 666 666 1195 3586 667 667 1195 3587 650 650 1196 3588 667 667 1196 3589 651 651 1196 3590 650 650 1197 3591 651 651 1197 3592 635 635 1197 3593 650 650 1198 3594 635 635 1198 3595 671 671 1198 3596 635 635 1199 3597 636 636 1199 3598 672 672 1199 3599 635 635 1200 3600 672 672 1200 3601 671 671 1200 3602 636 636 1201 3603 637 637 1201 3604 672 672 1201 3605 637 637 1202 3606 638 638 1202 3607 672 672 1202 3608 638 638 1203 3609 639 639 1203 3610 668 668 1203 3611 638 638 1204 3612 668 668 1204 3613 672 672 1204 3614 639 639 1205 3615 640 640 1205 3616 668 668 1205 3617 640 640 1206 3618 641 641 1206 3619 668 668 1206 3620 641 641 1207 3621 642 642 1207 3622 668 668 1207 3623 642 642 1208 3624 669 669 1208 3625 668 668 1208 3626 642 642 1209 3627 643 643 1209 3628 669 669 1209 3629 643 643 1210 3630 644 644 1210 3631 669 669 1210 3632 644 644 1211 3633 645 645 1211 3634 670 670 1211 3635 644 644 1212 3636 670 670 1212 3637 669 669 1212 3638 645 645 1213 3639 646 646 1213 3640 670 670 1213 3641 646 646 1214 3642 647 647 1214 3643 670 670 1214 3644 647 647 1215 3645 648 648 1215 3646 670 670 1215 3647 649 649 1216 3648 650 650 1216 3649 671 671 1216 3650 649 649 1217 3651 671 671 1217 3652 648 648 1217 3653 668 668 1218 3654 669 669 1218 3655 672 672 1218 3656 669 669 1219 3657 670 670 1219 3658 672 672 1219 3659 670 670 1220 3660 648 648 1220 3661 672 672 1220 3662 648 648 1221 3663 671 671 1221 3664 672 672 1221 3665 651 651 1222 3666 632 632 1222 3667 652 652 1222 3668 652 652 1223 3669 632 632 1223 3670 653 653 1223 3671 654 654 1224 3672 653 653 1224 3673 632 632 1224 3674 654 654 1225 3675 632 632 1225 3676 673 673 1225 3677 654 654 1226 3678 673 673 1226 3679 655 655 1226 3680 656 656 1227 3681 655 655 1227 3682 673 673 1227 3683 656 656 1228 3684 673 673 1228 3685 674 674 1228 3686 656 656 1229 3687 674 674 1229 3688 657 657 1229 3689 657 657 1230 3690 674 674 1230 3691 658 658 1230 3692 658 658 1231 3693 674 674 1231 3694 659 659 1231 3695 660 660 1232 3696 659 659 1232 3697 674 674 1232 3698 660 660 1233 3699 674 674 1233 3700 633 633 1233 3701 660 660 1234 3702 633 633 1234 3703 661 661 1234 3704 662 662 1235 3705 661 661 1235 3706 633 633 1235 3707 662 662 1236 3708 633 633 1236 3709 675 675 1236 3710 663 663 1237 3711 662 662 1237 3712 675 675 1237 3713 664 664 1238 3714 663 663 1238 3715 675 675 1238 3716 664 664 1239 3717 675 675 1239 3718 666 666 1239 3719 664 664 1240 3720 666 666 1240 3721 665 665 1240 3722 667 667 1241 3723 666 666 1241 3724 651 651 1241 3725 651 651 1242 3726 634 634 1242 3727 632 632 1242 3728 666 666 1243 3729 675 675 1243 3730 634 634 1243 3731 651 651 1244 3732 666 666 1244 3733 634 634 1244 3734 678 678 1245 3735 695 695 1245 3736 696 696 1245 3737 678 678 1246 3738 696 696 1246 3739 679 679 1246 3740 679 679 1247 3741 696 696 1247 3742 697 697 1247 3743 679 679 1248 3744 697 697 1248 3745 680 680 1248 3746 680 680 1249 3747 697 697 1249 3748 698 698 1249 3749 680 680 1250 3750 698 698 1250 3751 681 681 1250 3752 681 681 1251 3753 698 698 1251 3754 699 699 1251 3755 681 681 1252 3756 699 699 1252 3757 682 682 1252 3758 682 682 1253 3759 699 699 1253 3760 683 683 1253 3761 683 683 1254 3762 699 699 1254 3763 700 700 1254 3764 683 683 1255 3765 700 700 1255 3766 684 684 1255 3767 684 684 1256 3768 700 700 1256 3769 701 701 1256 3770 684 684 1257 3771 701 701 1257 3772 685 685 1257 3773 685 685 1258 3774 701 701 1258 3775 702 702 1258 3776 685 685 1259 3777 702 702 1259 3778 686 686 1259 3779 686 686 1260 3780 702 702 1260 3781 703 703 1260 3782 686 686 1261 3783 703 703 1261 3784 687 687 1261 3785 687 687 1262 3786 703 703 1262 3787 704 704 1262 3788 687 687 1263 3789 704 704 1263 3790 688 688 1263 3791 688 688 1264 3792 704 704 1264 3793 705 705 1264 3794 688 688 1265 3795 705 705 1265 3796 689 689 1265 3797 689 689 1266 3798 705 705 1266 3799 706 706 1266 3800 689 689 1267 3801 706 706 1267 3802 690 690 1267 3803 690 690 1268 3804 706 706 1268 3805 707 707 1268 3806 690 690 1269 3807 707 707 1269 3808 691 691 1269 3809 691 691 1270 3810 707 707 1270 3811 692 692 1270 3812 692 692 1271 3813 707 707 1271 3814 708 708 1271 3815 692 692 1272 3816 708 708 1272 3817 693 693 1272 3818 693 693 1273 3819 708 708 1273 3820 709 709 1273 3821 693 693 1274 3822 709 709 1274 3823 694 694 1274 3824 694 694 1275 3825 709 709 1275 3826 710 710 1275 3827 694 694 1276 3828 710 710 1276 3829 695 695 1276 3830 694 694 1277 3831 695 695 1277 3832 678 678 1277 3833 694 694 1278 3834 678 678 1278 3835 714 714 1278 3836 678 678 1279 3837 679 679 1279 3838 711 711 1279 3839 678 678 1280 3840 711 711 1280 3841 714 714 1280 3842 679 679 1281 3843 680 680 1281 3844 711 711 1281 3845 680 680 1282 3846 681 681 1282 3847 711 711 1282 3848 681 681 1283 3849 682 682 1283 3850 683 683 1283 3851 681 681 1284 3852 683 683 1284 3853 711 711 1284 3854 684 684 1285 3855 685 685 1285 3856 712 712 1285 3857 684 684 1286 3858 712 712 1286 3859 683 683 1286 3860 685 685 1287 3861 686 686 1287 3862 712 712 1287 3863 686 686 1288 3864 687 687 1288 3865 712 712 1288 3866 687 687 1289 3867 688 688 1289 3868 712 712 1289 3869 688 688 1290 3870 713 713 1290 3871 712 712 1290 3872 688 688 1291 3873 689 689 1291 3874 713 713 1291 3875 689 689 1292 3876 690 690 1292 3877 713 713 1292 3878 690 690 1293 3879 691 691 1293 3880 715 715 1293 3881 690 690 1294 3882 715 715 1294 3883 713 713 1294 3884 691 691 1295 3885 692 692 1295 3886 715 715 1295 3887 692 692 1296 3888 693 693 1296 3889 715 715 1296 3890 693 693 1297 3891 694 694 1297 3892 714 714 1297 3893 693 693 1298 3894 714 714 1298 3895 715 715 1298 3896 714 714 1299 3897 711 711 1299 3898 715 715 1299 3899 711 711 1300 3900 683 683 1300 3901 715 715 1300 3902 683 683 1301 3903 712 712 1301 3904 715 715 1301 3905 712 712 1302 3906 713 713 1302 3907 715 715 1302 3908 695 695 1303 3909 677 677 1303 3910 696 696 1303 3911 696 696 1304 3912 677 677 1304 3913 717 717 1304 3914 696 696 1305 3915 717 717 1305 3916 697 697 1305 3917 698 698 1306 3918 697 697 1306 3919 717 717 1306 3920 698 698 1307 3921 717 717 1307 3922 699 699 1307 3923 699 699 1308 3924 717 717 1308 3925 718 718 1308 3926 700 700 1309 3927 699 699 1309 3928 718 718 1309 3929 700 700 1310 3930 718 718 1310 3931 701 701 1310 3932 701 701 1311 3933 718 718 1311 3934 702 702 1311 3935 702 702 1312 3936 718 718 1312 3937 716 716 1312 3938 702 702 1313 3939 716 716 1313 3940 703 703 1313 3941 704 704 1314 3942 703 703 1314 3943 716 716 1314 3944 704 704 1315 3945 716 716 1315 3946 676 676 1315 3947 704 704 1316 3948 676 676 1316 3949 705 705 1316 3950 706 706 1317 3951 705 705 1317 3952 676 676 1317 3953 706 706 1318 3954 676 676 1318 3955 719 719 1318 3956 707 707 1319 3957 706 706 1319 3958 719 719 1319 3959 708 708 1320 3960 707 707 1320 3961 719 719 1320 3962 708 708 1321 3963 719 719 1321 3964 709 709 1321 3965 710 710 1322 3966 709 709 1322 3967 677 677 1322 3968 710 710 1323 3969 677 677 1323 3970 695 695 1323 3971 709 709 1324 3972 719 719 1324 3973 677 677 1324 3974 723 723 1325 3975 747 747 1325 3976 748 748 1325 3977 723 723 1326 3978 748 748 1326 3979 724 724 1326 3980 724 724 1327 3981 748 748 1327 3982 749 749 1327 3983 724 724 1328 3984 749 749 1328 3985 725 725 1328 3986 725 725 1329 3987 749 749 1329 3988 750 750 1329 3989 725 725 1330 3990 750 750 1330 3991 726 726 1330 3992 726 726 1331 3993 750 750 1331 3994 751 751 1331 3995 726 726 1332 3996 751 751 1332 3997 727 727 1332 3998 727 727 1333 3999 751 751 1333 4000 752 752 1333 4001 727 727 1334 4002 752 752 1334 4003 728 728 1334 4004 728 728 1335 4005 752 752 1335 4006 753 753 1335 4007 728 728 1336 4008 753 753 1336 4009 729 729 1336 4010 729 729 1337 4011 753 753 1337 4012 754 754 1337 4013 729 729 1338 4014 754 754 1338 4015 730 730 1338 4016 730 730 1339 4017 754 754 1339 4018 755 755 1339 4019 730 730 1340 4020 755 755 1340 4021 731 731 1340 4022 731 731 1341 4023 755 755 1341 4024 756 756 1341 4025 731 731 1342 4026 756 756 1342 4027 732 732 1342 4028 732 732 1343 4029 756 756 1343 4030 757 757 1343 4031 732 732 1344 4032 757 757 1344 4033 733 733 1344 4034 733 733 1345 4035 757 757 1345 4036 758 758 1345 4037 733 733 1346 4038 758 758 1346 4039 734 734 1346 4040 734 734 1347 4041 758 758 1347 4042 759 759 1347 4043 734 734 1348 4044 759 759 1348 4045 735 735 1348 4046 735 735 1349 4047 759 759 1349 4048 760 760 1349 4049 735 735 1350 4050 760 760 1350 4051 736 736 1350 4052 736 736 1351 4053 760 760 1351 4054 761 761 1351 4055 736 736 1352 4056 761 761 1352 4057 737 737 1352 4058 737 737 1353 4059 761 761 1353 4060 762 762 1353 4061 737 737 1354 4062 762 762 1354 4063 738 738 1354 4064 738 738 1355 4065 762 762 1355 4066 763 763 1355 4067 738 738 1356 4068 763 763 1356 4069 739 739 1356 4070 739 739 1357 4071 763 763 1357 4072 764 764 1357 4073 739 739 1358 4074 764 764 1358 4075 740 740 1358 4076 740 740 1359 4077 764 764 1359 4078 765 765 1359 4079 740 740 1360 4080 765 765 1360 4081 741 741 1360 4082 741 741 1361 4083 765 765 1361 4084 766 766 1361 4085 741 741 1362 4086 766 766 1362 4087 742 742 1362 4088 742 742 1363 4089 766 766 1363 4090 767 767 1363 4091 742 742 1364 4092 767 767 1364 4093 743 743 1364 4094 743 743 1365 4095 767 767 1365 4096 768 768 1365 4097 743 743 1366 4098 768 768 1366 4099 744 744 1366 4100 744 744 1367 4101 768 768 1367 4102 769 769 1367 4103 744 744 1368 4104 769 769 1368 4105 745 745 1368 4106 745 745 1369 4107 769 769 1369 4108 770 770 1369 4109 745 745 1370 4110 770 770 1370 4111 746 746 1370 4112 746 746 1371 4113 770 770 1371 4114 747 747 1371 4115 746 746 1372 4116 747 747 1372 4117 723 723 1372 4118 745 745 1373 4119 746 746 1373 4120 776 776 1373 4121 746 746 1374 4122 723 723 1374 4123 771 771 1374 4124 746 746 1375 4125 771 771 1375 4126 776 776 1375 4127 723 723 1376 4128 724 724 1376 4129 771 771 1376 4130 724 724 1377 4131 725 725 1377 4132 771 771 1377 4133 725 725 1378 4134 726 726 1378 4135 771 771 1378 4136 726 726 1379 4137 727 727 1379 4138 771 771 1379 4139 728 728 1380 4140 729 729 1380 4141 772 772 1380 4142 728 728 1381 4143 772 772 1381 4144 727 727 1381 4145 729 729 1382 4146 730 730 1382 4147 772 772 1382 4148 730 730 1383 4149 731 731 1383 4150 772 772 1383 4151 731 731 1384 4152 732 732 1384 4153 772 772 1384 4154 732 732 1385 4155 733 733 1385 4156 773 773 1385 4157 732 732 1386 4158 773 773 1386 4159 772 772 1386 4160 733 733 1387 4161 734 734 1387 4162 773 773 1387 4163 734 734 1388 4164 735 735 1388 4165 773 773 1388 4166 735 735 1389 4167 736 736 1389 4168 774 774 1389 4169 735 735 1390 4170 774 774 1390 4171 773 773 1390 4172 736 736 1391 4173 737 737 1391 4174 774 774 1391 4175 737 737 1392 4176 738 738 1392 4177 774 774 1392 4178 738 738 1393 4179 739 739 1393 4180 774 774 1393 4181 739 739 1394 4182 740 740 1394 4183 774 774 1394 4184 740 740 1395 4185 741 741 1395 4186 775 775 1395 4187 740 740 1396 4188 775 775 1396 4189 774 774 1396 4190 741 741 1397 4191 742 742 1397 4192 775 775 1397 4193 742 742 1398 4194 743 743 1398 4195 775 775 1398 4196 743 743 1399 4197 744 744 1399 4198 776 776 1399 4199 743 743 1400 4200 776 776 1400 4201 775 775 1400 4202 744 744 1401 4203 745 745 1401 4204 776 776 1401 4205 776 776 1402 4206 771 771 1402 4207 777 777 1402 4208 771 771 1403 4209 727 727 1403 4210 777 777 1403 4211 727 727 1404 4212 772 772 1404 4213 777 777 1404 4214 772 772 1405 4215 773 773 1405 4216 777 777 1405 4217 773 773 1406 4218 774 774 1406 4219 777 777 1406 4220 774 774 1407 4221 775 775 1407 4222 777 777 1407 4223 775 775 1408 4224 776 776 1408 4225 777 777 1408 4226 747 747 1409 4227 720 720 1409 4228 748 748 1409 4229 748 748 1410 4230 720 720 1410 4231 778 778 1410 4232 748 748 1411 4233 778 778 1411 4234 749 749 1411 4235 749 749 1412 4236 778 778 1412 4237 750 750 1412 4238 751 751 1413 4239 750 750 1413 4240 778 778 1413 4241 751 751 1414 4242 778 778 1414 4243 721 721 1414 4244 751 751 1415 4245 721 721 1415 4246 752 752 1415 4247 752 752 1416 4248 721 721 1416 4249 753 753 1416 4250 753 753 1417 4251 721 721 1417 4252 722 722 1417 4253 753 753 1418 4254 722 722 1418 4255 754 754 1418 4256 755 755 1419 4257 754 754 1419 4258 722 722 1419 4259 755 755 1420 4260 722 722 1420 4261 756 756 1420 4262 756 756 1421 4263 722 722 1421 4264 779 779 1421 4265 756 756 1422 4266 779 779 1422 4267 757 757 1422 4268 757 757 1423 4269 779 779 1423 4270 758 758 1423 4271 758 758 1424 4272 779 779 1424 4273 759 759 1424 4274 760 760 1425 4275 759 759 1425 4276 779 779 1425 4277 760 760 1426 4278 779 779 1426 4279 780 780 1426 4280 760 760 1427 4281 780 780 1427 4282 761 761 1427 4283 761 761 1428 4284 780 780 1428 4285 781 781 1428 4286 761 761 1429 4287 781 781 1429 4288 762 762 1429 4289 763 763 1430 4290 762 762 1430 4291 781 781 1430 4292 763 763 1431 4293 781 781 1431 4294 782 782 1431 4295 763 763 1432 4296 782 782 1432 4297 764 764 1432 4298 765 765 1433 4299 764 764 1433 4300 782 782 1433 4301 765 765 1434 4302 782 782 1434 4303 766 766 1434 4304 767 767 1435 4305 766 766 1435 4306 782 782 1435 4307 767 767 1436 4308 782 782 1436 4309 783 783 1436 4310 767 767 1437 4311 783 783 1437 4312 768 768 1437 4313 769 769 1438 4314 768 768 1438 4315 783 783 1438 4316 770 770 1439 4317 769 769 1439 4318 783 783 1439 4319 770 770 1440 4320 783 783 1440 4321 720 720 1440 4322 770 770 1441 4323 720 720 1441 4324 747 747 1441 4325 778 778 1442 4326 720 720 1442 4327 721 721 1442 4328 779 779 1443 4329 722 722 1443 4330 780 780 1443 4331 782 782 1444 4332 781 781 1444 4333 780 780 1444 4334 43 43 1445 4335 0 0 1445 4336 40 40 1445 4337 43 43 1446 4338 42 42 1446 4339 0 0 1446 4340 42 42 1447 4341 41 41 1447 4342 0 0 1447 4343 87 87 1448 4344 44 44 1448 4345 84 84 1448 4346 87 87 1449 4347 86 86 1449 4348 44 44 1449 4349 86 86 1450 4350 85 85 1450 4351 44 44 1450 4352 134 134 1451 4353 88 88 1451 4354 131 131 1451 4355 134 134 1452 4356 133 133 1452 4357 88 88 1452 4358 133 133 1453 4359 132 132 1453 4360 88 88 1453 4361 179 179 1454 4362 135 135 1454 4363 176 176 1454 4364 179 179 1455 4365 178 178 1455 4366 135 135 1455 4367 178 178 1456 4368 177 177 1456 4369 135 135 1456 4370 223 223 1457 4371 180 180 1457 4372 220 220 1457 4373 223 223 1458 4374 222 222 1458 4375 180 180 1458 4376 222 222 1459 4377 221 221 1459 4378 180 180 1459 4379 269 269 1460 4380 224 224 1460 4381 266 266 1460 4382 269 269 1461 4383 268 268 1461 4384 224 224 1461 4385 268 268 1462 4386 267 267 1462 4387 224 224 1462 4388 314 314 1463 4389 270 270 1463 4390 311 311 1463 4391 314 314 1464 4392 313 313 1464 4393 270 270 1464 4394 313 313 1465 4395 312 312 1465 4396 270 270 1465 4397 359 359 1466 4398 315 315 1466 4399 356 356 1466 4400 359 359 1467 4401 358 358 1467 4402 315 315 1467 4403 358 358 1468 4404 357 357 1468 4405 315 315 1468 4406 403 403 1469 4407 360 360 1469 4408 400 400 1469 4409 403 403 1470 4410 402 402 1470 4411 360 360 1470 4412 402 402 1471 4413 401 401 1471 4414 360 360 1471 4415 449 449 1472 4416 406 406 1472 4417 405 405 1472 4418 449 449 1473 4419 404 404 1473 4420 406 406 1473 4421 449 449 1474 4422 448 448 1474 4423 404 404 1474 4424 448 448 1475 4425 447 447 1475 4426 404 404 1475 4427 495 495 1476 4428 450 450 1476 4429 492 492 1476 4430 495 495 1477 4431 494 494 1477 4432 450 450 1477 4433 494 494 1478 4434 493 493 1478 4435 450 450 1478 4436 541 541 1479 4437 496 496 1479 4438 538 538 1479 4439 541 541 1480 4440 540 540 1480 4441 496 496 1480 4442 540 540 1481 4443 539 539 1481 4444 496 496 1481 4445 586 586 1482 4446 542 542 1482 4447 583 583 1482 4448 586 586 1483 4449 585 585 1483 4450 542 542 1483 4451 585 585 1484 4452 584 584 1484 4453 542 542 1484 4454 631 631 1485 4455 627 627 1485 4456 587 587 1485 4457 631 631 1486 4458 630 630 1486 4459 627 627 1486 4460 630 630 1487 4461 629 629 1487 4462 627 627 1487 4463 632 632 1488 4464 674 674 1488 4465 673 673 1488 4466 632 632 1489 4467 634 634 1489 4468 674 674 1489 4469 634 634 1490 4470 633 633 1490 4471 674 674 1490 4472 634 634 1491 4473 675 675 1491 4474 633 633 1491 4475 717 717 1492 4476 716 716 1492 4477 718 718 1492 4478 717 717 1493 4479 677 677 1493 4480 716 716 1493 4481 677 677 1494 4482 676 676 1494 4483 716 716 1494 4484 677 677 1495 4485 719 719 1495 4486 676 676 1495 4487 780 780 1496 4488 783 783 1496 4489 782 782 1496 4490 780 780 1497 4491 720 720 1497 4492 783 783 1497 4493 780 780 1498 4494 722 722 1498 4495 720 720 1498 4496 722 722 1499 4497 721 721 1499 4498 720 720 1499 4499</p>
                </triangles>
            </mesh>
        </geometry>
    </library_geometries>
    <library_visual_scenes>
        <visual_scene id="VisualSceneNode" name="VisualScene">
            <node id="node" name="node">
                <instance_geometry url="#shape0-lib">
                    <bind_material>
                        <technique_common>
                            <instance_material symbol="material0" target="#material0">
                                <bind_vertex_input semantic="UVSET0" input_semantic="TEXCOORD"/>
                            </instance_material>
                        </technique_common>
                    </bind_material>
                </instance_geometry>
            </node>
        </visual_scene>
    </library_visual_scenes>
    <scene>
        <instance_visual_scene url="#VisualSceneNode"/>
    </scene>
</COLLADA>
